,V1,V2,V3,V4
0,-1.1082876274104168,5.19933758270342,5.19933758270342,5.19933758270342
1,-5.199337582605575,1.3851803663650948,1.3851803663650948,0.0033555997038263313
2,-2.2555889554631765,1.726055939849248,1.726055939849248,0.2301973507935623
3,-1.1082876274104168,1.9876168347535637,1.9876168347535637,0.5344375838976175
4,-2.2555889554631765,2.2148004881326386,2.2148004881326386,1.478688598572907
5,-0.32792034883818755,0.04867531852830274,0.04867531852830274,-1.3551551232160652
6,-1.1082876274104168,0.6483886629622243,0.6483886629622243,-0.8081410811231967
7,-2.2555889554631765,1.2907593179595467,1.2907593179595467,0.2301973507935623
8,-1.1082876274104168,0.9488357624571074,0.9488357624571074,-0.34745926181929826
9,-0.04867531852830274,3.0025390548543385,3.0025390548543385,5.19933758270342
10,-0.32792034883818755,2.142808057509213,2.142808057509213,0.9050066817354775
11,-5.199337582605575,-0.2044283963430814,-0.2044283963430814,-1.3551551232160652
12,-1.1082876274104168,1.0511870476167453,1.0511870476167453,0.0033555997038263313
13,-2.2555889554631765,1.3851803663650948,1.3851803663650948,0.613582427517532
14,-1.1082876274104168,0.4603741900129792,0.4603741900129792,-0.7032054700151432
15,-1.1082876274104168,0.2578542283830443,0.2578542283830443,-1.0084197154725856
16,-1.1082876274104168,1.488776681367655,1.488776681367655,0.6401295897359268
17,-1.1082876274104168,1.59321881802305,1.59321881802305,0.6587751599009913
18,-1.1082876274104168,0.4603741900129792,0.4603741900129792,-0.7032054700151432
19,-1.1082876274104168,-0.2044283963430814,-0.2044283963430814,-1.3551551232160652
20,-1.1082876274104168,-0.2044283963430814,-0.2044283963430814,-1.3551551232160652
21,-0.32792034883818755,1.1626293443470188,1.1626293443470188,0.0033555997038263313
22,-1.1082876274104168,0.4603741900129792,0.4603741900129792,-0.5914531048719768
23,-1.1082876274104168,0.4603741900129792,0.4603741900129792,-0.5914531048719768
24,0.05707606200055794,0.9488357624571074,0.9488357624571074,-0.5914531048719768
25,-0.32792034883818755,1.488776681367655,1.488776681367655,0.4270484445598882
26,-0.32792034883818755,0.4603741900129792,0.4603741900129792,-0.8081410811231967
27,-0.32792034883818755,1.2907593179595467,1.2907593179595467,0.16347144322835205
28,-0.32792034883818755,0.2578542283830443,0.2578542283830443,-1.0084197154725856
29,-0.32792034883818755,0.8104689864066473,0.8104689864066473,-0.4142174552999704
30,-2.2555889554631765,1.488776681367655,1.488776681367655,0.9050066817354775
31,-0.32792034883818755,1.0511870476167453,1.0511870476167453,0.0033555997038263313
32,-0.32792034883818755,1.0511870476167453,1.0511870476167453,0.0033555997038263313
33,-0.32792034883818755,0.9488357624571074,0.9488357624571074,-0.126168691846047
34,-1.1082876274104168,1.726055939849248,1.726055939849248,1.074802443883492
35,-1.1082876274104168,0.8104689864066473,0.8104689864066473,0.0033555997038263313
36,-1.1082876274104168,1.2907593179595467,1.2907593179595467,0.613582427517532
37,-0.32792034883818755,0.4603741900129792,0.4603741900129792,-0.5914531048719768
38,-1.1082876274104168,1.488776681367655,1.488776681367655,0.8459325705724284
39,-0.32792034883818755,0.6483886629622243,0.6483886629622243,-0.34745926181929826
40,-1.1082876274104168,1.3851803663650948,1.3851803663650948,0.8198249064581448
41,-1.1082876274104168,0.2578542283830443,0.2578542283830443,-0.5914531048719768
42,-1.1082876274104168,0.2578542283830443,0.2578542283830443,-0.5914531048719768
43,-1.1082876274104168,0.2578542283830443,0.2578542283830443,-0.5914531048719768
44,-0.32792034883818755,1.9876168347535637,1.9876168347535637,1.1398453503028376
45,-0.32792034883818755,0.9488357624571074,0.9488357624571074,0.0033555997038263313
46,-1.1082876274104168,0.9488357624571074,0.9488357624571074,0.2839625380250265
47,-1.1082876274104168,-0.5656675291596699,-0.5656675291596699,-5.199337582605575
48,-1.1082876274104168,-0.5656675291596699,-0.5656675291596699,-5.199337582605575
49,-1.1082876274104168,-0.5656675291596699,-0.5656675291596699,-5.199337582605575
50,-1.1082876274104168,1.1626293443470188,1.1626293443470188,0.5715841317042343
51,-1.1082876274104168,1.1626293443470188,1.1626293443470188,0.5715841317042343
52,-1.1082876274104168,0.4603741900129792,0.4603741900129792,-0.34745926181929826
53,-1.1082876274104168,1.2907593179595467,1.2907593179595467,0.7669592295027953
54,-0.32792034883818755,0.2578542283830443,0.2578542283830443,-0.8081410811231967
55,-0.32792034883818755,1.9414077802714576,1.9414077802714576,1.1398453503028376
56,-0.32792034883818755,0.8104689864066473,0.8104689864066473,-0.126168691846047
57,-1.1082876274104168,0.6483886629622243,0.6483886629622243,0.0033555997038263313
58,-1.1082876274104168,1.726055939849248,1.726055939849248,1.59321881802305
59,-0.6483886629622243,0.4603741900129792,0.4603741900129792,-0.4142174552999704
60,-1.1082876274104168,0.6483886629622243,0.6483886629622243,0.06884400719159312
61,-1.1082876274104168,0.8104689864066473,0.8104689864066473,0.2301973507935623
62,-1.1082876274104168,1.0511870476167453,1.0511870476167453,0.6587751599009913
63,-0.32792034883818755,0.2578542283830443,0.2578542283830443,-0.5914531048719768
64,-1.1082876274104168,-0.2044283963430814,-0.2044283963430814,-1.1270874980635182
65,-0.6483886629622243,1.726055939849248,1.726055939849248,1.3142710080401114
66,-1.1082876274104168,0.04867531852830274,0.04867531852830274,-0.8081410811231967
67,-5.199337582605575,-0.5656675291596699,-0.5656675291596699,-1.3551551232160652
68,-0.32792034883818755,0.6483886629622243,0.6483886629622243,-0.18903302344034484
69,-2.2555889554631765,0.9488357624571074,0.9488357624571074,0.7139885326250074
70,-1.1082876274104168,0.04867531852830274,0.04867531852830274,-0.5914531048719768
71,-1.1082876274104168,0.04867531852830274,0.04867531852830274,-0.5914531048719768
72,-0.32792034883818755,1.8693103288391253,1.8693103288391253,1.2277393063810706
73,-1.1082876274104168,-0.5656675291596699,-0.5656675291596699,-1.3551551232160652
74,-1.1082876274104168,-0.5656675291596699,-0.5656675291596699,-1.3551551232160652
75,-1.1082876274104168,-0.5656675291596699,-0.5656675291596699,-1.3551551232160652
76,-1.1082876274104168,0.04867531852830274,0.04867531852830274,-0.5914531048719768
77,-1.1082876274104168,-0.5656675291596699,-0.5656675291596699,-1.3551551232160652
78,-1.1082876274104168,-0.5656675291596699,-0.5656675291596699,-1.3551551232160652
79,-1.1082876274104168,-0.5656675291596699,-0.5656675291596699,-1.3551551232160652
80,-0.32792034883818755,0.4603741900129792,0.4603741900129792,-0.2682754752050378
81,-1.1082876274104168,0.04867531852830274,0.04867531852830274,-0.5914531048719768
82,-1.1082876274104168,0.04867531852830274,0.04867531852830274,-0.5914531048719768
83,-1.1082876274104168,0.04867531852830274,0.04867531852830274,-0.5914531048719768
84,-1.1082876274104168,0.4603741900129792,0.4603741900129792,0.0033555997038263313
85,-1.1082876274104168,0.4603741900129792,0.4603741900129792,0.0033555997038263313
86,-0.32792034883818755,-0.5656675291596699,-0.5656675291596699,-1.3551551232160652
87,-0.32792034883818755,-0.5656675291596699,-0.5656675291596699,-1.3551551232160652
88,-0.32792034883818755,-0.5656675291596699,-0.5656675291596699,-1.3551551232160652
89,-1.1082876274104168,0.6483886629622243,0.6483886629622243,0.2301973507935623
90,-0.32792034883818755,-0.5656675291596699,-0.5656675291596699,-1.3551551232160652
91,-0.32792034883818755,-0.5656675291596699,-0.5656675291596699,-1.3551551232160652
92,-0.32792034883818755,-0.5656675291596699,-0.5656675291596699,-1.3551551232160652
93,-0.32792034883818755,-0.5656675291596699,-0.5656675291596699,-1.3551551232160652
94,0.40327356302040424,1.1626293443470188,1.1626293443470188,-0.2682754752050378
95,-0.32792034883818755,0.6483886629622243,0.6483886629622243,0.0033555997038263313
96,-0.6483886629622243,1.8693103288391253,1.8693103288391253,1.733546042663166
97,-0.32792034883818755,0.9488357624571074,0.9488357624571074,0.3367857087673687
98,-0.32792034883818755,0.04867531852830274,0.04867531852830274,-0.8081410811231967
99,-0.04867531852830274,0.6483886629622243,0.6483886629622243,-0.126168691846047
100,-0.32792034883818755,0.8104689864066473,0.8104689864066473,0.16347144322835205
101,-1.1082876274104168,1.3851803663650948,1.3851803663650948,1.4119482675011186
102,-0.32792034883818755,0.9488357624571074,0.9488357624571074,0.4270484445598882
103,-1.1082876274104168,0.2578542283830443,0.2578542283830443,-0.126168691846047
104,-1.1082876274104168,0.2578542283830443,0.2578542283830443,-0.126168691846047
105,-0.03188353845960559,1.8693103288391253,1.8693103288391253,1.1826502436839719
106,-5.199337582605575,0.8104689864066473,0.8104689864066473,0.9567606345497844
107,-0.6483886629622243,0.2578542283830443,0.2578542283830443,-0.126168691846047
108,-1.1082876274104168,-0.2044283963430814,-0.2044283963430814,-0.8081410811231967
109,-1.1082876274104168,1.0511870476167453,1.0511870476167453,1.074802443883492
110,-0.32792034883818755,0.2578542283830443,0.2578542283830443,-0.2682754752050378
111,-0.32792034883818755,0.9488357624571074,0.9488357624571074,0.5715841317042343
112,-0.32792034883818755,0.2578542283830443,0.2578542283830443,-0.2682754752050378
113,-0.32792034883818755,0.8104689864066473,0.8104689864066473,0.4270484445598882
114,-1.1082876274104168,1.2907593179595467,1.2907593179595467,1.6238038848900063
115,0.24573131741010484,2.2148004881326386,2.2148004881326386,1.074802443883492
116,-1.1082876274104168,0.6483886629622243,0.6483886629622243,0.5715841317042343
117,-0.32792034883818755,1.1626293443470188,1.1626293443470188,0.9890803544408115
118,-2.2555889554631765,0.6483886629622243,0.6483886629622243,0.8459325705724284
119,-1.1082876274104168,1.1626293443470188,1.1626293443470188,1.5640554304822154
120,-1.1082876274104168,-0.2044283963430814,-0.2044283963430814,-0.5914531048719768
121,-0.32792034883818755,0.2578542283830443,0.2578542283830443,-0.126168691846047
122,-1.1082876274104168,0.4603741900129792,0.4603741900129792,0.47534912123239503
123,-1.1082876274104168,0.2578542283830443,0.2578542283830443,0.12447766742185866
124,-1.1082876274104168,0.04867531852830274,0.04867531852830274,-0.126168691846047
125,-1.1082876274104168,0.2578542283830443,0.2578542283830443,0.16347144322835205
126,-0.32792034883818755,0.8104689864066473,0.8104689864066473,0.5715841317042343
127,-1.1082876274104168,0.04867531852830274,0.04867531852830274,-0.126168691846047
128,-0.32792034883818755,0.8104689864066473,0.8104689864066473,0.6401295897359268
129,-1.1082876274104168,-0.5656675291596699,-0.5656675291596699,-1.105192224778622
130,-0.32792034883818755,0.2578542283830443,0.2578542283830443,0.0033555997038263313
131,-1.1082876274104168,1.2907593179595467,1.2907593179595467,2.1597784333386496
132,-1.1082876274104168,-0.5656675291596699,-0.5656675291596699,-1.105192224778622
133,-0.32792034883818755,0.4603741900129792,0.4603741900129792,0.2301973507935623
134,-1.1082876274104168,1.1626293443470188,1.1626293443470188,1.8889220397410433
135,-1.1082876274104168,-0.2044283963430814,-0.2044283963430814,-0.4734714841261106
136,-1.1082876274104168,0.2578542283830443,0.2578542283830443,0.292707614370386
137,-1.1082876274104168,1.2907593179595467,1.2907593179595467,5.19933758270342
138,0.05707606200055794,0.2578542283830443,0.2578542283830443,-0.4734714841261106
139,-1.1082876274104168,-0.5656675291596699,-0.5656675291596699,-1.0084197154725856
140,-1.1082876274104168,0.9488357624571074,0.9488357624571074,1.3142710080401114
141,-0.04867531852830274,1.488776681367655,1.488776681367655,1.733546042663166
142,-0.32792034883818755,-0.2044283963430814,-0.2044283963430814,-0.5914531048719768
143,-0.32792034883818755,-0.2044283963430814,-0.2044283963430814,-0.5914531048719768
144,-0.32792034883818755,-0.5656675291596699,-0.5656675291596699,-1.1270874980635182
145,-0.32792034883818755,-0.2044283963430814,-0.2044283963430814,-0.5914531048719768
146,-0.03188353845960559,-0.2044283963430814,-0.2044283963430814,-0.8081410811231967
147,-1.1082876274104168,-0.5656675291596699,-0.5656675291596699,-1.0084197154725856
148,-1.1082876274104168,-0.5656675291596699,-0.5656675291596699,-1.0084197154725856
149,-1.1082876274104168,-0.5656675291596699,-0.5656675291596699,-1.0084197154725856
150,-1.1082876274104168,0.6483886629622243,0.6483886629622243,0.9050066817354775
151,-0.32792034883818755,0.4603741900129792,0.4603741900129792,0.3887562158823865
152,-0.32792034883818755,1.1626293443470188,1.1626293443470188,1.530727800152624
153,-1.1082876274104168,-5.199337582605575,-5.199337582605575,-5.199337582605575
154,-1.1082876274104168,-5.199337582605575,-5.199337582605575,-5.199337582605575
155,-1.1082876274104168,-5.199337582605575,-5.199337582605575,-5.199337582605575
156,-1.1082876274104168,-5.199337582605575,-5.199337582605575,-5.199337582605575
157,-1.1082876274104168,-5.199337582605575,-5.199337582605575,-5.199337582605575
158,-1.1082876274104168,-5.199337582605575,-5.199337582605575,-5.199337582605575
159,-1.1082876274104168,-5.199337582605575,-5.199337582605575,-5.199337582605575
160,-1.1082876274104168,-5.199337582605575,-5.199337582605575,-5.199337582605575
161,-1.1082876274104168,-5.199337582605575,-5.199337582605575,-5.199337582605575
162,-1.1082876274104168,-5.199337582605575,-5.199337582605575,-5.199337582605575
163,-1.1082876274104168,-5.199337582605575,-5.199337582605575,-5.199337582605575
164,-1.1082876274104168,-5.199337582605575,-5.199337582605575,-5.199337582605575
165,-1.1082876274104168,-5.199337582605575,-5.199337582605575,-5.199337582605575
166,-1.1082876274104168,-5.199337582605575,-5.199337582605575,-5.199337582605575
167,-1.1082876274104168,-5.199337582605575,-5.199337582605575,-5.199337582605575
168,-1.1082876274104168,-5.199337582605575,-5.199337582605575,-5.199337582605575
169,-1.1082876274104168,-5.199337582605575,-5.199337582605575,-5.199337582605575
170,-1.1082876274104168,-5.199337582605575,-5.199337582605575,-5.199337582605575
171,-1.1082876274104168,-5.199337582605575,-5.199337582605575,-5.199337582605575
172,-1.1082876274104168,-5.199337582605575,-5.199337582605575,-5.199337582605575
173,-1.1082876274104168,-5.199337582605575,-5.199337582605575,-5.199337582605575
174,-1.1082876274104168,-5.199337582605575,-5.199337582605575,-5.199337582605575
175,0.24573131741010484,1.0511870476167453,1.0511870476167453,0.2301973507935623
176,0.24573131741010484,0.04867531852830274,0.04867531852830274,-0.5914531048719768
177,-0.32792034883818755,0.2578542283830443,0.2578542283830443,0.12447766742185866
178,-0.32792034883818755,0.4603741900129792,0.4603741900129792,0.47534912123239503
179,-1.1082876274104168,-0.2044283963430814,-0.2044283963430814,-0.34745926181929826
180,-0.32792034883818755,0.04867531852830274,0.04867531852830274,-0.126168691846047
181,0.09578065836041595,0.04867531852830274,0.04867531852830274,-0.5914531048719768
182,-1.1082876274104168,0.04867531852830274,0.04867531852830274,0.2301973507935623
183,-0.32792034883818755,1.2907593179595467,1.2907593179595467,1.8889220397410433
184,0.4233753604408381,0.8104689864066473,0.8104689864066473,-0.126168691846047
185,0.24573131741010484,0.9488357624571074,0.9488357624571074,0.12447766742185866
186,-0.32792034883818755,0.2578542283830443,0.2578542283830443,0.16347144322835205
187,-0.32792034883818755,0.04867531852830274,0.04867531852830274,-0.126168691846047
188,0.013422776680677605,1.59321881802305,1.59321881802305,1.478688598572907
189,-0.32792034883818755,0.2578542283830443,0.2578542283830443,0.2301973507935623
190,-0.32792034883818755,0.6483886629622243,0.6483886629622243,0.7669592295027953
191,-0.32792034883818755,0.6483886629622243,0.6483886629622243,0.7669592295027953
192,-1.1082876274104168,0.04867531852830274,0.04867531852830274,0.2301973507935623
193,0.24573131741010484,1.1626293443470188,1.1626293443470188,0.49991460567613505
194,-1.1082876274104168,-0.5656675291596699,-0.5656675291596699,-0.8081410811231967
195,-1.1082876274104168,0.2578542283830443,0.2578542283830443,0.613582427517532
196,0.05707606200055794,0.8104689864066473,0.8104689864066473,0.3367857087673687
197,-0.32792034883818755,0.4603741900129792,0.4603741900129792,0.613582427517532
198,0.24573131741010484,0.6483886629622243,0.6483886629622243,0.06884400719159312
199,0.05707606200055794,0.9488357624571074,0.9488357624571074,0.5344375838976175
200,-0.32792034883818755,0.4603741900129792,0.4603741900129792,0.7669592295027953
201,-0.32792034883818755,0.6483886629622243,0.6483886629622243,0.9050066817354775
202,-0.03188353845960559,-0.5656675291596699,-0.5656675291596699,-1.0084197154725856
203,-0.32792034883818755,0.6483886629622243,0.6483886629622243,0.9050066817354775
204,0.24573131741010484,0.9488357624571074,0.9488357624571074,0.3367857087673687
205,0.24573131741010484,0.4603741900129792,0.4603741900129792,-0.126168691846047
206,-1.1082876274104168,-0.5656675291596699,-0.5656675291596699,-0.5914531048719768
207,-1.1082876274104168,0.6483886629622243,0.6483886629622243,1.4119482675011186
208,0.24573131741010484,0.4603741900129792,0.4603741900129792,-0.06379952969809495
209,0.24573131741010484,-0.2044283963430814,-0.2044283963430814,-0.8081410811231967
210,-0.32792034883818755,-5.199337582605575,-5.199337582605575,-1.3551551232160652
211,-0.32792034883818755,-5.199337582605575,-5.199337582605575,-1.3551551232160652
212,-0.32792034883818755,-5.199337582605575,-5.199337582605575,-1.3551551232160652
213,-0.32792034883818755,-5.199337582605575,-5.199337582605575,-1.3551551232160652
214,-0.32792034883818755,-5.199337582605575,-5.199337582605575,-1.3551551232160652
215,-0.32792034883818755,-5.199337582605575,-5.199337582605575,-1.3551551232160652
216,-0.32792034883818755,-5.199337582605575,-5.199337582605575,-1.3551551232160652
217,-0.32792034883818755,-5.199337582605575,-5.199337582605575,-1.3551551232160652
218,-0.32792034883818755,-5.199337582605575,-5.199337582605575,-1.3551551232160652
219,-0.32792034883818755,-5.199337582605575,-5.199337582605575,-1.3551551232160652
220,-0.32792034883818755,-5.199337582605575,-5.199337582605575,-1.3551551232160652
221,-0.32792034883818755,-5.199337582605575,-5.199337582605575,-1.3551551232160652
222,-0.32792034883818755,-5.199337582605575,-5.199337582605575,-1.3551551232160652
223,-0.32792034883818755,-5.199337582605575,-5.199337582605575,-1.3551551232160652
224,-0.32792034883818755,-5.199337582605575,-5.199337582605575,-1.3551551232160652
225,-0.32792034883818755,-5.199337582605575,-5.199337582605575,-1.3551551232160652
226,-0.32792034883818755,-5.199337582605575,-5.199337582605575,-1.3551551232160652
227,-0.32792034883818755,-0.2044283963430814,-0.2044283963430814,-0.20100314128903082
228,-0.32792034883818755,-5.199337582605575,-5.199337582605575,-1.3551551232160652
229,-0.32792034883818755,-5.199337582605575,-5.199337582605575,-1.3551551232160652
230,-0.32792034883818755,-5.199337582605575,-5.199337582605575,-1.3551551232160652
231,-0.32792034883818755,-5.199337582605575,-5.199337582605575,-1.3551551232160652
232,-0.32792034883818755,-5.199337582605575,-5.199337582605575,-1.3551551232160652
233,0.09578065836041595,0.8104689864066473,0.8104689864066473,0.3887562158823865
234,0.5775208113219115,0.6483886629622243,0.6483886629622243,-0.126168691846047
235,0.013422776680677605,1.0511870476167453,1.0511870476167453,1.0281437883008067
236,0.24573131741010484,-0.2044283963430814,-0.2044283963430814,-0.7032054700151432
237,-0.32792034883818755,-0.5656675291596699,-0.5656675291596699,-0.8081410811231967
238,-1.1082876274104168,0.04867531852830274,0.04867531852830274,0.5094429647397271
239,0.013422776680677605,0.9488357624571074,0.9488357624571074,0.9050066817354775
240,0.013422776680677605,0.8104689864066473,0.8104689864066473,0.7669592295027953
241,0.24573131741010484,2.095297232809091,2.095297232809091,5.19933758270342
242,-0.32792034883818755,-0.2044283963430814,-0.2044283963430814,-0.18903302344034484
243,0.24573131741010484,1.8693103288391253,1.8693103288391253,1.5640554304822154
244,0.05707606200055794,-0.5656675291596699,-0.5656675291596699,-1.0084197154725856
245,-0.32792034883818755,0.2578542283830443,0.2578542283830443,0.5715841317042343
246,0.24573131741010484,1.2907593179595467,1.2907593179595467,0.9050066817354775
247,-0.010066950253457848,1.2907593179595467,1.2907593179595467,1.733546042663166
248,0.24573131741010484,-0.5656675291596699,-0.5656675291596699,-1.0084197154725856
249,0.24573131741010484,-0.5656675291596699,-0.5656675291596699,-1.0084197154725856
250,0.24573131741010484,-0.5656675291596699,-0.5656675291596699,-1.0084197154725856
251,-1.1082876274104168,0.4603741900129792,0.4603741900129792,1.359369751865267
252,0.24573131741010484,0.8104689864066473,0.8104689864066473,0.47534912123239503
253,0.24573131741010484,-0.2044283963430814,-0.2044283963430814,-0.5914531048719768
254,0.40327356302040424,1.3851803663650948,1.3851803663650948,0.9567606345497844
255,-1.1082876274104168,-0.2044283963430814,-0.2044283963430814,0.2301973507935623
256,0.89244345544886,0.8104689864066473,0.8104689864066473,0.0033555997038263313
257,0.24573131741010484,0.6483886629622243,0.6483886629622243,0.292707614370386
258,-0.32792034883818755,-0.2044283963430814,-0.2044283963430814,0.0033555997038263313
259,0.40327356302040424,1.2907593179595467,1.2907593179595467,0.9050066817354775
260,-0.32792034883818755,0.04867531852830274,0.04867531852830274,0.47534912123239503
261,0.24573131741010484,1.488776681367655,1.488776681367655,1.2792665350914394
262,-1.1082876274104168,-0.5656675291596699,-0.5656675291596699,-0.2682754752050378
263,-1.1082876274104168,-0.2044283963430814,-0.2044283963430814,0.3367857087673687
264,-0.32792034883818755,0.2578542283830443,0.2578542283830443,0.9050066817354775
265,-0.32792034883818755,0.04867531852830274,0.04867531852830274,0.5094429647397271
266,-0.6483886629622243,-0.5656675291596699,-0.5656675291596699,-0.2682754752050378
267,0.24573131741010484,0.8104689864066473,0.8104689864066473,0.5715841317042343
268,-0.32792034883818755,0.6483886629622243,0.6483886629622243,1.6238038848900063
269,0.4233753604408381,0.04867531852830274,0.04867531852830274,-0.4142174552999704
270,0.89244345544886,1.1626293443470188,1.1626293443470188,0.4270484445598882
271,0.89244345544886,0.6483886629622243,0.6483886629622243,0.0033555997038263313
272,-0.010066950253457848,-0.5656675291596699,-0.5656675291596699,-0.5914531048719768
273,-0.32792034883818755,0.2578542283830443,0.2578542283830443,0.9050066817354775
274,-0.32792034883818755,0.2578542283830443,0.2578542283830443,0.9050066817354775
275,-0.32792034883818755,0.04867531852830274,0.04867531852830274,0.5715841317042343
276,0.5775208113219115,1.3851803663650948,1.3851803663650948,0.8459325705724284
277,-0.32792034883818755,-0.2044283963430814,-0.2044283963430814,0.16347144322835205
278,0.5775208113219115,1.9092883867990647,1.9092883867990647,1.530727800152624
279,0.24573131741010484,0.8104689864066473,0.8104689864066473,0.6401295897359268
280,0.5775208113219115,1.726055939849248,1.726055939849248,1.1826502436839719
281,0.5775208113219115,0.04867531852830274,0.04867531852830274,-0.34745926181929826
282,0.5775208113219115,0.2578542283830443,0.2578542283830443,-0.126168691846047
283,0.013422776680677605,-0.5656675291596699,-0.5656675291596699,-0.5914531048719768
284,0.24573131741010484,0.2578542283830443,0.2578542283830443,0.12447766742185866
285,0.24573131741010484,-0.5656675291596699,-0.5656675291596699,-0.8081410811231967
286,-0.32792034883818755,-0.5656675291596699,-0.5656675291596699,-0.2682754752050378
287,0.05707606200055794,-0.5656675291596699,-0.5656675291596699,-0.5914531048719768
288,0.5775208113219115,0.2578542283830443,0.2578542283830443,0.0033555997038263313
289,0.5775208113219115,-0.2044283963430814,-0.2044283963430814,-0.4734714841261106
290,0.5775208113219115,0.04867531852830274,0.04867531852830274,-0.2682754752050378
291,0.89244345544886,1.2907593179595467,1.2907593179595467,0.6861203559318637
292,0.24573131741010484,0.04867531852830274,0.04867531852830274,0.0033555997038263313
293,0.24573131741010484,0.2578542283830443,0.2578542283830443,0.2301973507935623
294,0.24573131741010484,0.2578542283830443,0.2578542283830443,0.2301973507935623
295,-1.1082876274104168,0.04867531852830274,0.04867531852830274,1.1826502436839719
296,0.5775208113219115,0.2578542283830443,0.2578542283830443,0.0033555997038263313
297,0.5775208113219115,-0.5656675291596699,-0.5656675291596699,-0.8081410811231967
298,0.5775208113219115,-0.5656675291596699,-0.5656675291596699,-0.8081410811231967
299,0.5775208113219115,-0.5656675291596699,-0.5656675291596699,-0.8081410811231967
300,0.5775208113219115,-0.5656675291596699,-0.5656675291596699,-0.8081410811231967
301,0.5775208113219115,-0.5656675291596699,-0.5656675291596699,-0.8081410811231967
302,0.5775208113219115,-0.5656675291596699,-0.5656675291596699,-0.8081410811231967
303,-1.1082876274104168,-0.2044283963430814,-0.2044283963430814,0.7669592295027953
304,0.5775208113219115,0.4603741900129792,0.4603741900129792,0.16347144322835205
305,0.24573131741010484,0.2578542283830443,0.2578542283830443,0.292707614370386
306,-0.32792034883818755,0.2578542283830443,0.2578542283830443,1.3142710080401114
307,0.24573131741010484,-0.2044283963430814,-0.2044283963430814,-0.2682754752050378
308,0.89244345544886,0.04867531852830274,0.04867531852830274,-0.2682754752050378
309,0.89244345544886,-0.2044283963430814,-0.2044283963430814,-0.4734714841261106
310,0.24573131741010484,0.2578542283830443,0.2578542283830443,0.3367857087673687
311,0.24573131741010484,-0.5656675291596699,-0.5656675291596699,-0.5914531048719768
312,0.40327356302040424,0.9488357624571074,0.9488357624571074,0.9754899810311558
313,0.05707606200055794,-5.199337582605575,-5.199337582605575,-1.1270874980635182
314,0.05707606200055794,-5.199337582605575,-5.199337582605575,-1.1270874980635182
315,-0.32792034883818755,-0.5656675291596699,-0.5656675291596699,0.06884400719159312
316,0.24573131741010484,-0.5656675291596699,-0.5656675291596699,-0.49043141960281783
317,0.5775208113219115,0.04867531852830274,0.04867531852830274,-0.126168691846047
318,0.24573131741010484,0.9488357624571074,0.9488357624571074,1.2604789043867872
319,0.24573131741010484,0.2578542283830443,0.2578542283830443,0.47534912123239503
320,0.7402142317708046,1.726055939849248,1.726055939849248,1.6238038848900063
321,0.05707606200055794,0.2578542283830443,0.2578542283830443,0.7139885326250074
322,0.24573131741010484,0.04867531852830274,0.04867531852830274,0.16347144322835205
323,0.5775208113219115,0.8104689864066473,0.8104689864066473,0.6861203559318637
324,0.89244345544886,0.6483886629622243,0.6483886629622243,0.3367857087673687
325,0.5775208113219115,-0.5656675291596699,-0.5656675291596699,-0.5914531048719768
326,-1.1082876274104168,-0.5656675291596699,-0.5656675291596699,0.47534912123239503
327,0.5775208113219115,1.726055939849248,1.726055939849248,5.19933758270342
328,0.5775208113219115,0.04867531852830274,0.04867531852830274,0.0033555997038263313
329,0.89244345544886,0.6483886629622243,0.6483886629622243,0.3887562158823865
330,0.5775208113219115,0.6483886629622243,0.6483886629622243,0.613582427517532
331,0.89244345544886,0.4603741900129792,0.4603741900129792,0.2301973507935623
332,0.89244345544886,0.4603741900129792,0.4603741900129792,0.2301973507935623
333,0.24573131741010484,0.6483886629622243,0.6483886629622243,1.0084197154725865
334,0.89244345544886,-0.5656675291596699,-0.5656675291596699,-0.5914531048719768
335,0.89244345544886,-0.2044283963430814,-0.2044283963430814,-0.4142174552999704
336,0.24573131741010484,-0.2044283963430814,-0.2044283963430814,0.0033555997038263313
337,0.24573131741010484,0.6483886629622243,0.6483886629622243,1.074802443883492
338,0.24573131741010484,-5.199337582605575,-5.199337582605575,-1.0084197154725856
339,0.05707606200055794,-0.2044283963430814,-0.2044283963430814,0.16347144322835205
340,0.5775208113219115,0.04867531852830274,0.04867531852830274,0.08398847411032542
341,1.7041481468418525,2.4733077498160907,2.4733077498160907,5.19933758270342
342,0.24573131741010484,0.4603741900129792,0.4603741900129792,0.9050066817354775
343,0.24573131741010484,-5.199337582605575,-5.199337582605575,-1.0084197154725856
344,0.24573131741010484,-5.199337582605575,-5.199337582605575,-1.0084197154725856
345,0.24573131741010484,-5.199337582605575,-5.199337582605575,-1.0084197154725856
346,0.24573131741010484,-5.199337582605575,-5.199337582605575,-1.0084197154725856
347,0.24573131741010484,-5.199337582605575,-5.199337582605575,-1.0084197154725856
348,0.24573131741010484,-5.199337582605575,-5.199337582605575,-1.0084197154725856
349,0.24573131741010484,-5.199337582605575,-5.199337582605575,-1.0084197154725856
350,0.24573131741010484,-5.199337582605575,-5.199337582605575,-1.0084197154725856
351,0.24573131741010484,-0.5656675291596699,-0.5656675291596699,-0.4142174552999704
352,0.24573131741010484,0.2578542283830443,0.2578542283830443,0.6861203559318637
353,0.24573131741010484,-0.5656675291596699,-0.5656675291596699,-0.4142174552999704
354,0.89244345544886,0.04867531852830274,0.04867531852830274,0.0033555997038263313
355,-0.32792034883818755,-0.5656675291596699,-0.5656675291596699,0.47534912123239503
356,0.89244345544886,0.4603741900129792,0.4603741900129792,0.4270484445598882
357,0.5775208113219115,-0.2044283963430814,-0.2044283963430814,-0.126168691846047
358,0.05707606200055794,-0.5656675291596699,-0.5656675291596699,-0.126168691846047
359,1.2313121003066263,1.726055939849248,1.726055939849248,1.074802443883492
360,0.5775208113219115,0.4603741900129792,0.4603741900129792,0.7139885326250074
361,0.24573131741010484,-0.5656675291596699,-0.5656675291596699,-0.20100314128903082
362,-0.32792034883818755,-0.2044283963430814,-0.2044283963430814,1.2277393063810706
363,1.2313121003066263,1.3851803663650948,1.3851803663650948,0.8459325705724284
364,0.24573131741010484,0.4603741900129792,0.4603741900129792,1.2277393063810706
365,0.5775208113219115,-0.5656675291596699,-0.5656675291596699,-0.4142174552999704
366,1.7041481468418525,1.59321881802305,1.59321881802305,0.8459325705724284
367,0.5775208113219115,0.04867531852830274,0.04867531852830274,0.3367857087673687
368,0.24573131741010484,-0.5656675291596699,-0.5656675291596699,-0.126168691846047
369,0.89244345544886,0.2578542283830443,0.2578542283830443,0.4270484445598882
370,-0.32792034883818755,-0.5656675291596699,-0.5656675291596699,0.7139885326250074
371,0.5775208113219115,-0.2044283963430814,-0.2044283963430814,0.09072532978116427
372,-0.32792034883818755,-0.5656675291596699,-0.5656675291596699,0.7669592295027953
373,0.05707606200055794,0.04867531852830274,0.04867531852830274,1.1207768400599603
374,0.5775208113219115,0.04867531852830274,0.04867531852830274,0.4270484445598882
375,0.24573131741010484,-0.2044283963430814,-0.2044283963430814,0.4270484445598882
376,0.5775208113219115,0.2578542283830443,0.2578542283830443,0.6861203559318637
377,0.5775208113219115,-5.199337582605575,-5.199337582605575,-0.8081410811231967
378,0.5775208113219115,-5.199337582605575,-5.199337582605575,-0.8081410811231967
379,0.5775208113219115,-5.199337582605575,-5.199337582605575,-0.8081410811231967
380,0.5775208113219115,-5.199337582605575,-5.199337582605575,-0.8081410811231967
381,0.5775208113219115,-5.199337582605575,-5.199337582605575,-0.8081410811231967
382,0.5775208113219115,-5.199337582605575,-5.199337582605575,-0.8081410811231967
383,0.5775208113219115,-5.199337582605575,-5.199337582605575,-0.8081410811231967
384,0.5775208113219115,-5.199337582605575,-5.199337582605575,-0.8081410811231967
385,0.5775208113219115,0.6483886629622243,0.6483886629622243,1.2604789043867872
386,0.5775208113219115,-5.199337582605575,-5.199337582605575,-0.8081410811231967
387,0.5775208113219115,-5.199337582605575,-5.199337582605575,-0.8081410811231967
388,0.05707606200055794,-0.2044283963430814,-0.2044283963430814,0.7669592295027953
389,0.5775208113219115,0.6483886629622243,0.6483886629622243,1.2792665350914394
390,0.24573131741010484,0.04867531852830274,0.04867531852830274,0.9050066817354775
391,0.24573131741010484,0.04867531852830274,0.04867531852830274,0.9567606345497844
392,-0.32792034883818755,-0.5656675291596699,-0.5656675291596699,0.9567606345497844
393,0.24573131741010484,0.04867531852830274,0.04867531852830274,0.9890803544408115
394,0.89244345544886,0.04867531852830274,0.04867531852830274,0.4270484445598882
395,0.89244345544886,1.0511870476167453,1.0511870476167453,1.975664650535521
396,1.2313121003066263,-0.5656675291596699,-0.5656675291596699,-0.4142174552999704
397,1.2313121003066263,-0.2044283963430814,-0.2044283963430814,-0.126168691846047
398,0.89244345544886,0.8104689864066473,0.8104689864066473,1.4119482675011186
399,1.2313121003066263,-0.2044283963430814,-0.2044283963430814,-0.126168691846047
400,1.074802443883492,-0.5656675291596699,-0.5656675291596699,-0.2682754752050378
401,1.7041481468418525,0.2578542283830443,0.2578542283830443,0.12447766742185866
402,1.7041481468418525,0.8104689864066473,0.8104689864066473,0.5715841317042343
403,0.89244345544886,-0.2044283963430814,-0.2044283963430814,0.16347144322835205
404,0.5775208113219115,0.2578542283830443,0.2578542283830443,1.074802443883492
405,0.5775208113219115,-0.2044283963430814,-0.2044283963430814,0.47534912123239503
406,0.89244345544886,-5.199337582605575,-5.199337582605575,-0.5914531048719768
407,0.89244345544886,-5.199337582605575,-5.199337582605575,-0.5914531048719768
408,0.89244345544886,-5.199337582605575,-5.199337582605575,-0.5914531048719768
409,0.89244345544886,-5.199337582605575,-5.199337582605575,-0.5914531048719768
410,0.89244345544886,-5.199337582605575,-5.199337582605575,-0.5914531048719768
411,0.89244345544886,-5.199337582605575,-5.199337582605575,-0.5914531048719768
412,0.89244345544886,-5.199337582605575,-5.199337582605575,-0.5914531048719768
413,0.89244345544886,0.04867531852830274,0.04867531852830274,0.5344375838976175
414,0.89244345544886,-5.199337582605575,-5.199337582605575,-0.5914531048719768
415,0.89244345544886,-5.199337582605575,-5.199337582605575,-0.5914531048719768
416,0.89244345544886,-5.199337582605575,-5.199337582605575,-0.5914531048719768
417,0.89244345544886,-5.199337582605575,-5.199337582605575,-0.5914531048719768
418,0.89244345544886,-5.199337582605575,-5.199337582605575,-0.5914531048719768
419,0.89244345544886,-0.5656675291596699,-0.5656675291596699,-0.126168691846047
420,1.2313121003066263,-0.5656675291596699,-0.5656675291596699,-0.2682754752050378
421,0.89244345544886,-0.5656675291596699,-0.5656675291596699,-0.06379952969809495
422,1.2313121003066263,-0.5656675291596699,-0.5656675291596699,-0.2682754752050378
423,1.2313121003066263,-0.5656675291596699,-0.5656675291596699,-0.2682754752050378
424,0.5775208113219115,0.04867531852830274,0.04867531852830274,0.8459325705724284
425,0.89244345544886,0.2578542283830443,0.2578542283830443,0.9754899810311558
426,1.7041481468418525,-0.5656675291596699,-0.5656675291596699,-0.2682754752050378
427,0.5775208113219115,0.2578542283830443,0.2578542283830443,1.3142710080401114
428,1.7041481468418525,-0.2044283963430814,-0.2044283963430814,0.0033555997038263313
429,0.89244345544886,-0.2044283963430814,-0.2044283963430814,0.4270484445598882
430,0.05707606200055794,-0.5656675291596699,-0.5656675291596699,0.7669592295027953
431,0.05707606200055794,-0.5656675291596699,-0.5656675291596699,0.7669592295027953
432,0.89244345544886,0.6483886629622243,0.6483886629622243,1.8232000839806912
433,0.5775208113219115,0.04867531852830274,0.04867531852830274,1.074802443883492
434,0.5775208113219115,-0.5656675291596699,-0.5656675291596699,0.2301973507935623
435,0.89244345544886,0.6483886629622243,0.6483886629622243,2.0520928203327196
436,1.2313121003066263,-0.5656675291596699,-0.5656675291596699,-0.18903302344034484
437,0.5775208113219115,-0.2044283963430814,-0.2044283963430814,0.7669592295027953
438,1.7041481468418525,1.488776681367655,1.488776681367655,2.0520928203327196
439,1.074802443883492,0.8104689864066473,0.8104689864066473,2.1597784333386496
440,0.89244345544886,-0.2044283963430814,-0.2044283963430814,0.5715841317042343
441,0.24573131741010484,-0.2044283963430814,-0.2044283963430814,1.4119482675011186
442,0.24573131741010484,-0.5656675291596699,-0.5656675291596699,0.7669592295027953
443,0.24573131741010484,-0.2044283963430814,-0.2044283963430814,1.4119482675011186
444,1.7041481468418525,1.2907593179595467,1.2907593179595467,1.733546042663166
445,1.2313121003066263,-0.2044283963430814,-0.2044283963430814,0.2301973507935623
446,1.7041481468418525,-0.5656675291596699,-0.5656675291596699,-0.126168691846047
447,1.7041481468418525,-0.5656675291596699,-0.5656675291596699,-0.126168691846047
448,1.7041481468418525,0.8104689864066473,0.8104689864066473,1.074802443883492
449,0.89244345544886,-0.2044283963430814,-0.2044283963430814,0.6861203559318637
450,1.7041481468418525,-0.2044283963430814,-0.2044283963430814,0.12447766742185866
451,1.2313121003066263,-0.2044283963430814,-0.2044283963430814,0.3367857087673687
452,1.7041481468418525,-0.5656675291596699,-0.5656675291596699,0.0033555997038263313
453,1.2313121003066263,-5.199337582605575,-5.199337582605575,-0.4142174552999704
454,1.2313121003066263,-5.199337582605575,-5.199337582605575,-0.4142174552999704
455,1.2313121003066263,-5.199337582605575,-5.199337582605575,-0.4142174552999704
456,1.2313121003066263,-5.199337582605575,-5.199337582605575,-0.4142174552999704
457,1.2313121003066263,-5.199337582605575,-5.199337582605575,-0.4142174552999704
458,1.2313121003066263,-5.199337582605575,-5.199337582605575,-0.4142174552999704
459,1.2313121003066263,-5.199337582605575,-5.199337582605575,-0.4142174552999704
460,1.2313121003066263,-5.199337582605575,-5.199337582605575,-0.4142174552999704
461,1.2313121003066263,-5.199337582605575,-5.199337582605575,-0.4142174552999704
462,1.2313121003066263,-5.199337582605575,-5.199337582605575,-0.4142174552999704
463,1.2313121003066263,-5.199337582605575,-5.199337582605575,-0.4142174552999704
464,1.2313121003066263,-5.199337582605575,-5.199337582605575,-0.4142174552999704
465,1.2313121003066263,0.2578542283830443,0.2578542283830443,0.9754899810311558
466,1.7041481468418525,0.04867531852830274,0.04867531852830274,0.5344375838976175
467,1.2313121003066263,0.04867531852830274,0.04867531852830274,0.7669592295027953
468,1.4119482675011186,-5.199337582605575,-5.199337582605575,-0.34745926181929826
469,0.24573131741010484,-0.5656675291596699,-0.5656675291596699,1.1826502436839719
470,1.7041481468418525,0.2578542283830443,0.2578542283830443,0.9050066817354775
471,1.7041481468418525,-0.2044283963430814,-0.2044283963430814,0.4270484445598882
472,1.7041481468418525,-0.2044283963430814,-0.2044283963430814,0.47534912123239503
473,0.5775208113219115,-0.2044283963430814,-0.2044283963430814,1.662634892456893
474,1.2313121003066263,-0.5656675291596699,-0.5656675291596699,0.2301973507935623
475,2.3506305247039716,0.2578542283830443,0.2578542283830443,0.6587751599009913
476,1.7041481468418525,0.4603741900129792,0.4603741900129792,1.1826502436839719
477,1.7041481468418525,-5.199337582605575,-5.199337582605575,-0.2682754752050378
478,1.7041481468418525,-5.199337582605575,-5.199337582605575,-0.2682754752050378
479,1.7041481468418525,-5.199337582605575,-5.199337582605575,-0.2682754752050378
480,1.7041481468418525,-5.199337582605575,-5.199337582605575,-0.2682754752050378
481,1.7041481468418525,-5.199337582605575,-5.199337582605575,-0.2682754752050378
482,1.7041481468418525,-5.199337582605575,-5.199337582605575,-0.2682754752050378
483,1.7041481468418525,-5.199337582605575,-5.199337582605575,-0.2682754752050378
484,1.7041481468418525,-5.199337582605575,-5.199337582605575,-0.2682754752050378
485,1.7041481468418525,0.04867531852830274,0.04867531852830274,0.8198249064581448
486,1.2313121003066263,0.4603741900129792,0.4603741900129792,1.733546042663166
487,1.7041481468418525,-0.2044283963430814,-0.2044283963430814,0.6401295897359268
488,1.2313121003066263,-0.5656675291596699,-0.5656675291596699,0.47534912123239503
489,1.2313121003066263,-0.2044283963430814,-0.2044283963430814,1.074802443883492
490,0.89244345544886,-0.5656675291596699,-0.5656675291596699,1.1826502436839719
491,1.2313121003066263,-0.2044283963430814,-0.2044283963430814,1.1826502436839719
492,1.7041481468418525,0.04867531852830274,0.04867531852830274,1.8232000839806912
493,1.7041481468418525,-0.2044283963430814,-0.2044283963430814,1.975664650535521
494,1.7041481468418525,-0.5656675291596699,-0.5656675291596699,1.8232000839806912
495,2.4074523810297905,-0.2044283963430814,-0.2044283963430814,1.074802443883492
496,2.5107296490906075,-5.199337582605575,-5.199337582605575,0.3367857087673687
497,2.5107296490906075,-5.199337582605575,-5.199337582605575,0.3367857087673687
498,2.7848800767481636,-5.199337582605575,-5.199337582605575,0.4270484445598882
499,5.19933758270342,-5.199337582605575,-5.199337582605575,1.3142710080401114
500,-1.1082876274104168,2.65071626969159,2.65071626969159,1.733546042663166
501,-0.03188353845960559,2.095297232809091,2.095297232809091,0.0033555997038263313
502,-1.1082876274104168,2.4074523810297905,2.4074523810297905,1.478688598572907
503,-1.1082876274104168,2.7848800767481636,2.7848800767481636,5.19933758270342
504,-5.199337582605575,2.3005159030019255,2.3005159030019255,1.4119482675011186
505,-1.1082876274104168,2.5520373191773897,2.5520373191773897,5.19933758270342
506,-0.6483886629622243,2.03850624694489,2.03850624694489,0.49991460567613505
507,-1.1082876274104168,1.1626293443470188,1.1626293443470188,-0.2682754752050378
508,-1.1082876274104168,2.03850624694489,2.03850624694489,0.7669592295027953
509,-1.1082876274104168,1.3851803663650948,1.3851803663650948,0.09915222983990782
510,-0.32792034883818755,0.04867531852830274,0.04867531852830274,-1.3551551232160652
511,-1.1082876274104168,1.1626293443470188,1.1626293443470188,-0.126168691846047
512,-1.1082876274104168,1.1626293443470188,1.1626293443470188,0.0033555997038263313
513,-0.6483886629622243,1.488776681367655,1.488776681367655,0.2301973507935623
514,-0.32792034883818755,1.726055939849248,1.726055939849248,0.3367857087673687
515,-0.32792034883818755,0.4603741900129792,0.4603741900129792,-0.8081410811231967
516,-0.6483886629622243,0.2578542283830443,0.2578542283830443,-0.9228391584684595
517,-0.32792034883818755,2.3506305247039716,2.3506305247039716,5.19933758270342
518,-0.6483886629622243,1.0511870476167453,1.0511870476167453,0.12447766742185866
519,-0.32792034883818755,1.0511870476167453,1.0511870476167453,0.0033555997038263313
520,-1.1082876274104168,1.1626293443470188,1.1626293443470188,0.4270484445598882
521,-1.1082876274104168,1.1626293443470188,1.1626293443470188,0.47534912123239503
522,-0.32792034883818755,1.3851803663650948,1.3851803663650948,0.3887562158823865
523,-2.2555889554631765,1.0511870476167453,1.0511870476167453,0.5094429647397271
524,-0.32792034883818755,0.9488357624571074,0.9488357624571074,0.0033555997038263313
525,-1.1082876274104168,0.04867531852830274,0.04867531852830274,-1.0084197154725856
526,-1.1082876274104168,0.2578542283830443,0.2578542283830443,-0.5914531048719768
527,-1.1082876274104168,1.59321881802305,1.59321881802305,1.074802443883492
528,-0.04867531852830274,2.2148004881326386,2.2148004881326386,1.5640554304822154
529,-1.1082876274104168,0.4603741900129792,0.4603741900129792,-0.34745926181929826
530,-0.32792034883818755,0.2578542283830443,0.2578542283830443,-0.5914531048719768
531,-1.1082876274104168,0.04867531852830274,0.04867531852830274,-0.8081410811231967
532,-0.32792034883818755,0.8104689864066473,0.8104689864066473,0.0033555997038263313
533,-1.1082876274104168,0.04867531852830274,0.04867531852830274,-0.8081410811231967
534,-1.1082876274104168,0.4603741900129792,0.4603741900129792,-0.126168691846047
535,-0.32792034883818755,0.2578542283830443,0.2578542283830443,-0.5914531048719768
536,-1.1082876274104168,0.6483886629622243,0.6483886629622243,0.09915222983990782
537,-1.1082876274104168,0.4603741900129792,0.4603741900129792,-0.126168691846047
538,-1.1082876274104168,0.8104689864066473,0.8104689864066473,0.3367857087673687
539,-1.1082876274104168,-0.5656675291596699,-0.5656675291596699,-1.3551551232160652
540,-1.1082876274104168,0.4603741900129792,0.4603741900129792,0.0033555997038263313
541,-1.1082876274104168,1.0511870476167453,1.0511870476167453,0.7669592295027953
542,-0.32792034883818755,1.726055939849248,1.726055939849248,1.1826502436839719
543,-0.32792034883818755,-0.5656675291596699,-0.5656675291596699,-1.3551551232160652
544,-2.2555889554631765,1.488776681367655,1.488776681367655,2.1597784333386496
545,-0.32792034883818755,-0.5656675291596699,-0.5656675291596699,-1.3551551232160652
546,-0.010066950253457848,1.488776681367655,1.488776681367655,0.6401295897359268
547,-1.1082876274104168,-0.2044283963430814,-0.2044283963430814,-1.0084197154725856
548,-1.1082876274104168,1.2907593179595467,1.2907593179595467,1.1826502436839719
549,-0.32792034883818755,0.6483886629622243,0.6483886629622243,0.09915222983990782
550,-0.32792034883818755,0.04867531852830274,0.04867531852830274,-0.5914531048719768
551,-1.1082876274104168,0.4603741900129792,0.4603741900129792,0.2301973507935623
552,-0.32792034883818755,0.4603741900129792,0.4603741900129792,0.0033555997038263313
553,-1.1082876274104168,-0.2044283963430814,-0.2044283963430814,-0.8081410811231967
554,-1.1082876274104168,0.04867531852830274,0.04867531852830274,-0.2682754752050378
555,-0.32792034883818755,0.04867531852830274,0.04867531852830274,-0.484762660772629
556,-0.04867531852830274,0.4603741900129792,0.4603741900129792,0.0033555997038263313
557,-0.32792034883818755,0.4603741900129792,0.4603741900129792,0.08398847411032542
558,0.5775208113219115,0.2578542283830443,0.2578542283830443,-0.8081410811231967
559,-0.6483886629622243,0.8104689864066473,0.8104689864066473,0.6861203559318637
560,-0.32792034883818755,1.1626293443470188,1.1626293443470188,1.074802443883492
561,-0.32792034883818755,0.9488357624571074,0.9488357624571074,0.7669592295027953
562,-0.32792034883818755,1.726055939849248,1.726055939849248,5.19933758270342
563,-0.010066950253457848,1.0511870476167453,1.0511870476167453,0.613582427517532
564,-0.32792034883818755,1.488776681367655,1.488776681367655,1.733546042663166
565,-1.1082876274104168,0.9488357624571074,0.9488357624571074,1.359369751865267
566,-0.32792034883818755,0.4603741900129792,0.4603741900129792,0.2301973507935623
567,-0.32792034883818755,0.9488357624571074,0.9488357624571074,0.8292531450911983
568,-0.32792034883818755,0.4603741900129792,0.4603741900129792,0.2301973507935623
569,-1.1082876274104168,0.4603741900129792,0.4603741900129792,0.5344375838976175
570,-1.1082876274104168,0.4603741900129792,0.4603741900129792,0.613582427517532
571,-0.32792034883818755,-0.5656675291596699,-0.5656675291596699,-1.1270874980635182
572,-1.1082876274104168,-0.5656675291596699,-0.5656675291596699,-1.0084197154725856
573,-1.1082876274104168,-0.5656675291596699,-0.5656675291596699,-1.0084197154725856
574,-1.1082876274104168,-0.5656675291596699,-0.5656675291596699,-1.0084197154725856
575,-0.32792034883818755,0.4603741900129792,0.4603741900129792,0.3367857087673687
576,-0.6483886629622243,0.04867531852830274,0.04867531852830274,0.06884400719159312
577,0.05707606200055794,0.9488357624571074,0.9488357624571074,0.3367857087673687
578,0.24573131741010484,0.2578542283830443,0.2578542283830443,-0.484762660772629
579,-1.1082876274104168,-0.2044283963430814,-0.2044283963430814,-0.4142174552999704
580,-1.1082876274104168,-5.199337582605575,-5.199337582605575,-5.199337582605575
581,-1.1082876274104168,-5.199337582605575,-5.199337582605575,-5.199337582605575
582,-1.1082876274104168,-5.199337582605575,-5.199337582605575,-5.199337582605575
583,-1.1082876274104168,-5.199337582605575,-5.199337582605575,-5.199337582605575
584,-1.1082876274104168,-5.199337582605575,-5.199337582605575,-5.199337582605575
585,-1.1082876274104168,-5.199337582605575,-5.199337582605575,-5.199337582605575
586,-1.1082876274104168,-5.199337582605575,-5.199337582605575,-5.199337582605575
587,-1.1082876274104168,-5.199337582605575,-5.199337582605575,-5.199337582605575
588,-1.1082876274104168,-5.199337582605575,-5.199337582605575,-5.199337582605575
589,-1.1082876274104168,-5.199337582605575,-5.199337582605575,-5.199337582605575
590,-1.1082876274104168,-5.199337582605575,-5.199337582605575,-5.199337582605575
591,0.24573131741010484,1.1626293443470188,1.1626293443470188,0.3367857087673687
592,-1.1082876274104168,-0.2044283963430814,-0.2044283963430814,-0.34745926181929826
593,0.05707606200055794,1.1626293443470188,1.1626293443470188,0.6587751599009913
594,-0.04867531852830274,1.1626293443470188,1.1626293443470188,1.359369751865267
595,-0.6483886629622243,0.2578542283830443,0.2578542283830443,0.3367857087673687
596,-0.6483886629622243,-5.199337582605575,-5.199337582605575,-1.662634892456894
597,-0.32792034883818755,0.4603741900129792,0.4603741900129792,0.5094429647397271
598,-1.1082876274104168,-0.2044283963430814,-0.2044283963430814,-0.20100314128903082
599,0.40327356302040424,1.1626293443470188,1.1626293443470188,0.3887562158823865
600,-1.1082876274104168,-0.5656675291596699,-0.5656675291596699,-0.8081410811231967
601,-0.32792034883818755,0.4603741900129792,0.4603741900129792,0.5715841317042343
602,0.05707606200055794,-0.2044283963430814,-0.2044283963430814,-0.8081410811231967
603,0.5775208113219115,0.8104689864066473,0.8104689864066473,-0.126168691846047
604,-0.32792034883818755,-0.5656675291596699,-0.5656675291596699,-0.9177143996218046
605,-0.32792034883818755,1.1626293443470188,1.1626293443470188,2.1597784333386496
606,-1.1082876274104168,0.6483886629622243,0.6483886629622243,1.478688598572907
607,-1.1082876274104168,0.6483886629622243,0.6483886629622243,1.478688598572907
608,-0.32792034883818755,-5.199337582605575,-5.199337582605575,-1.3551551232160652
609,-0.32792034883818755,-5.199337582605575,-5.199337582605575,-1.3551551232160652
610,-0.32792034883818755,-5.199337582605575,-5.199337582605575,-1.3551551232160652
611,-0.32792034883818755,-5.199337582605575,-5.199337582605575,-1.3551551232160652
612,-0.32792034883818755,-5.199337582605575,-5.199337582605575,-1.3551551232160652
613,-0.32792034883818755,-5.199337582605575,-5.199337582605575,-1.3551551232160652
614,-0.32792034883818755,-5.199337582605575,-5.199337582605575,-1.3551551232160652
615,-0.32792034883818755,-5.199337582605575,-5.199337582605575,-1.3551551232160652
616,-0.32792034883818755,-5.199337582605575,-5.199337582605575,-1.3551551232160652
617,-0.32792034883818755,-5.199337582605575,-5.199337582605575,-1.3551551232160652
618,-0.32792034883818755,-5.199337582605575,-5.199337582605575,-1.3551551232160652
619,-0.32792034883818755,-5.199337582605575,-5.199337582605575,-1.3551551232160652
620,-0.32792034883818755,0.6483886629622243,0.6483886629622243,1.0084197154725865
621,-0.32792034883818755,-5.199337582605575,-5.199337582605575,-1.3551551232160652
622,-0.32792034883818755,0.04867531852830274,0.04867531852830274,0.16347144322835205
623,0.24573131741010484,0.4603741900129792,0.4603741900129792,0.0033555997038263313
624,0.4233753604408381,-0.2044283963430814,-0.2044283963430814,-0.8081410811231967
625,-0.010066950253457848,0.2578542283830443,0.2578542283830443,0.2301973507935623
626,0.05707606200055794,0.9488357624571074,0.9488357624571074,0.8245298640158554
627,0.24573131741010484,-0.5656675291596699,-0.5656675291596699,-1.0084197154725856
628,-1.1082876274104168,0.2578542283830443,0.2578542283830443,1.0281437883008067
629,-0.010066950253457848,1.1626293443470188,1.1626293443470188,1.975664650535521
630,0.013422776680677605,0.9488357624571074,0.9488357624571074,1.074802443883492
631,-1.1082876274104168,-0.5656675291596699,-0.5656675291596699,-0.34745926181929826
632,-0.03188353845960559,-0.2044283963430814,-0.2044283963430814,-0.126168691846047
633,0.40327356302040424,1.59321881802305,1.59321881802305,1.2277393063810706
634,0.4233753604408381,-0.2044283963430814,-0.2044283963430814,-0.5914531048719768
635,0.24573131741010484,1.726055939849248,1.726055939849248,1.975664650535521
636,-0.32792034883818755,0.2578542283830443,0.2578542283830443,0.9050066817354775
637,0.5775208113219115,0.6483886629622243,0.6483886629622243,0.2301973507935623
638,0.24573131741010484,0.04867531852830274,0.04867531852830274,-0.06379952969809495
639,-0.010066950253457848,0.9488357624571074,0.9488357624571074,1.975664650535521
640,0.24573131741010484,0.8104689864066473,0.8104689864066473,0.7669592295027953
641,-0.010066950253457848,0.2578542283830443,0.2578542283830443,0.7669592295027953
642,0.24573131741010484,0.4603741900129792,0.4603741900129792,0.47534912123239503
643,0.09578065836041595,0.2578542283830443,0.2578542283830443,0.3367857087673687
644,0.5775208113219115,-0.5656675291596699,-0.5656675291596699,-0.8081410811231967
645,0.5775208113219115,-0.5656675291596699,-0.5656675291596699,-0.8081410811231967
646,0.5775208113219115,-0.5656675291596699,-0.5656675291596699,-0.8081410811231967
647,-1.1082876274104168,-0.5656675291596699,-0.5656675291596699,0.12447766742185866
648,0.24573131741010484,-0.2044283963430814,-0.2044283963430814,-0.2682754752050378
649,0.5775208113219115,0.8104689864066473,0.8104689864066473,0.5715841317042343
650,0.05707606200055794,-5.199337582605575,-5.199337582605575,-1.1270874980635182
651,0.89244345544886,0.2578542283830443,0.2578542283830443,-0.06379952969809495
652,0.5775208113219115,0.04867531852830274,0.04867531852830274,-0.126168691846047
653,-0.32792034883818755,-0.5656675291596699,-0.5656675291596699,0.08398847411032542
654,0.5775208113219115,-0.2044283963430814,-0.2044283963430814,-0.4142174552999704
655,0.89244345544886,1.726055939849248,1.726055939849248,1.478688598572907
656,-0.32792034883818755,-0.5656675291596699,-0.5656675291596699,0.09072532978116427
657,0.5775208113219115,0.8104689864066473,0.8104689864066473,0.6861203559318637
658,0.24573131741010484,-0.2044283963430814,-0.2044283963430814,-0.126168691846047
659,0.5775208113219115,0.6483886629622243,0.6483886629622243,0.5344375838976175
660,0.7402142317708046,0.2578542283830443,0.2578542283830443,0.12447766742185866
661,0.89244345544886,-0.5656675291596699,-0.5656675291596699,-0.5914531048719768
662,0.89244345544886,-0.2044283963430814,-0.2044283963430814,-0.4142174552999704
663,0.24573131741010484,0.8104689864066473,0.8104689864066473,1.2604789043867872
664,0.24573131741010484,-5.199337582605575,-5.199337582605575,-1.0084197154725856
665,0.24573131741010484,-5.199337582605575,-5.199337582605575,-1.0084197154725856
666,0.24573131741010484,-5.199337582605575,-5.199337582605575,-1.0084197154725856
667,0.24573131741010484,-5.199337582605575,-5.199337582605575,-1.0084197154725856
668,0.24573131741010484,-5.199337582605575,-5.199337582605575,-1.0084197154725856
669,-1.1082876274104168,-0.2044283963430814,-0.2044283963430814,1.359369751865267
670,-1.1082876274104168,-0.2044283963430814,-0.2044283963430814,1.478688598572907
671,0.89244345544886,0.04867531852830274,0.04867531852830274,0.0033555997038263313
672,0.89244345544886,1.59321881802305,1.59321881802305,1.8232000839806912
673,0.89244345544886,1.488776681367655,1.488776681367655,1.662634892456893
674,0.89244345544886,1.0511870476167453,1.0511870476167453,1.0084197154725865
675,0.89244345544886,-0.2044283963430814,-0.2044283963430814,-0.2682754752050378
676,0.5775208113219115,-0.2044283963430814,-0.2044283963430814,-0.126168691846047
677,1.7041481468418525,1.9414077802714576,1.9414077802714576,1.0084197154725865
678,0.24573131741010484,0.6483886629622243,0.6483886629622243,1.359369751865267
679,0.5775208113219115,-0.2044283963430814,-0.2044283963430814,0.0033555997038263313
680,1.0838143489140637,1.488776681367655,1.488776681367655,1.1398453503028376
681,-0.32792034883818755,-0.5656675291596699,-0.5656675291596699,0.5715841317042343
682,0.24573131741010484,-0.5656675291596699,-0.5656675291596699,-0.18903302344034484
683,0.24573131741010484,-0.2044283963430814,-0.2044283963430814,0.292707614370386
684,0.89244345544886,0.04867531852830274,0.04867531852830274,0.12447766742185866
685,1.2313121003066263,0.6483886629622243,0.6483886629622243,0.3367857087673687
686,0.4233753604408381,0.6483886629622243,0.6483886629622243,1.4119482675011186
687,0.89244345544886,0.4603741900129792,0.4603741900129792,0.6861203559318637
688,0.5775208113219115,-0.2044283963430814,-0.2044283963430814,0.12447766742185866
689,0.5775208113219115,-5.199337582605575,-5.199337582605575,-0.8081410811231967
690,0.5775208113219115,-5.199337582605575,-5.199337582605575,-0.8081410811231967
691,0.5775208113219115,-5.199337582605575,-5.199337582605575,-0.8081410811231967
692,0.5775208113219115,-5.199337582605575,-5.199337582605575,-0.8081410811231967
693,0.5775208113219115,-5.199337582605575,-5.199337582605575,-0.8081410811231967
694,0.5775208113219115,-5.199337582605575,-5.199337582605575,-0.8081410811231967
695,1.0658769933315468,0.6483886629622243,0.6483886629622243,0.9050066817354775
696,0.5775208113219115,-0.2044283963430814,-0.2044283963430814,0.2301973507935623
697,0.5775208113219115,-0.2044283963430814,-0.2044283963430814,0.2301973507935623
698,0.89244345544886,0.6483886629622243,0.6483886629622243,1.074802443883492
699,1.2313121003066263,-0.5656675291596699,-0.5656675291596699,-0.4142174552999704
700,0.89244345544886,-0.2044283963430814,-0.2044283963430814,0.2301973507935623
701,0.89244345544886,-5.199337582605575,-5.199337582605575,-0.5914531048719768
702,0.89244345544886,-5.199337582605575,-5.199337582605575,-0.5914531048719768
703,0.89244345544886,-5.199337582605575,-5.199337582605575,-0.5914531048719768
704,0.89244345544886,-5.199337582605575,-5.199337582605575,-0.5914531048719768
705,0.89244345544886,-5.199337582605575,-5.199337582605575,-0.5914531048719768
706,0.5775208113219115,-0.5656675291596699,-0.5656675291596699,0.06884400719159312
707,0.24573131741010484,0.04867531852830274,0.04867531852830274,1.3142710080401114
708,0.24573131741010484,-0.5656675291596699,-0.5656675291596699,0.3367857087673687
709,1.2313121003066263,0.4603741900129792,0.4603741900129792,0.6401295897359268
710,1.7041481468418525,-0.5656675291596699,-0.5656675291596699,-0.2682754752050378
711,1.7041481468418525,0.4603741900129792,0.4603741900129792,0.5344375838976175
712,0.5775208113219115,-0.5656675291596699,-0.5656675291596699,0.2301973507935623
713,0.89244345544886,0.4603741900129792,0.4603741900129792,1.59321881802305
714,0.89244345544886,0.04867531852830274,0.04867531852830274,0.9050066817354775
715,0.89244345544886,0.2578542283830443,0.2578542283830443,1.2277393063810706
716,1.2313121003066263,-0.5656675291596699,-0.5656675291596699,-0.126168691846047
717,1.2313121003066263,-0.2044283963430814,-0.2044283963430814,0.2301973507935623
718,1.2313121003066263,-0.2044283963430814,-0.2044283963430814,0.2301973507935623
719,1.7041481468418525,0.8104689864066473,0.8104689864066473,1.1398453503028376
720,1.2313121003066263,-0.2044283963430814,-0.2044283963430814,0.3367857087673687
721,1.7041481468418525,-0.2044283963430814,-0.2044283963430814,0.2301973507935623
722,1.2313121003066263,-0.2044283963430814,-0.2044283963430814,0.4270484445598882
723,1.7041481468418525,-0.5656675291596699,-0.5656675291596699,0.0033555997038263313
724,1.2313121003066263,-5.199337582605575,-5.199337582605575,-0.4142174552999704
725,1.2313121003066263,-5.199337582605575,-5.199337582605575,-0.4142174552999704
726,2.3005159030019255,0.4603741900129792,0.4603741900129792,0.6861203559318637
727,1.2313121003066263,-5.199337582605575,-5.199337582605575,-0.4142174552999704
728,1.2313121003066263,-5.199337582605575,-5.199337582605575,-0.4142174552999704
729,1.7041481468418525,-0.2044283963430814,-0.2044283963430814,0.3887562158823865
730,1.2313121003066263,-0.5656675291596699,-0.5656675291596699,0.12447766742185866
731,0.5775208113219115,-0.2044283963430814,-0.2044283963430814,1.5640554304822154
732,1.7041481468418525,-5.199337582605575,-5.199337582605575,-0.2682754752050378
733,1.7041481468418525,-5.199337582605575,-5.199337582605575,-0.2682754752050378
734,1.7041481468418525,-5.199337582605575,-5.199337582605575,-0.2682754752050378
735,1.7041481468418525,-5.199337582605575,-5.199337582605575,-0.2682754752050378
736,1.7041481468418525,-5.199337582605575,-5.199337582605575,-0.2682754752050378
737,1.7041481468418525,-5.199337582605575,-5.199337582605575,-0.2682754752050378
738,1.7041481468418525,-5.199337582605575,-5.199337582605575,-0.2682754752050378
739,1.7041481468418525,0.04867531852830274,0.04867531852830274,0.7669592295027953
740,1.7041481468418525,-5.199337582605575,-5.199337582605575,-0.2682754752050378
741,1.7041481468418525,0.6483886629622243,0.6483886629622243,1.8889220397410433
742,0.89244345544886,-0.2044283963430814,-0.2044283963430814,1.733546042663166
743,1.7041481468418525,-0.5656675291596699,-0.5656675291596699,0.3367857087673687
744,1.2313121003066263,-0.5656675291596699,-0.5656675291596699,0.7669592295027953
745,1.7041481468418525,-0.2044283963430814,-0.2044283963430814,1.0084197154725865
746,2.650716269691571,-5.199337582605575,-5.199337582605575,0.3887562158823865
747,3.002539054854414,-5.199337582605575,-5.199337582605575,1.2604789043867872
