loc,v(g),ev(g),iv(g),n,v,l,d,i,e,b,t,lOCode,lOComment,lOBlank,locCodeAndComment,uniq_Op,uniq_Opnd,total_Op,total_Opnd,branchCount,defects
16.0,1.0,1.0,1.0,40.0,175.69,0.17,6.0,29.28,1054.16,0.06,58.56,9.0,1.0,2.0,0.0,9.0,12.0,24.0,16.0,1.0,false
12.0,1.0,1.0,1.0,22.0,88.0,0.33,3.0,29.33,264.0,0.03,14.67,4.0,0.0,0.0,0.0,6.0,10.0,12.0,10.0,1.0,true
40.0,3.0,1.0,3.0,88.0,451.38,0.1,10.05,44.93,4534.29,0.15,251.9,29.0,2.0,3.0,1.0,13.0,22.0,54.0,34.0,5.0,true
19.0,3.0,1.0,3.0,31.0,118.03,0.13,8.0,14.75,944.22,0.04,52.46,16.0,0.0,1.0,0.0,8.0,6.0,19.0,12.0,5.0,true
56.0,3.0,1.0,2.0,101.0,537.51,0.13,7.5,71.67,4031.36,0.18,223.96,33.0,5.0,14.0,0.0,10.0,30.0,56.0,45.0,5.0,true
2.0,1.0,1.0,1.0,4.0,8.0,0.67,1.5,5.33,12.0,0.0,0.67,0.0,0.0,0.0,0.0,3.0,1.0,3.0,1.0,1.0,false
5.0,1.0,1.0,1.0,7.0,19.65,0.5,2.0,9.83,39.3,0.01,2.18,3.0,0.0,0.0,0.0,4.0,3.0,4.0,3.0,1.0,false
107.0,9.0,7.0,7.0,187.0,1109.05,0.05,19.95,55.59,22125.51,0.37,1229.19,71.0,11.0,19.0,2.0,21.0,40.0,111.0,76.0,17.0,true
4.0,1.0,1.0,1.0,6.0,15.51,0.5,2.0,7.75,31.02,0.01,1.72,2.0,0.0,0.0,0.0,4.0,2.0,4.0,2.0,1.0,false
4.0,1.0,1.0,1.0,3.0,4.75,1.0,1.0,4.75,4.75,0.0,0.26,0.0,0.0,0.0,0.0,2.0,1.0,2.0,1.0,1.0,false
11.0,1.0,1.0,1.0,24.0,91.38,0.22,4.5,20.31,411.19,0.03,22.84,6.0,0.0,0.0,0.0,7.0,7.0,15.0,9.0,1.0,true
17.0,1.0,1.0,1.0,40.0,175.69,0.17,6.0,29.28,1054.16,0.06,58.56,9.0,1.0,3.0,0.0,9.0,12.0,24.0,16.0,1.0,false
4.0,1.0,1.0,1.0,4.0,8.0,0.67,1.5,5.33,12.0,0.0,0.67,2.0,0.0,0.0,0.0,3.0,1.0,3.0,1.0,1.0,false
45.0,1.0,1.0,1.0,0.0,0.0,0.0,0.0,0.0,0.0,0.0,0.0,0.0,0.0,0.0,0.0,0.0,0.0,0.0,0.0,1.0,true
2.0,1.0,1.0,1.0,3.0,4.75,1.0,1.0,4.75,4.75,0.0,0.26,0.0,0.0,0.0,0.0,2.0,1.0,2.0,1.0,1.0,false
57.0,10.0,1.0,10.0,119.0,610.38,0.08,13.0,46.95,7935.0,0.2,440.83,47.0,0.0,8.0,0.0,14.0,21.0,80.0,39.0,19.0,false
1.0,1.0,1.0,1.0,4.0,8.0,0.67,1.5,5.33,12.0,0.0,0.67,0.0,0.0,0.0,0.0,3.0,1.0,3.0,1.0,1.0,false
61.0,8.0,5.0,8.0,142.0,760.77,0.05,18.78,40.5,14289.29,0.25,793.85,48.0,3.0,6.0,0.0,18.0,23.0,94.0,48.0,15.0,false
8.0,2.0,1.0,1.0,20.0,74.01,0.19,5.25,14.1,388.55,0.02,21.59,5.0,0.0,0.0,0.0,7.0,6.0,11.0,9.0,3.0,true
65.0,6.0,1.0,5.0,155.0,801.34,0.05,19.73,40.62,15808.22,0.27,878.23,54.0,4.0,5.0,0.0,14.0,22.0,93.0,62.0,11.0,true
23.0,2.0,1.0,2.0,68.0,315.78,0.12,8.16,38.72,2575.6,0.11,143.09,14.0,0.0,2.0,0.0,9.0,16.0,39.0,29.0,3.0,false
9.0,1.0,1.0,1.0,25.0,92.51,0.4,2.5,37.0,231.28,0.03,12.85,7.0,0.0,0.0,0.0,5.0,8.0,17.0,8.0,1.0,true
2.0,1.0,1.0,1.0,6.0,15.51,0.4,2.5,6.2,38.77,0.01,2.15,0.0,0.0,0.0,0.0,5.0,1.0,5.0,1.0,1.0,false
43.0,6.0,5.0,5.0,95.0,508.97,0.05,18.9,26.93,9619.48,0.17,534.42,30.0,0.0,10.0,0.0,21.0,20.0,59.0,36.0,11.0,true
2.0,1.0,1.0,1.0,4.0,8.0,0.67,1.5,5.33,12.0,0.0,0.67,0.0,0.0,0.0,0.0,3.0,1.0,3.0,1.0,1.0,false
82.0,16.0,13.0,16.0,204.0,1106.96,0.06,16.45,67.29,18211.24,0.37,1011.74,75.0,2.0,3.0,0.0,12.0,31.0,119.0,85.0,31.0,true
12.0,1.0,1.0,1.0,41.0,182.84,0.12,8.5,21.51,1554.11,0.06,86.34,10.0,0.0,0.0,0.0,11.0,11.0,24.0,17.0,1.0,true
27.0,7.0,7.0,2.0,97.0,485.0,0.1,9.6,50.52,4656.0,0.16,258.67,20.0,1.0,1.0,0.0,12.0,20.0,65.0,32.0,13.0,false
1.0,1.0,1.0,1.0,0.0,0.0,0.0,0.0,0.0,0.0,0.0,0.0,0.0,0.0,0.0,0.0,0.0,0.0,0.0,0.0,1.0,false
78.0,7.0,1.0,6.0,213.0,1189.6,0.06,17.71,67.19,21062.86,0.4,1170.16,66.0,4.0,6.0,0.0,14.0,34.0,127.0,86.0,13.0,true
17.0,3.0,1.0,3.0,31.0,124.0,0.2,5.0,24.8,620.0,0.04,34.44,11.0,0.0,4.0,0.0,8.0,8.0,21.0,10.0,5.0,true
12.0,4.0,1.0,2.0,44.0,199.04,0.1,9.82,20.27,1954.18,0.07,108.57,10.0,0.0,0.0,0.0,12.0,11.0,26.0,18.0,7.0,true
6.0,1.0,1.0,1.0,7.0,19.65,0.5,2.0,9.83,39.3,0.01,2.18,3.0,0.0,1.0,0.0,4.0,3.0,4.0,3.0,1.0,true
3.0,1.0,1.0,1.0,4.0,8.0,1.0,1.0,8.0,8.0,0.0,0.44,2.0,0.0,0.0,0.0,2.0,2.0,2.0,2.0,1.0,false
2.0,1.0,1.0,1.0,5.0,11.61,0.5,2.0,5.8,23.22,0.0,1.29,0.0,0.0,0.0,0.0,4.0,1.0,4.0,1.0,1.0,false
13.0,3.0,1.0,3.0,28.0,112.0,0.12,8.33,13.44,933.33,0.04,51.85,8.0,0.0,3.0,0.0,10.0,6.0,18.0,10.0,5.0,true
11.0,3.0,3.0,2.0,43.0,202.12,0.14,6.97,29.01,1408.1,0.07,78.23,7.0,0.0,2.0,0.0,11.0,15.0,24.0,19.0,5.0,true
27.0,1.0,1.0,1.0,104.0,537.67,0.14,7.33,73.32,3942.93,0.18,219.05,20.0,0.0,3.0,0.0,9.0,27.0,60.0,44.0,1.0,true
13.0,3.0,1.0,3.0,28.0,112.0,0.12,8.33,13.44,933.33,0.04,51.85,8.0,0.0,3.0,0.0,10.0,6.0,18.0,10.0,5.0,true
45.0,3.0,1.0,3.0,83.0,403.21,0.08,12.19,33.08,4914.15,0.13,273.01,25.0,11.0,7.0,0.0,13.0,16.0,53.0,30.0,5.0,true
40.0,5.0,3.0,4.0,95.0,470.65,0.07,13.72,34.3,6458.35,0.16,358.8,35.0,0.0,3.0,0.0,13.0,18.0,57.0,38.0,9.0,true
72.0,12.0,8.0,10.0,215.0,1269.98,0.04,23.42,54.22,29746.87,0.42,1652.6,53.0,6.0,10.0,1.0,21.0,39.0,128.0,87.0,23.0,true
20.0,2.0,1.0,2.0,31.0,133.98,0.15,6.5,20.61,870.87,0.04,48.38,10.0,1.0,7.0,0.0,10.0,10.0,18.0,13.0,3.0,true
4.0,1.0,1.0,1.0,1.0,0.0,0.0,0.0,0.0,0.0,0.0,0.0,1.0,1.0,0.0,0.0,1.0,0.0,1.0,0.0,1.0,true
4.0,1.0,1.0,1.0,7.0,19.65,0.4,2.5,7.86,49.13,0.01,2.73,2.0,0.0,0.0,0.0,5.0,2.0,5.0,2.0,1.0,false
46.0,8.0,6.0,8.0,141.0,769.78,0.07,14.86,51.81,11436.73,0.26,635.37,37.0,2.0,5.0,0.0,16.0,28.0,89.0,52.0,15.0,true
129.0,22.0,16.0,17.0,344.0,2086.73,0.04,25.53,81.73,53276.94,0.7,2959.83,109.0,1.0,13.0,0.0,19.0,48.0,215.0,129.0,43.0,false
14.0,3.0,1.0,2.0,42.0,197.42,0.1,9.92,19.91,1957.73,0.07,108.76,10.0,0.0,2.0,0.0,14.0,12.0,25.0,17.0,5.0,false
27.0,2.0,1.0,2.0,54.0,237.19,0.13,7.88,30.12,1867.83,0.08,103.77,16.0,5.0,4.0,0.0,9.0,12.0,33.0,21.0,3.0,false
14.0,2.0,1.0,2.0,32.0,128.0,0.07,14.3,8.95,1830.4,0.04,101.69,11.0,0.0,1.0,0.0,11.0,5.0,19.0,13.0,3.0,false
2.0,1.0,1.0,1.0,5.0,11.61,0.67,1.5,7.74,17.41,0.0,0.97,0.0,0.0,0.0,0.0,3.0,2.0,3.0,2.0,1.0,false
23.0,6.0,6.0,2.0,70.0,346.79,0.05,19.79,17.52,6863.63,0.12,381.31,17.0,0.0,4.0,0.0,19.0,12.0,45.0,25.0,11.0,true
1.0,1.0,1.0,1.0,4.0,8.0,0.67,1.5,5.33,12.0,0.0,0.67,0.0,0.0,0.0,0.0,3.0,1.0,3.0,1.0,1.0,false
75.0,9.0,6.0,9.0,284.0,1746.53,0.03,30.43,57.39,53155.21,0.58,2953.07,52.0,1.0,18.0,0.0,25.0,46.0,172.0,112.0,17.0,true
58.0,3.0,1.0,3.0,191.0,1016.49,0.05,21.0,48.4,21346.25,0.34,1185.9,46.0,2.0,3.0,0.0,15.0,25.0,121.0,70.0,5.0,true
1.0,1.0,1.0,1.0,4.0,8.0,0.67,1.5,5.33,12.0,0.0,0.67,0.0,0.0,0.0,0.0,3.0,1.0,3.0,1.0,1.0,false
13.0,1.0,1.0,1.0,7.0,16.25,1.33,0.75,21.67,12.19,0.01,0.68,8.0,0.0,1.0,0.0,1.0,4.0,1.0,6.0,1.0,true
98.0,17.0,3.0,15.0,307.0,1875.32,0.03,31.25,60.01,58603.66,0.63,3255.76,82.0,0.0,14.0,0.0,23.0,46.0,182.0,125.0,33.0,true
66.0,12.0,5.0,12.0,177.0,922.07,0.05,20.45,45.08,18860.59,0.31,1047.81,55.0,4.0,5.0,0.0,15.0,22.0,117.0,60.0,23.0,true
4.0,1.0,1.0,1.0,4.0,8.0,0.67,1.5,5.33,12.0,0.0,0.67,2.0,0.0,0.0,0.0,3.0,1.0,3.0,1.0,1.0,false
9.0,1.0,1.0,1.0,31.0,107.24,0.29,3.43,31.28,367.69,0.04,20.43,7.0,0.0,0.0,0.0,4.0,7.0,19.0,12.0,1.0,true
99.0,8.0,5.0,8.0,277.0,1601.44,0.03,30.88,51.86,49456.13,0.53,2747.56,85.0,6.0,6.0,0.0,21.0,34.0,177.0,100.0,15.0,true
48.0,12.0,1.0,11.0,177.0,977.67,0.04,26.92,36.31,26321.9,0.33,1462.33,38.0,2.0,6.0,0.0,20.0,26.0,107.0,70.0,21.0,true
25.0,4.0,1.0,3.0,64.0,293.44,0.11,8.93,32.87,2619.98,0.1,145.55,21.0,1.0,1.0,0.0,10.0,14.0,39.0,25.0,7.0,false
9.0,2.0,1.0,2.0,15.0,53.77,0.24,4.2,12.8,225.85,0.02,12.55,7.0,0.0,0.0,0.0,7.0,5.0,9.0,6.0,3.0,false
2.0,1.0,1.0,1.0,5.0,11.61,0.67,1.5,7.74,17.41,0.0,0.97,0.0,0.0,0.0,0.0,3.0,2.0,3.0,2.0,1.0,false
4.0,1.0,1.0,1.0,3.0,4.75,1.0,1.0,4.75,4.75,0.0,0.26,0.0,0.0,0.0,0.0,2.0,1.0,2.0,1.0,1.0,false
15.0,1.0,1.0,1.0,21.0,84.0,0.33,3.0,28.0,252.0,0.03,14.0,8.0,0.0,1.0,0.0,6.0,10.0,11.0,10.0,1.0,false
44.0,7.0,1.0,5.0,124.0,650.74,0.07,14.0,46.48,9110.4,0.22,506.13,35.0,2.0,3.0,0.0,14.0,24.0,76.0,48.0,13.0,true
15.0,2.0,1.0,2.0,30.0,131.77,0.19,5.25,25.1,691.79,0.04,38.43,8.0,1.0,1.0,0.0,9.0,12.0,16.0,14.0,3.0,true
5.0,1.0,1.0,1.0,10.0,28.07,0.27,3.75,7.49,105.28,0.01,5.85,3.0,0.0,0.0,0.0,5.0,2.0,7.0,3.0,1.0,true
13.0,1.0,1.0,1.0,27.0,108.0,0.2,5.0,21.6,540.0,0.04,30.0,7.0,0.0,1.0,0.0,8.0,8.0,17.0,10.0,1.0,false
38.0,7.0,1.0,7.0,119.0,583.92,0.06,16.0,36.49,9342.72,0.19,519.03,30.0,0.0,6.0,0.0,12.0,18.0,71.0,48.0,13.0,true
176.0,16.0,10.0,14.0,385.0,2467.62,0.04,27.24,90.59,67213.15,0.82,3734.06,123.0,26.0,25.0,0.0,22.0,63.0,229.0,156.0,31.0,true
19.0,2.0,1.0,1.0,22.0,85.95,0.11,9.0,9.55,773.56,0.03,42.98,8.0,5.0,3.0,0.0,10.0,5.0,13.0,9.0,3.0,false
30.0,2.0,1.0,2.0,74.0,330.0,0.08,12.5,26.4,4124.97,0.11,229.17,24.0,2.0,2.0,0.0,10.0,12.0,44.0,30.0,3.0,true
78.0,6.0,3.0,6.0,298.0,1801.23,0.09,10.89,165.42,19613.39,0.6,1089.63,71.0,1.0,1.0,0.0,12.0,54.0,200.0,98.0,10.0,true
29.0,4.0,1.0,1.0,60.0,278.63,0.08,12.46,22.36,3472.18,0.09,192.9,22.0,0.0,2.0,0.0,12.0,13.0,33.0,27.0,7.0,true
69.0,12.0,1.0,12.0,231.0,1212.27,0.04,27.27,44.45,33061.94,0.4,1836.77,62.0,3.0,2.0,0.0,16.0,22.0,156.0,75.0,23.0,true
18.0,1.0,1.0,1.0,41.0,174.17,0.19,5.25,33.17,914.37,0.06,50.8,10.0,0.0,4.0,0.0,7.0,12.0,23.0,18.0,1.0,false
9.0,2.0,1.0,1.0,13.0,41.21,0.25,4.0,10.3,164.84,0.01,9.16,7.0,0.0,0.0,0.0,6.0,3.0,9.0,4.0,3.0,false
13.0,1.0,1.0,1.0,14.0,46.51,0.4,2.5,18.6,116.27,0.02,6.46,5.0,4.0,2.0,0.0,5.0,5.0,9.0,5.0,1.0,false
4.0,1.0,1.0,1.0,4.0,8.0,0.67,1.5,5.33,12.0,0.0,0.67,2.0,0.0,0.0,0.0,3.0,1.0,3.0,1.0,1.0,false
8.0,1.0,1.0,1.0,14.0,50.19,0.33,3.0,16.73,150.57,0.02,8.36,4.0,0.0,1.0,0.0,6.0,6.0,8.0,6.0,1.0,true
4.0,1.0,1.0,1.0,4.0,8.0,1.0,1.0,8.0,8.0,0.0,0.44,1.0,0.0,0.0,0.0,2.0,2.0,2.0,2.0,1.0,false
24.0,4.0,1.0,3.0,55.0,261.51,0.06,17.45,14.98,4564.69,0.09,253.59,19.0,0.0,3.0,0.0,16.0,11.0,31.0,24.0,7.0,true
40.0,4.0,1.0,3.0,110.0,544.96,0.07,15.17,35.93,8265.25,0.18,459.18,31.0,1.0,2.0,0.0,13.0,18.0,68.0,42.0,7.0,true
22.0,3.0,1.0,3.0,47.0,206.44,0.09,10.67,19.35,2202.02,0.07,122.33,14.0,2.0,2.0,0.0,12.0,9.0,31.0,16.0,5.0,true
12.0,1.0,1.0,1.0,39.0,159.41,0.2,4.9,32.53,781.11,0.05,43.4,8.0,0.0,1.0,0.0,7.0,10.0,25.0,14.0,1.0,false
116.0,17.0,8.0,16.0,260.0,1548.09,0.04,25.0,61.92,38702.28,0.52,2150.13,96.0,9.0,9.0,0.0,20.0,42.0,155.0,105.0,33.0,false
9.0,2.0,1.0,2.0,42.0,184.48,0.13,7.73,23.87,1425.51,0.06,79.19,6.0,0.0,1.0,0.0,10.0,11.0,25.0,17.0,3.0,true
57.0,1.0,1.0,1.0,123.0,679.4,0.15,6.57,103.45,4461.99,0.23,247.89,42.0,2.0,11.0,0.0,9.0,37.0,69.0,54.0,1.0,true
47.0,7.0,1.0,6.0,105.0,525.0,0.08,12.05,43.58,6323.86,0.18,351.33,43.0,0.0,2.0,0.0,10.0,22.0,52.0,53.0,13.0,true
14.0,3.0,1.0,1.0,29.0,116.0,0.12,8.33,13.92,966.67,0.04,53.7,11.0,0.0,1.0,0.0,10.0,6.0,19.0,10.0,4.0,false
4.0,1.0,1.0,1.0,6.0,15.51,0.5,2.0,7.75,31.02,0.01,1.72,2.0,0.0,0.0,0.0,4.0,2.0,4.0,2.0,1.0,false
11.0,1.0,1.0,1.0,26.0,98.99,0.17,6.0,16.5,593.95,0.03,33.0,8.0,0.0,1.0,0.0,8.0,6.0,17.0,9.0,1.0,true
9.0,1.0,1.0,1.0,29.0,118.54,0.16,6.19,19.16,733.44,0.04,40.75,6.0,0.0,1.0,0.0,9.0,8.0,18.0,11.0,1.0,false
50.0,5.0,1.0,5.0,116.0,621.48,0.08,11.93,52.11,7411.68,0.21,411.76,41.0,4.0,3.0,0.0,14.0,27.0,70.0,46.0,9.0,true
11.0,1.0,1.0,1.0,24.0,91.38,0.22,4.5,20.31,411.19,0.03,22.84,6.0,0.0,0.0,0.0,7.0,7.0,15.0,9.0,1.0,true
4.0,1.0,1.0,1.0,7.0,19.65,0.4,2.5,7.86,49.13,0.01,2.73,0.0,0.0,0.0,0.0,5.0,2.0,5.0,2.0,1.0,true
17.0,1.0,1.0,1.0,43.0,182.66,0.17,5.82,31.39,1062.75,0.06,59.04,11.0,0.0,2.0,0.0,8.0,11.0,27.0,16.0,1.0,true
11.0,4.0,4.0,4.0,38.0,164.23,0.1,9.78,16.8,1605.84,0.05,89.21,8.0,0.0,1.0,0.0,11.0,9.0,22.0,16.0,7.0,true
35.0,4.0,1.0,4.0,78.0,362.22,0.07,14.31,25.32,5182.54,0.12,287.92,31.0,0.0,2.0,0.0,12.0,13.0,47.0,31.0,7.0,true
27.0,5.0,1.0,4.0,93.0,408.49,0.05,21.33,19.15,8714.36,0.14,484.13,20.0,0.0,5.0,0.0,12.0,9.0,61.0,32.0,9.0,true
74.0,5.0,3.0,4.0,131.0,727.65,0.07,14.45,50.35,10515.73,0.24,584.21,46.0,9.0,11.0,3.0,16.0,31.0,75.0,56.0,9.0,true
112.0,16.0,10.0,13.0,334.0,1988.7,0.03,33.33,59.66,66290.05,0.66,3682.78,95.0,0.0,12.0,0.0,20.0,42.0,194.0,140.0,31.0,true
25.0,3.0,1.0,3.0,65.0,305.53,0.11,9.17,33.33,2800.68,0.1,155.59,17.0,2.0,1.0,0.0,11.0,15.0,40.0,25.0,5.0,false
4.0,1.0,1.0,1.0,4.0,8.0,0.67,1.5,5.33,12.0,0.0,0.67,2.0,0.0,0.0,0.0,3.0,1.0,3.0,1.0,1.0,true
2.0,1.0,1.0,1.0,4.0,8.0,0.67,1.5,5.33,12.0,0.0,0.67,0.0,0.0,0.0,0.0,3.0,1.0,3.0,1.0,1.0,false
92.0,8.0,3.0,8.0,212.0,1184.01,0.07,15.17,78.07,17957.52,0.39,997.64,75.0,5.0,2.0,0.0,12.0,36.0,121.0,91.0,15.0,true
15.0,1.0,1.0,1.0,26.0,101.58,0.29,3.5,29.02,355.53,0.03,19.75,8.0,2.0,3.0,0.0,7.0,8.0,18.0,8.0,1.0,true
15.0,2.0,1.0,2.0,25.0,95.18,0.15,6.67,14.28,634.56,0.03,35.25,10.0,0.0,1.0,0.0,8.0,6.0,15.0,10.0,3.0,false
4.0,1.0,1.0,1.0,5.0,11.61,0.5,2.0,5.8,23.22,0.0,1.29,2.0,0.0,0.0,0.0,4.0,1.0,4.0,1.0,1.0,true
43.0,4.0,1.0,4.0,64.0,300.83,0.11,9.43,31.91,2836.38,0.1,157.58,30.0,8.0,3.0,0.0,12.0,14.0,42.0,22.0,7.0,false
61.0,4.0,1.0,4.0,217.0,1205.35,0.05,18.98,63.49,22882.74,0.4,1271.26,55.0,0.0,2.0,0.0,15.0,32.0,136.0,81.0,7.0,true
62.0,10.0,7.0,10.0,134.0,740.16,0.06,17.24,42.93,12760.86,0.25,708.94,43.0,4.0,11.0,0.0,19.0,27.0,85.0,49.0,19.0,false
107.0,9.0,7.0,7.0,178.0,1051.43,0.05,19.65,53.5,20664.58,0.35,1148.03,70.0,11.0,20.0,2.0,21.0,39.0,105.0,73.0,17.0,true
10.0,2.0,1.0,2.0,23.0,87.57,0.08,12.83,6.82,1123.8,0.03,62.43,8.0,0.0,0.0,0.0,11.0,3.0,16.0,7.0,3.0,true
6.0,1.0,1.0,1.0,10.0,31.7,0.4,2.5,12.68,79.25,0.01,4.4,1.0,0.0,0.0,0.0,5.0,4.0,6.0,4.0,1.0,false
36.0,7.0,3.0,6.0,75.0,360.55,0.07,13.43,26.84,4843.41,0.12,269.08,32.0,0.0,2.0,0.0,13.0,15.0,44.0,31.0,13.0,true
2.0,1.0,1.0,1.0,18.0,68.53,0.29,3.5,19.58,239.86,0.02,13.33,0.0,0.0,0.0,0.0,7.0,7.0,11.0,7.0,1.0,false
2.0,1.0,1.0,1.0,1.0,0.0,0.0,0.0,0.0,0.0,0.0,0.0,0.0,0.0,0.0,0.0,1.0,0.0,1.0,0.0,1.0,false
13.0,1.0,1.0,1.0,31.0,133.98,0.25,4.04,33.18,541.07,0.04,30.06,10.0,1.0,0.0,0.0,7.0,13.0,16.0,15.0,1.0,false
79.0,7.0,1.0,6.0,161.0,889.29,0.07,14.03,63.37,12478.8,0.3,693.27,59.0,6.0,12.0,0.0,15.0,31.0,103.0,58.0,13.0,true
3.0,1.0,1.0,1.0,4.0,8.0,1.0,1.0,8.0,8.0,0.0,0.44,2.0,0.0,0.0,0.0,2.0,2.0,2.0,2.0,1.0,false
4.0,1.0,1.0,1.0,7.0,19.65,0.4,2.5,7.86,49.13,0.01,2.73,2.0,0.0,0.0,0.0,5.0,2.0,5.0,2.0,1.0,false
2.0,1.0,1.0,1.0,4.0,8.0,0.67,1.5,5.33,12.0,0.0,0.67,0.0,0.0,0.0,0.0,3.0,1.0,3.0,1.0,1.0,false
24.0,3.0,1.0,3.0,50.0,232.19,0.14,7.07,32.84,1641.93,0.08,91.22,21.0,0.0,0.0,0.0,11.0,14.0,32.0,18.0,5.0,false
2.0,1.0,1.0,1.0,4.0,8.0,0.67,1.5,5.33,12.0,0.0,0.67,0.0,0.0,0.0,0.0,3.0,1.0,3.0,1.0,1.0,false
4.0,1.0,1.0,1.0,4.0,8.0,0.67,1.5,5.33,12.0,0.0,0.67,2.0,0.0,0.0,0.0,3.0,1.0,3.0,1.0,1.0,false
51.0,6.0,1.0,6.0,129.0,666.92,0.04,24.59,27.12,16398.39,0.22,911.02,45.0,2.0,2.0,0.0,19.0,17.0,85.0,44.0,10.0,false
56.0,3.0,1.0,3.0,150.0,769.39,0.07,14.09,54.62,10838.4,0.26,602.13,43.0,3.0,4.0,0.0,12.0,23.0,96.0,54.0,5.0,true
72.0,7.0,1.0,7.0,142.0,779.84,0.07,14.62,53.34,11401.84,0.26,633.44,46.0,10.0,12.0,0.0,16.0,29.0,89.0,53.0,13.0,true
4.0,1.0,1.0,1.0,9.0,28.53,0.33,3.0,9.51,85.59,0.01,4.75,2.0,0.0,0.0,0.0,6.0,3.0,6.0,3.0,1.0,false
4.0,1.0,1.0,1.0,4.0,8.0,0.67,1.5,5.33,12.0,0.0,0.67,2.0,0.0,0.0,0.0,3.0,1.0,3.0,1.0,1.0,true
11.0,1.0,1.0,1.0,25.0,97.67,0.25,3.94,24.81,384.58,0.03,21.37,8.0,0.0,0.0,0.0,7.0,8.0,16.0,9.0,1.0,false
2.0,1.0,1.0,1.0,5.0,11.61,0.67,1.5,7.74,17.41,0.0,0.97,0.0,0.0,0.0,0.0,3.0,2.0,3.0,2.0,1.0,false
47.0,5.0,5.0,4.0,112.0,611.46,0.06,17.5,34.94,10700.49,0.2,594.47,32.0,5.0,6.0,2.0,20.0,24.0,70.0,42.0,9.0,false
13.0,2.0,1.0,2.0,21.0,75.28,0.14,7.0,10.75,526.99,0.03,29.28,9.0,0.0,2.0,0.0,8.0,4.0,14.0,7.0,3.0,false
2.0,1.0,1.0,1.0,4.0,8.0,0.67,1.5,5.33,12.0,0.0,0.67,0.0,0.0,0.0,0.0,3.0,1.0,3.0,1.0,1.0,false
40.0,5.0,1.0,5.0,125.0,674.04,0.05,19.88,33.91,13396.54,0.22,744.25,28.0,0.0,10.0,0.0,18.0,24.0,72.0,53.0,9.0,true
119.0,14.0,12.0,13.0,220.0,1304.76,0.03,31.2,41.82,40708.58,0.43,2261.59,81.0,23.0,13.0,0.0,26.0,35.0,136.0,84.0,27.0,true
4.0,1.0,1.0,1.0,5.0,11.61,0.67,1.5,7.74,17.41,0.0,0.97,0.0,0.0,0.0,0.0,3.0,2.0,3.0,2.0,1.0,false
1.0,1.0,1.0,1.0,4.0,8.0,0.67,1.5,5.33,12.0,0.0,0.67,0.0,0.0,0.0,0.0,3.0,1.0,3.0,1.0,1.0,false
43.0,5.0,1.0,5.0,117.0,600.13,0.06,17.0,35.3,10202.14,0.2,566.79,36.0,0.0,2.0,1.0,14.0,21.0,66.0,51.0,9.0,false
21.0,1.0,1.0,1.0,25.0,95.18,0.3,3.38,28.2,321.25,0.03,17.85,10.0,4.0,5.0,0.0,6.0,8.0,16.0,9.0,1.0,true
4.0,1.0,1.0,1.0,5.0,11.61,0.67,1.5,7.74,17.41,0.0,0.97,2.0,0.0,0.0,0.0,3.0,2.0,3.0,2.0,1.0,false
15.0,3.0,1.0,3.0,42.0,178.41,0.13,7.78,22.94,1387.66,0.06,77.09,11.0,0.0,2.0,0.0,10.0,9.0,28.0,14.0,5.0,false
2.0,1.0,1.0,1.0,5.0,11.61,0.67,1.5,7.74,17.41,0.0,0.97,0.0,0.0,0.0,0.0,3.0,2.0,3.0,2.0,1.0,false
7.0,1.0,1.0,1.0,14.0,50.19,0.29,3.5,14.34,175.66,0.02,9.76,4.0,0.0,0.0,0.0,7.0,5.0,9.0,5.0,1.0,false
27.0,8.0,6.0,5.0,128.0,694.56,0.05,20.16,34.45,14002.37,0.23,777.91,22.0,0.0,3.0,0.0,18.0,25.0,72.0,56.0,15.0,true
16.0,4.0,1.0,4.0,86.0,430.0,0.11,8.9,48.29,3829.05,0.14,212.72,11.0,0.0,3.0,0.0,11.0,21.0,52.0,34.0,7.0,true
62.0,14.0,1.0,9.0,445.0,3011.84,0.02,41.88,71.91,126141.8,1.0,7007.88,50.0,0.0,5.0,0.0,37.0,72.0,282.0,163.0,36.0,true
109.0,18.0,14.0,15.0,399.0,2550.53,0.02,42.25,60.37,107760.09,0.85,5986.67,93.0,1.0,12.0,0.0,28.0,56.0,230.0,169.0,35.0,true
47.0,6.0,1.0,6.0,149.0,745.0,0.06,16.2,45.99,12069.0,0.25,670.5,41.0,2.0,1.0,0.0,12.0,20.0,95.0,54.0,11.0,true
74.0,6.0,5.0,4.0,135.0,753.97,0.07,14.5,52.0,10932.56,0.25,607.36,45.0,10.0,11.0,4.0,16.0,32.0,77.0,58.0,11.0,true
52.0,6.0,5.0,5.0,139.0,729.46,0.06,15.65,46.6,11417.66,0.24,634.31,39.0,3.0,1.0,1.0,15.0,23.0,91.0,48.0,11.0,false
17.0,2.0,1.0,2.0,24.0,91.38,0.17,6.0,15.23,548.26,0.03,30.46,12.0,0.0,3.0,0.0,8.0,6.0,15.0,9.0,3.0,false
43.0,4.0,1.0,2.0,111.0,590.73,0.1,9.63,61.35,5688.55,0.2,316.03,25.0,2.0,3.0,0.0,13.0,27.0,71.0,40.0,7.0,false
16.0,1.0,1.0,1.0,40.0,175.69,0.17,6.0,29.28,1054.16,0.06,58.56,9.0,1.0,2.0,0.0,9.0,12.0,24.0,16.0,1.0,false
120.0,19.0,6.0,11.0,318.0,1998.76,0.04,22.41,89.18,44799.75,0.67,2488.87,85.0,20.0,10.0,3.0,20.0,58.0,188.0,130.0,37.0,false
16.0,1.0,1.0,1.0,43.0,175.76,0.16,6.27,28.02,1102.5,0.06,61.25,14.0,0.0,1.0,0.0,6.0,11.0,20.0,23.0,1.0,true
8.0,3.0,1.0,3.0,13.0,36.5,0.2,5.0,7.3,182.48,0.01,10.14,5.0,0.0,1.0,0.0,5.0,2.0,9.0,4.0,5.0,true
17.0,2.0,1.0,2.0,20.0,76.15,0.19,5.33,14.28,406.12,0.03,22.56,11.0,0.0,4.0,0.0,8.0,6.0,12.0,8.0,3.0,false
7.0,1.0,1.0,1.0,14.0,50.19,0.33,3.0,16.73,150.57,0.02,8.36,4.0,0.0,0.0,0.0,6.0,6.0,8.0,6.0,1.0,true
49.0,7.0,1.0,6.0,110.0,554.88,0.08,12.17,45.58,6755.1,0.18,375.28,44.0,0.0,3.0,0.0,10.0,23.0,54.0,56.0,13.0,true
30.0,2.0,1.0,2.0,55.0,248.8,0.11,9.17,27.14,2280.63,0.08,126.7,21.0,0.0,4.0,0.0,11.0,12.0,35.0,20.0,3.0,true
39.0,4.0,1.0,4.0,70.0,350.0,0.1,9.92,35.28,3472.37,0.12,192.91,23.0,4.0,5.0,5.0,13.0,19.0,41.0,29.0,7.0,false
2.0,1.0,1.0,1.0,3.0,4.75,1.0,1.0,4.75,4.75,0.0,0.26,0.0,0.0,0.0,0.0,2.0,1.0,2.0,1.0,1.0,false
16.0,1.0,1.0,1.0,28.0,109.39,0.22,4.57,23.93,500.08,0.04,27.78,11.0,1.0,1.0,0.0,8.0,7.0,20.0,8.0,3.0,true
116.0,11.0,4.0,8.0,289.0,1700.08,0.04,26.6,63.91,45222.23,0.57,2512.35,88.0,14.0,12.0,0.0,19.0,40.0,177.0,112.0,21.0,true
1.0,1.0,1.0,1.0,6.0,15.51,0.0,0.0,0.0,0.0,0.01,0.0,0.0,0.0,0.0,0.0,6.0,0.0,6.0,0.0,1.0,false
12.0,1.0,1.0,1.0,25.0,100.0,0.2,5.0,20.0,500.0,0.03,27.78,7.0,0.0,0.0,0.0,8.0,8.0,15.0,10.0,1.0,false
107.0,18.0,11.0,12.0,213.0,1236.97,0.03,31.05,39.84,38405.82,0.41,2133.66,80.0,19.0,0.0,4.0,25.0,31.0,136.0,77.0,35.0,false
66.0,6.0,1.0,6.0,153.0,791.0,0.06,15.83,49.98,12518.41,0.26,695.47,51.0,4.0,9.0,0.0,13.0,23.0,97.0,56.0,11.0,false
30.0,2.0,1.0,2.0,93.0,460.74,0.14,7.14,64.5,3291.0,0.15,182.83,21.0,0.0,1.0,0.0,10.0,21.0,63.0,30.0,3.0,true
4.0,1.0,1.0,1.0,9.0,27.0,0.5,2.0,13.5,54.0,0.01,3.0,2.0,0.0,0.0,0.0,4.0,4.0,5.0,4.0,1.0,false
20.0,4.0,3.0,3.0,36.0,147.15,0.14,7.31,20.12,1076.02,0.05,59.78,14.0,0.0,3.0,0.0,9.0,8.0,23.0,13.0,7.0,true
5.0,2.0,1.0,1.0,17.0,68.0,0.22,4.5,15.11,306.0,0.02,17.0,3.0,0.0,0.0,0.0,9.0,7.0,10.0,7.0,3.0,false
1.0,1.0,1.0,1.0,4.0,8.0,0.67,1.5,5.33,12.0,0.0,0.67,0.0,0.0,0.0,0.0,3.0,1.0,3.0,1.0,1.0,false
23.0,3.0,1.0,2.0,70.0,316.65,0.07,14.18,22.33,4490.66,0.11,249.48,18.0,1.0,1.0,0.0,12.0,11.0,44.0,26.0,5.0,true
6.0,1.0,1.0,1.0,13.0,39.0,0.24,4.17,9.36,162.5,0.01,9.03,3.0,0.0,0.0,0.0,5.0,3.0,8.0,5.0,1.0,false
18.0,3.0,1.0,2.0,26.0,101.58,0.14,7.0,14.51,711.05,0.03,39.5,10.0,1.0,2.0,3.0,10.0,5.0,19.0,7.0,4.0,false
32.0,3.0,1.0,3.0,115.0,620.12,0.11,9.4,65.97,5829.1,0.21,323.84,20.0,0.0,3.0,0.0,12.0,30.0,68.0,47.0,5.0,false
5.0,1.0,1.0,1.0,8.0,24.0,0.33,3.0,8.0,72.0,0.01,4.0,3.0,0.0,0.0,0.0,6.0,2.0,6.0,2.0,1.0,true
119.0,14.0,1.0,14.0,289.0,1605.28,0.03,30.72,52.25,49320.73,0.54,2740.04,85.0,26.0,6.0,0.0,18.0,29.0,190.0,99.0,27.0,true
24.0,5.0,3.0,4.0,63.0,320.51,0.06,15.83,20.24,5074.74,0.11,281.93,19.0,0.0,3.0,0.0,19.0,15.0,38.0,25.0,9.0,true
2.0,1.0,1.0,1.0,4.0,8.0,0.67,1.5,5.33,12.0,0.0,0.67,0.0,0.0,0.0,0.0,3.0,1.0,3.0,1.0,1.0,false
10.0,2.0,1.0,2.0,17.0,60.94,0.33,3.0,20.31,182.83,0.02,10.16,6.0,1.0,0.0,1.0,6.0,6.0,11.0,6.0,3.0,false
30.0,3.0,1.0,3.0,77.0,361.93,0.08,12.43,29.12,4498.32,0.12,249.91,26.0,0.0,2.0,0.0,12.0,14.0,48.0,29.0,5.0,true
217.0,28.0,18.0,27.0,521.0,3348.08,0.04,23.29,143.73,77990.66,1.12,4332.81,173.0,17.0,23.0,0.0,18.0,68.0,345.0,176.0,54.0,true
25.0,1.0,1.0,1.0,100.0,516.99,0.15,6.67,77.55,3446.62,0.17,191.48,17.0,0.0,0.0,0.0,9.0,27.0,60.0,40.0,1.0,false
5.0,1.0,1.0,1.0,9.0,28.53,0.33,3.0,9.51,85.59,0.01,4.75,2.0,0.0,0.0,0.0,6.0,3.0,6.0,3.0,1.0,false
55.0,4.0,3.0,3.0,152.0,894.16,0.06,16.14,55.37,14440.71,0.3,802.26,37.0,3.0,7.0,0.0,19.0,40.0,84.0,68.0,7.0,true
3.0,1.0,1.0,1.0,1.0,0.0,0.0,0.0,0.0,0.0,0.0,0.0,1.0,0.0,0.0,0.0,1.0,0.0,1.0,0.0,1.0,false
1.0,1.0,1.0,1.0,4.0,8.0,0.67,1.5,5.33,12.0,0.0,0.67,0.0,0.0,0.0,0.0,3.0,1.0,3.0,1.0,1.0,false
1.0,1.0,1.0,1.0,0.0,0.0,0.0,0.0,0.0,0.0,0.0,0.0,0.0,0.0,0.0,0.0,0.0,0.0,0.0,0.0,1.0,false
13.0,3.0,1.0,3.0,28.0,112.0,0.12,8.33,13.44,933.33,0.04,51.85,8.0,0.0,3.0,0.0,10.0,6.0,18.0,10.0,5.0,true
58.0,9.0,1.0,9.0,193.0,1027.13,0.05,20.7,49.62,21261.63,0.34,1181.2,50.0,2.0,2.0,0.0,15.0,25.0,124.0,69.0,17.0,true
22.0,1.0,1.0,1.0,69.0,331.71,0.18,5.6,59.23,1857.56,0.11,103.2,13.0,0.0,0.0,0.0,8.0,20.0,41.0,28.0,1.0,true
15.0,1.0,1.0,1.0,41.0,177.2,0.19,5.33,33.22,945.06,0.06,52.5,9.0,0.0,0.0,0.0,8.0,12.0,25.0,16.0,1.0,true
5.0,3.0,3.0,1.0,24.0,100.08,0.1,10.4,9.62,1040.81,0.03,57.82,3.0,0.0,0.0,0.0,13.0,5.0,16.0,8.0,5.0,false
4.0,1.0,1.0,1.0,7.0,19.65,0.5,2.0,9.83,39.3,0.01,2.18,2.0,0.0,0.0,0.0,4.0,3.0,4.0,3.0,1.0,false
4.0,1.0,1.0,1.0,5.0,11.61,0.5,2.0,5.8,23.22,0.0,1.29,2.0,0.0,0.0,0.0,4.0,1.0,4.0,1.0,1.0,false
14.0,1.0,1.0,1.0,33.0,134.89,0.24,4.2,32.11,566.52,0.04,31.47,10.0,0.0,0.0,0.0,7.0,10.0,21.0,12.0,1.0,true
23.0,1.0,1.0,1.0,69.0,331.71,0.18,5.6,59.23,1857.56,0.11,103.2,13.0,0.0,0.0,0.0,8.0,20.0,41.0,28.0,1.0,true
95.0,16.0,9.0,16.0,254.0,1506.41,0.04,27.64,54.5,41638.64,0.5,2313.26,82.0,0.0,10.0,1.0,22.0,39.0,156.0,98.0,31.0,true
50.0,6.0,5.0,5.0,144.0,804.23,0.05,20.0,40.21,16084.69,0.27,893.59,41.0,2.0,5.0,0.0,20.0,28.0,88.0,56.0,11.0,true
20.0,1.0,1.0,1.0,27.0,112.59,0.41,2.43,46.36,273.43,0.04,15.19,15.0,1.0,0.0,0.0,4.0,14.0,10.0,17.0,1.0,true
3.0,1.0,1.0,1.0,1.0,0.0,0.0,0.0,0.0,0.0,0.0,0.0,1.0,0.0,0.0,0.0,1.0,0.0,1.0,0.0,1.0,false
113.0,15.0,11.0,14.0,527.0,3493.67,0.03,33.28,104.99,116258.98,1.16,6458.83,88.0,5.0,18.0,0.0,25.0,74.0,330.0,197.0,29.0,true
7.0,1.0,1.0,1.0,20.0,78.14,0.25,4.0,19.53,312.55,0.03,17.36,5.0,0.0,0.0,0.0,8.0,7.0,13.0,7.0,1.0,true
1.0,1.0,1.0,1.0,5.0,11.61,0.67,1.5,7.74,17.41,0.0,0.97,0.0,0.0,0.0,0.0,3.0,2.0,3.0,2.0,1.0,false
46.0,3.0,1.0,3.0,62.0,284.27,0.09,11.0,25.84,3126.94,0.09,173.72,24.0,11.0,9.0,0.0,12.0,12.0,40.0,22.0,5.0,false
84.0,15.0,9.0,15.0,230.0,1347.34,0.04,25.26,53.35,34029.33,0.45,1890.52,72.0,0.0,10.0,0.0,21.0,37.0,141.0,89.0,29.0,true
17.0,4.0,3.0,3.0,32.0,125.02,0.12,8.25,15.15,1031.42,0.04,57.3,15.0,0.0,0.0,0.0,9.0,6.0,21.0,11.0,7.0,true
4.0,1.0,1.0,1.0,7.0,19.65,0.4,2.5,7.86,49.13,0.01,2.73,2.0,0.0,0.0,0.0,5.0,2.0,5.0,2.0,1.0,false
50.0,5.0,4.0,4.0,122.0,625.77,0.06,16.5,37.93,10325.25,0.21,573.62,43.0,2.0,3.0,0.0,15.0,20.0,78.0,44.0,9.0,true
6.0,1.0,1.0,1.0,0.0,0.0,0.0,0.0,0.0,0.0,0.0,0.0,0.0,0.0,0.0,0.0,0.0,0.0,0.0,0.0,1.0,false
11.0,1.0,1.0,1.0,11.0,36.54,0.33,3.0,12.18,109.62,0.01,6.09,6.0,0.0,1.0,0.0,6.0,4.0,7.0,4.0,1.0,true
41.0,6.0,3.0,6.0,109.0,572.02,0.05,18.45,31.0,10553.84,0.19,586.32,35.0,0.0,2.0,0.0,18.0,20.0,68.0,41.0,11.0,true
3.0,1.0,1.0,1.0,1.0,0.0,0.0,0.0,0.0,0.0,0.0,0.0,1.0,0.0,0.0,0.0,1.0,0.0,1.0,0.0,1.0,false
38.0,8.0,8.0,5.0,191.0,1123.58,0.04,28.27,39.75,31758.83,0.37,1764.38,26.0,1.0,8.0,0.0,27.0,32.0,124.0,67.0,15.0,true
12.0,1.0,1.0,1.0,27.0,110.36,0.31,3.27,33.72,361.18,0.04,20.07,6.0,0.0,2.0,0.0,6.0,11.0,15.0,12.0,1.0,false
12.0,2.0,1.0,2.0,24.0,88.81,0.29,3.43,25.9,304.49,0.03,16.92,8.0,2.0,0.0,0.0,6.0,7.0,16.0,8.0,3.0,true
3.0,1.0,1.0,1.0,4.0,8.0,1.0,1.0,8.0,8.0,0.0,0.44,2.0,0.0,0.0,0.0,2.0,2.0,2.0,2.0,1.0,true
8.0,2.0,1.0,2.0,15.0,51.89,0.28,3.6,14.41,186.81,0.02,10.38,6.0,0.0,0.0,0.0,6.0,5.0,9.0,6.0,3.0,false
11.0,2.0,1.0,2.0,26.0,108.42,0.29,3.5,30.98,379.46,0.04,21.08,9.0,0.0,0.0,0.0,7.0,11.0,15.0,11.0,3.0,true
16.0,2.0,1.0,2.0,43.0,191.76,0.18,5.43,35.32,1040.96,0.06,57.83,13.0,0.0,1.0,0.0,8.0,14.0,24.0,19.0,3.0,true
13.0,2.0,1.0,2.0,29.0,120.93,0.15,6.87,17.59,831.38,0.04,46.19,10.0,0.0,1.0,0.0,10.0,8.0,18.0,11.0,3.0,false
34.0,4.0,1.0,4.0,69.0,298.21,0.06,15.89,18.77,4738.27,0.1,263.24,19.0,0.0,13.0,0.0,11.0,9.0,43.0,26.0,7.0,true
35.0,5.0,3.0,4.0,83.0,415.0,0.09,10.61,39.13,4401.18,0.14,244.51,25.0,3.0,5.0,0.0,13.0,19.0,52.0,31.0,9.0,true
52.0,6.0,1.0,5.0,133.0,670.9,0.06,16.25,41.29,10902.2,0.22,605.68,43.0,3.0,2.0,0.0,13.0,20.0,83.0,50.0,11.0,true
39.0,3.0,1.0,3.0,104.0,494.51,0.07,14.4,34.34,7120.92,0.16,395.61,29.0,2.0,4.0,0.0,12.0,15.0,68.0,36.0,5.0,false
27.0,6.0,1.0,5.0,131.0,697.17,0.05,18.67,37.35,13013.89,0.23,722.99,22.0,0.0,3.0,0.0,16.0,24.0,75.0,56.0,11.0,true
1.0,1.0,1.0,1.0,1.0,0.0,0.0,0.0,0.0,0.0,0.0,0.0,0.0,0.0,0.0,0.0,1.0,0.0,1.0,0.0,1.0,false
4.0,1.0,1.0,1.0,4.0,8.0,0.67,1.5,5.33,12.0,0.0,0.67,2.0,0.0,0.0,0.0,3.0,1.0,3.0,1.0,1.0,false
12.0,1.0,1.0,1.0,22.0,76.11,0.3,3.33,22.83,253.69,0.03,14.09,6.0,1.0,3.0,0.0,5.0,6.0,14.0,8.0,1.0,true
1.0,1.0,1.0,1.0,1.0,1.0,1.0,1.0,1.0,1.0,1.0,1.0,1.0,1.0,1.0,1.0,1.0,1.0,1.0,1.0,1.0,true
6.0,1.0,1.0,1.0,9.0,27.0,0.4,2.5,10.8,67.5,0.01,3.75,4.0,0.0,0.0,0.0,5.0,3.0,6.0,3.0,1.0,false
97.0,11.0,8.0,8.0,216.0,1259.9,0.03,30.44,41.39,38352.97,0.42,2130.72,70.0,10.0,13.0,2.0,23.0,34.0,126.0,90.0,21.0,true
41.0,5.0,3.0,5.0,100.0,504.44,0.09,11.05,45.65,5574.06,0.17,309.67,38.0,1.0,0.0,0.0,13.0,20.0,66.0,34.0,8.0,false
2.0,1.0,1.0,1.0,3.0,4.75,1.0,1.0,4.75,4.75,0.0,0.26,0.0,0.0,0.0,0.0,2.0,1.0,2.0,1.0,1.0,false
19.0,2.0,1.0,2.0,40.0,175.69,0.15,6.82,25.77,1197.9,0.06,66.55,12.0,1.0,2.0,0.0,10.0,11.0,25.0,15.0,3.0,false
12.0,1.0,1.0,1.0,18.0,66.61,0.21,4.67,14.27,310.84,0.02,17.27,6.0,0.0,2.0,0.0,7.0,6.0,10.0,8.0,1.0,true
20.0,7.0,7.0,3.0,54.0,240.81,0.1,9.58,25.13,2307.76,0.08,128.21,14.0,0.0,1.0,0.0,10.0,12.0,31.0,23.0,13.0,true
9.0,2.0,1.0,1.0,31.0,129.27,0.18,5.6,23.08,723.9,0.04,40.22,6.0,0.0,0.0,0.0,8.0,10.0,17.0,14.0,3.0,true
24.0,5.0,3.0,4.0,129.0,724.3,0.04,24.87,29.12,18012.97,0.24,1000.72,19.0,0.0,3.0,0.0,26.0,23.0,85.0,44.0,9.0,true
54.0,4.0,1.0,2.0,92.0,475.63,0.08,12.5,38.05,5945.41,0.16,330.3,36.0,5.0,9.0,0.0,15.0,21.0,57.0,35.0,6.0,false
152.0,22.0,6.0,16.0,463.0,3027.63,0.03,29.75,101.78,90061.35,1.01,5003.41,130.0,4.0,16.0,0.0,22.0,71.0,271.0,192.0,42.0,true
11.0,1.0,1.0,1.0,14.0,51.81,0.25,4.0,12.95,207.22,0.02,11.51,6.0,0.0,1.0,0.0,8.0,5.0,9.0,5.0,1.0,true
125.0,8.0,5.0,7.0,272.0,1704.57,0.06,17.69,96.33,30162.15,0.57,1675.67,88.0,19.0,16.0,0.0,18.0,59.0,156.0,116.0,15.0,true
38.0,2.0,1.0,2.0,90.0,445.88,0.08,13.0,34.3,5796.41,0.15,322.02,27.0,4.0,5.0,0.0,13.0,18.0,54.0,36.0,3.0,true
96.0,9.0,1.0,8.0,274.0,1554.24,0.04,22.29,69.72,34646.7,0.52,1924.82,82.0,7.0,5.0,0.0,15.0,36.0,167.0,107.0,17.0,true
30.0,1.0,1.0,1.0,21.0,85.84,0.3,3.33,25.75,286.12,0.03,15.9,18.0,0.0,1.0,0.0,5.0,12.0,5.0,16.0,1.0,true
63.0,8.0,5.0,8.0,133.0,730.42,0.06,17.0,42.97,12417.08,0.24,689.84,54.0,1.0,6.0,0.0,18.0,27.0,82.0,51.0,15.0,true
19.0,1.0,1.0,1.0,18.0,57.06,0.27,3.75,15.22,213.97,0.02,11.89,6.0,4.0,0.0,0.0,5.0,4.0,12.0,6.0,1.0,false
70.0,13.0,4.0,12.0,291.0,1795.45,0.03,33.41,53.74,59984.29,0.6,3332.46,56.0,2.0,4.0,1.0,28.0,44.0,186.0,105.0,31.0,true
22.0,2.0,1.0,2.0,36.0,144.0,0.21,4.67,30.86,672.0,0.05,37.33,14.0,3.0,2.0,1.0,7.0,9.0,24.0,12.0,3.0,false
14.0,3.0,1.0,3.0,29.0,103.96,0.16,6.3,16.5,654.97,0.03,36.39,12.0,0.0,0.0,0.0,7.0,5.0,20.0,9.0,5.0,false
5.0,1.0,1.0,1.0,11.0,36.54,0.33,3.0,12.18,109.62,0.01,6.09,2.0,0.0,0.0,0.0,6.0,4.0,7.0,4.0,1.0,false
10.0,1.0,1.0,1.0,8.0,24.0,0.4,2.5,9.6,60.0,0.01,3.33,4.0,0.0,1.0,0.0,5.0,3.0,5.0,3.0,1.0,false
2.0,1.0,1.0,1.0,4.0,8.0,0.67,1.5,5.33,12.0,0.0,0.67,0.0,0.0,0.0,0.0,3.0,1.0,3.0,1.0,1.0,false
29.0,3.0,1.0,3.0,64.0,300.83,0.11,9.17,32.82,2757.59,0.1,153.2,25.0,0.0,1.0,0.0,11.0,15.0,39.0,25.0,5.0,true
15.0,2.0,1.0,2.0,17.0,60.94,0.2,4.9,12.44,298.63,0.02,16.59,8.0,3.0,1.0,0.0,7.0,5.0,10.0,7.0,3.0,true
61.0,7.0,1.0,7.0,167.0,942.52,0.09,11.57,81.45,10906.35,0.31,605.91,47.0,3.0,9.0,0.0,15.0,35.0,113.0,54.0,13.0,true
23.0,1.0,1.0,1.0,65.0,301.85,0.08,12.18,24.79,3676.11,0.1,204.23,16.0,0.0,5.0,0.0,11.0,14.0,34.0,31.0,1.0,false
5.0,1.0,1.0,1.0,11.0,28.43,0.25,4.0,7.11,113.74,0.01,6.32,3.0,0.0,0.0,0.0,4.0,2.0,7.0,4.0,1.0,false
23.0,8.0,8.0,8.0,109.0,545.0,0.07,14.71,37.05,8017.24,0.18,445.4,19.0,0.0,1.0,0.0,13.0,19.0,66.0,43.0,15.0,true
5.0,1.0,1.0,1.0,9.0,28.53,0.33,3.0,9.51,85.59,0.01,4.75,2.0,0.0,0.0,0.0,6.0,3.0,6.0,3.0,1.0,false
15.0,2.0,1.0,2.0,53.0,239.75,0.21,4.81,49.82,1153.79,0.08,64.09,12.0,0.0,1.0,0.0,7.0,16.0,31.0,22.0,3.0,false
20.0,2.0,1.0,2.0,20.0,74.01,0.16,6.42,11.53,474.89,0.02,26.38,6.0,10.0,2.0,1.0,7.0,6.0,9.0,11.0,3.0,true
45.0,3.0,1.0,3.0,76.0,376.52,0.1,10.47,35.95,3942.99,0.13,219.05,25.0,6.0,8.0,2.0,13.0,18.0,47.0,29.0,5.0,false
73.0,10.0,7.0,9.0,247.0,1421.46,0.02,40.09,35.46,56980.83,0.47,3165.6,59.0,0.0,12.0,0.0,25.0,29.0,154.0,93.0,19.0,true
4.0,1.0,1.0,1.0,7.0,19.65,0.4,2.5,7.86,49.13,0.01,2.73,2.0,0.0,0.0,0.0,5.0,2.0,5.0,2.0,1.0,false
25.0,2.0,1.0,2.0,38.0,169.46,0.19,5.19,32.64,879.88,0.06,48.88,18.0,2.0,3.0,0.0,9.0,13.0,23.0,15.0,3.0,true
7.0,1.0,1.0,1.0,21.0,69.76,0.33,3.0,23.25,209.28,0.02,11.63,5.0,0.0,0.0,0.0,5.0,5.0,15.0,6.0,1.0,false
82.0,13.0,4.0,12.0,196.0,1117.29,0.03,29.7,37.62,33183.4,0.37,1843.52,71.0,2.0,7.0,0.0,22.0,30.0,115.0,81.0,25.0,true
4.0,1.0,1.0,1.0,4.0,8.0,0.67,1.5,5.33,12.0,0.0,0.67,2.0,0.0,0.0,0.0,3.0,1.0,3.0,1.0,1.0,true
19.0,5.0,5.0,4.0,84.0,423.73,0.07,14.17,29.91,6002.83,0.14,333.49,14.0,0.0,3.0,0.0,15.0,18.0,50.0,34.0,9.0,true
4.0,1.0,1.0,1.0,3.0,4.75,1.0,1.0,4.75,4.75,0.0,0.26,1.0,0.0,0.0,0.0,2.0,1.0,2.0,1.0,1.0,false
4.0,1.0,1.0,1.0,5.0,11.61,0.5,2.0,5.8,23.22,0.0,1.29,2.0,0.0,0.0,0.0,4.0,1.0,4.0,1.0,1.0,false
14.0,3.0,3.0,3.0,40.0,169.92,0.11,8.94,19.01,1518.63,0.06,84.37,10.0,0.0,1.0,0.0,11.0,8.0,27.0,13.0,5.0,true
25.0,3.0,1.0,3.0,58.0,254.75,0.11,9.35,27.25,2381.95,0.08,132.33,21.0,0.0,2.0,0.0,11.0,10.0,41.0,17.0,5.0,false
23.0,3.0,1.0,3.0,55.0,241.58,0.1,9.9,24.4,2391.62,0.08,132.87,18.0,2.0,1.0,0.0,11.0,10.0,37.0,18.0,5.0,false
7.0,1.0,1.0,1.0,14.0,50.19,0.33,3.0,16.73,150.57,0.02,8.36,3.0,0.0,0.0,0.0,6.0,6.0,8.0,6.0,1.0,false
18.0,3.0,1.0,3.0,38.0,166.91,0.09,11.33,14.73,1891.62,0.06,105.09,14.0,0.0,2.0,0.0,12.0,9.0,21.0,17.0,5.0,false
2.0,1.0,1.0,1.0,3.0,4.75,1.0,1.0,4.75,4.75,0.0,0.26,0.0,0.0,0.0,0.0,2.0,1.0,2.0,1.0,1.0,true
151.0,18.0,4.0,16.0,439.0,2790.97,0.03,38.54,72.43,107551.84,0.93,5975.1,120.0,3.0,24.0,2.0,26.0,56.0,273.0,166.0,34.0,true
3.0,1.0,1.0,1.0,1.0,0.0,0.0,0.0,0.0,0.0,0.0,0.0,1.0,0.0,0.0,0.0,1.0,0.0,1.0,0.0,1.0,false
30.0,1.0,1.0,1.0,54.0,108.0,0.03,39.0,2.77,4212.0,0.04,234.0,28.0,0.0,0.0,0.0,3.0,1.0,28.0,26.0,1.0,true
17.0,4.0,3.0,3.0,32.0,125.02,0.12,8.25,15.15,1031.42,0.04,57.3,15.0,0.0,0.0,0.0,9.0,6.0,21.0,11.0,7.0,true
4.0,1.0,1.0,1.0,7.0,18.09,0.67,1.5,12.06,27.14,0.01,1.51,0.0,0.0,0.0,0.0,3.0,3.0,4.0,3.0,1.0,false
24.0,4.0,1.0,4.0,74.0,347.83,0.09,11.37,30.6,3953.7,0.12,219.65,20.0,0.0,0.0,0.0,11.0,15.0,43.0,31.0,7.0,true
33.0,4.0,1.0,4.0,73.0,334.7,0.07,14.5,23.08,4853.18,0.11,269.62,30.0,0.0,1.0,0.0,12.0,12.0,44.0,29.0,7.0,true
3.0,1.0,1.0,1.0,9.0,23.26,0.5,2.0,11.63,46.53,0.01,2.58,1.0,0.0,0.0,0.0,3.0,3.0,5.0,4.0,1.0,false
92.0,8.0,3.0,8.0,203.0,1121.28,0.07,15.35,73.03,17214.99,0.37,956.39,75.0,4.0,4.0,0.0,12.0,34.0,116.0,87.0,15.0,true
2.0,1.0,1.0,1.0,4.0,8.0,0.67,1.5,5.33,12.0,0.0,0.67,0.0,0.0,0.0,0.0,3.0,1.0,3.0,1.0,1.0,false
7.0,2.0,1.0,2.0,8.0,20.68,0.2,5.0,4.14,103.4,0.01,5.74,5.0,0.0,0.0,0.0,5.0,1.0,6.0,2.0,3.0,false
9.0,2.0,1.0,2.0,41.0,180.09,0.08,12.19,14.78,2194.79,0.06,121.93,6.0,0.0,1.0,0.0,13.0,8.0,26.0,15.0,3.0,true
220.0,12.0,8.0,12.0,453.0,3028.98,0.05,21.49,140.96,65087.11,1.01,3615.95,142.0,44.0,32.0,0.0,19.0,84.0,263.0,190.0,23.0,true
13.0,1.0,1.0,1.0,14.0,46.51,0.4,2.5,18.6,116.27,0.02,6.46,5.0,4.0,2.0,0.0,5.0,5.0,9.0,5.0,1.0,false
11.0,1.0,1.0,1.0,24.0,91.38,0.22,4.5,20.31,411.19,0.03,22.84,6.0,0.0,0.0,0.0,7.0,7.0,15.0,9.0,1.0,true
8.0,2.0,1.0,1.0,17.0,62.91,0.15,6.75,9.32,424.63,0.02,23.59,6.0,0.0,0.0,0.0,9.0,4.0,11.0,6.0,3.0,true
29.0,4.0,3.0,3.0,69.0,348.06,0.1,9.95,34.99,3462.31,0.12,192.35,22.0,0.0,5.0,0.0,14.0,19.0,42.0,27.0,7.0,true
4.0,1.0,1.0,1.0,8.0,22.46,0.33,3.0,7.49,67.38,0.01,3.74,2.0,0.0,0.0,0.0,6.0,1.0,7.0,1.0,1.0,false
68.0,18.0,5.0,18.0,192.0,1066.48,0.06,15.48,68.88,16513.25,0.36,917.4,53.0,10.0,3.0,0.0,16.0,31.0,132.0,60.0,35.0,true
21.0,5.0,4.0,2.0,81.0,418.76,0.05,21.0,19.94,8794.04,0.14,488.56,13.0,0.0,6.0,0.0,21.0,15.0,51.0,30.0,9.0,true
15.0,2.0,1.0,2.0,25.0,95.18,0.15,6.67,14.28,634.56,0.03,35.25,10.0,0.0,1.0,0.0,8.0,6.0,15.0,10.0,3.0,false
38.0,5.0,3.0,4.0,93.0,460.74,0.08,13.0,35.44,5989.62,0.15,332.76,34.0,0.0,2.0,0.0,13.0,18.0,57.0,36.0,9.0,true
26.0,2.0,1.0,2.0,68.0,319.63,0.14,7.15,44.72,2284.41,0.11,126.91,21.0,0.0,3.0,0.0,9.0,17.0,41.0,27.0,3.0,true
27.0,3.0,1.0,3.0,46.0,216.22,0.11,9.33,23.17,2018.06,0.07,112.11,16.0,6.0,1.0,2.0,14.0,12.0,30.0,16.0,5.0,false
55.0,5.0,1.0,5.0,118.0,605.26,0.1,10.08,60.03,6102.99,0.2,339.06,48.0,0.0,0.0,0.0,11.0,24.0,74.0,44.0,8.0,true
60.0,6.0,3.0,5.0,176.0,982.95,0.05,19.5,50.41,19167.59,0.33,1064.87,46.0,0.0,5.0,0.0,18.0,30.0,111.0,65.0,11.0,true
23.0,1.0,1.0,1.0,67.0,307.19,0.21,4.74,64.87,1454.65,0.1,80.81,18.0,0.0,1.0,0.0,7.0,17.0,44.0,23.0,1.0,true
5.0,1.0,1.0,1.0,9.0,27.0,0.33,3.0,9.0,81.0,0.01,4.5,2.0,0.0,0.0,1.0,6.0,2.0,7.0,2.0,1.0,false
55.0,5.0,1.0,3.0,142.0,765.71,0.07,14.25,53.73,10911.35,0.26,606.19,43.0,3.0,6.0,0.0,14.0,28.0,85.0,57.0,9.0,true
22.0,1.0,1.0,1.0,69.0,331.71,0.18,5.6,59.23,1857.56,0.11,103.2,13.0,0.0,0.0,0.0,8.0,20.0,41.0,28.0,1.0,false
3.0,1.0,1.0,1.0,1.0,0.0,0.0,0.0,0.0,0.0,0.0,0.0,1.0,0.0,0.0,0.0,1.0,0.0,1.0,0.0,1.0,false
7.0,2.0,1.0,2.0,11.0,34.87,0.19,5.25,6.64,183.06,0.01,10.17,5.0,0.0,0.0,0.0,7.0,2.0,8.0,3.0,3.0,true
19.0,3.0,1.0,3.0,32.0,140.55,0.12,8.13,17.3,1142.0,0.05,63.44,13.0,1.0,1.0,2.0,13.0,8.0,22.0,10.0,5.0,false
17.0,2.0,1.0,2.0,37.0,159.91,0.17,6.0,26.65,959.47,0.05,53.3,14.0,0.0,0.0,0.0,10.0,10.0,25.0,12.0,3.0,false
9.0,1.0,1.0,1.0,0.0,0.0,0.0,0.0,0.0,0.0,0.0,0.0,0.0,0.0,0.0,0.0,0.0,0.0,0.0,0.0,1.0,false
8.0,1.0,1.0,1.0,26.0,106.27,0.26,3.85,27.6,409.16,0.04,22.73,4.0,0.0,2.0,0.0,7.0,10.0,15.0,11.0,1.0,true
41.0,6.0,5.0,5.0,95.0,508.97,0.05,18.9,26.93,9619.48,0.17,534.42,29.0,0.0,9.0,0.0,21.0,20.0,59.0,36.0,11.0,true
89.0,6.0,4.0,5.0,189.0,1043.95,0.04,23.74,43.97,24784.89,0.35,1376.94,60.0,8.0,12.0,1.0,17.0,29.0,108.0,81.0,11.0,true
5.0,1.0,1.0,1.0,4.0,8.0,1.0,1.0,8.0,8.0,0.0,0.44,2.0,0.0,0.0,0.0,2.0,2.0,2.0,2.0,1.0,false
5.0,2.0,1.0,1.0,17.0,68.0,0.22,4.5,15.11,306.0,0.02,17.0,3.0,0.0,0.0,0.0,9.0,7.0,10.0,7.0,3.0,false
18.0,1.0,1.0,1.0,64.0,300.83,0.18,5.56,54.15,1671.27,0.1,92.85,13.0,0.0,0.0,0.0,8.0,18.0,39.0,25.0,1.0,false
21.0,2.0,1.0,2.0,36.0,144.0,0.11,9.17,15.71,1320.0,0.05,73.33,15.0,1.0,3.0,0.0,10.0,6.0,25.0,11.0,3.0,false
48.0,6.0,1.0,6.0,149.0,751.61,0.06,15.43,48.72,11596.34,0.25,644.24,41.0,2.0,2.0,0.0,12.0,21.0,95.0,54.0,11.0,true
14.0,1.0,1.0,1.0,29.0,118.54,0.18,5.63,21.07,666.77,0.04,37.04,7.0,2.0,2.0,0.0,9.0,8.0,19.0,10.0,1.0,true
1.0,1.0,1.0,1.0,4.0,8.0,0.67,1.5,5.33,12.0,0.0,0.67,0.0,0.0,0.0,0.0,3.0,1.0,3.0,1.0,1.0,false
4.0,1.0,1.0,1.0,5.0,11.61,0.67,1.5,7.74,17.41,0.0,0.97,2.0,0.0,0.0,0.0,3.0,2.0,3.0,2.0,1.0,false
17.0,2.0,1.0,2.0,25.0,92.51,0.16,6.4,14.45,592.07,0.03,32.89,12.0,0.0,3.0,0.0,8.0,5.0,17.0,8.0,3.0,false
93.0,7.0,3.0,6.0,257.0,1499.05,0.03,29.86,50.21,44757.43,0.5,2486.52,71.0,4.0,15.0,0.0,22.0,35.0,162.0,95.0,12.0,true
12.0,1.0,1.0,1.0,36.0,140.65,0.19,5.25,26.79,738.4,0.05,41.02,9.0,0.0,0.0,0.0,7.0,8.0,24.0,12.0,1.0,true
10.0,2.0,1.0,2.0,17.0,60.94,0.33,3.0,20.31,182.83,0.02,10.16,5.0,1.0,0.0,2.0,6.0,6.0,11.0,6.0,3.0,false
1.0,1.0,1.0,1.0,5.0,11.61,0.67,1.5,7.74,17.41,0.0,0.97,0.0,0.0,0.0,0.0,3.0,2.0,3.0,2.0,1.0,false
25.0,3.0,1.0,3.0,58.0,254.75,0.11,9.35,27.25,2381.95,0.08,132.33,21.0,0.0,2.0,0.0,11.0,10.0,41.0,17.0,5.0,true
12.0,1.0,1.0,1.0,34.0,141.78,0.19,5.2,27.26,737.24,0.05,40.96,8.0,0.0,0.0,0.0,8.0,10.0,21.0,13.0,1.0,false
6.0,1.0,1.0,1.0,10.0,31.7,0.4,2.5,12.68,79.25,0.01,4.4,1.0,0.0,0.0,0.0,5.0,4.0,6.0,4.0,1.0,false
10.0,1.0,1.0,1.0,18.0,66.61,0.4,2.5,26.64,166.52,0.02,9.25,5.0,0.0,0.0,0.0,5.0,8.0,10.0,8.0,1.0,true
57.0,6.0,1.0,5.0,195.0,1132.43,0.06,15.47,73.18,17523.69,0.38,973.54,48.0,2.0,5.0,0.0,17.0,39.0,124.0,71.0,10.0,true
13.0,1.0,1.0,1.0,17.0,60.94,0.25,4.0,15.24,243.78,0.02,13.54,6.0,0.0,5.0,0.0,6.0,6.0,9.0,8.0,1.0,false
288.0,45.0,7.0,45.0,794.0,5228.46,0.02,44.9,116.45,234743.54,1.74,13041.31,262.0,9.0,15.0,0.0,23.0,73.0,509.0,285.0,89.0,true
4.0,1.0,1.0,1.0,7.0,19.65,0.4,2.5,7.86,49.13,0.01,2.73,2.0,0.0,0.0,0.0,5.0,2.0,5.0,2.0,1.0,false
93.0,7.0,1.0,7.0,247.0,1498.32,0.05,21.91,68.37,32835.61,0.5,1824.2,69.0,6.0,16.0,0.0,20.0,47.0,144.0,103.0,13.0,true
17.0,2.0,1.0,2.0,25.0,92.51,0.16,6.4,14.45,592.07,0.03,32.89,12.0,0.0,3.0,0.0,8.0,5.0,17.0,8.0,3.0,true
16.0,3.0,1.0,3.0,59.0,266.89,0.12,8.08,33.04,2155.65,0.09,119.76,13.0,0.0,0.0,0.0,10.0,13.0,38.0,21.0,5.0,false
35.0,1.0,1.0,1.0,32.0,133.44,0.19,5.2,25.66,693.88,0.04,38.55,8.0,18.0,0.0,0.0,8.0,10.0,19.0,13.0,1.0,true
132.0,16.0,11.0,13.0,322.0,2052.76,0.03,29.65,69.24,60862.61,0.68,3381.26,101.0,7.0,22.0,0.0,26.0,57.0,192.0,130.0,31.0,true
25.0,4.0,1.0,4.0,76.0,372.92,0.12,8.68,42.94,3238.55,0.12,179.92,21.0,0.0,0.0,0.0,11.0,19.0,46.0,30.0,7.0,true
53.0,5.0,1.0,5.0,113.0,579.61,0.1,9.65,60.05,5594.49,0.19,310.8,47.0,0.0,0.0,0.0,12.0,23.0,76.0,37.0,8.0,true
165.0,13.0,11.0,12.0,365.0,2206.2,0.02,43.27,50.99,95460.74,0.74,5303.37,112.0,22.0,23.0,0.0,27.0,39.0,240.0,125.0,25.0,true
150.0,27.0,22.0,18.0,438.0,2799.84,0.02,46.67,60.0,130658.97,0.93,7258.83,113.0,6.0,24.0,0.0,30.0,54.0,270.0,168.0,53.0,true
2.0,1.0,1.0,1.0,4.0,8.0,0.67,1.5,5.33,12.0,0.0,0.67,0.0,0.0,0.0,0.0,3.0,1.0,3.0,1.0,1.0,false
41.0,4.0,1.0,4.0,85.0,421.11,0.1,10.47,40.21,4409.92,0.14,245.0,35.0,0.0,3.0,0.0,13.0,18.0,56.0,29.0,7.0,true
1.0,1.0,1.0,1.0,5.0,11.61,0.67,1.5,7.74,17.41,0.0,0.97,0.0,0.0,0.0,0.0,3.0,2.0,3.0,2.0,1.0,false
13.0,2.0,1.0,2.0,32.0,130.8,0.16,6.22,21.02,813.86,0.04,45.21,7.0,0.0,0.0,0.0,8.0,9.0,18.0,14.0,3.0,false
48.0,4.0,1.0,4.0,132.0,692.73,0.05,20.7,33.47,14339.44,0.23,796.64,41.0,0.0,3.0,2.0,18.0,20.0,86.0,46.0,7.0,true
15.0,1.0,1.0,1.0,0.0,0.0,0.0,0.0,0.0,0.0,0.0,0.0,0.0,0.0,0.0,0.0,0.0,0.0,0.0,0.0,1.0,false
4.0,1.0,1.0,1.0,3.0,4.75,1.0,1.0,4.75,4.75,0.0,0.26,0.0,0.0,0.0,0.0,2.0,1.0,2.0,1.0,1.0,false
1.0,1.0,1.0,1.0,4.0,8.0,0.67,1.5,5.33,12.0,0.0,0.67,0.0,0.0,0.0,0.0,3.0,1.0,3.0,1.0,1.0,false
16.0,2.0,1.0,2.0,26.0,101.58,0.11,9.0,11.29,914.21,0.03,50.79,9.0,0.0,1.0,0.0,10.0,5.0,17.0,9.0,3.0,false
4.0,1.0,1.0,1.0,7.0,19.65,0.33,3.0,6.55,58.95,0.01,3.28,2.0,0.0,0.0,0.0,6.0,1.0,6.0,1.0,1.0,true
2.0,1.0,1.0,1.0,5.0,11.61,0.67,1.5,7.74,17.41,0.0,0.97,0.0,0.0,0.0,0.0,3.0,2.0,3.0,2.0,1.0,false
14.0,1.0,1.0,1.0,26.0,108.42,0.33,3.0,36.14,325.25,0.04,18.07,4.0,0.0,1.0,0.0,6.0,12.0,14.0,12.0,1.0,true
2.0,1.0,1.0,1.0,0.0,0.0,0.0,0.0,0.0,0.0,0.0,0.0,0.0,0.0,0.0,0.0,0.0,0.0,0.0,0.0,1.0,false
12.0,1.0,1.0,1.0,24.0,98.1,0.26,3.85,25.48,377.68,0.03,20.98,6.0,0.0,0.0,0.0,7.0,10.0,13.0,11.0,1.0,true
33.0,1.0,1.0,1.0,55.0,252.17,0.11,9.31,27.09,2347.15,0.08,130.4,24.0,3.0,3.0,0.0,11.0,13.0,33.0,22.0,9.0,true
35.0,4.0,1.0,4.0,85.0,432.43,0.07,13.82,31.3,5974.42,0.14,331.91,28.0,1.0,3.0,1.0,15.0,19.0,50.0,35.0,7.0,true
32.0,4.0,1.0,4.0,85.0,421.11,0.11,9.47,44.45,3989.43,0.14,221.64,25.0,0.0,2.0,0.0,12.0,19.0,55.0,30.0,7.0,false
39.0,4.0,3.0,4.0,101.0,509.48,0.07,14.74,34.57,7508.18,0.17,417.12,27.0,3.0,6.0,1.0,14.0,19.0,61.0,40.0,7.0,false
1.0,1.0,1.0,1.0,4.0,8.0,0.67,1.5,5.33,12.0,0.0,0.67,0.0,0.0,0.0,0.0,3.0,1.0,3.0,1.0,1.0,false
16.0,2.0,1.0,2.0,32.0,118.41,0.14,7.2,16.45,852.58,0.04,47.37,13.0,0.0,1.0,0.0,8.0,5.0,23.0,9.0,3.0,true
5.0,1.0,1.0,1.0,1.0,0.0,0.0,0.0,0.0,0.0,0.0,0.0,0.0,0.0,0.0,0.0,1.0,0.0,1.0,0.0,1.0,false
25.0,1.0,1.0,1.0,82.0,433.4,0.23,4.27,101.6,1848.73,0.14,102.71,16.0,1.0,3.0,3.0,7.0,32.0,43.0,39.0,1.0,false
29.0,1.0,1.0,1.0,99.0,495.0,0.2,4.9,101.02,2425.5,0.17,134.75,24.0,0.0,0.0,0.0,7.0,25.0,64.0,35.0,1.0,true
12.0,1.0,1.0,1.0,33.0,132.0,0.2,5.06,26.11,667.33,0.04,37.07,8.0,0.0,1.0,0.0,7.0,9.0,20.0,13.0,1.0,false
3.0,1.0,1.0,1.0,1.0,0.0,0.0,0.0,0.0,0.0,0.0,0.0,1.0,0.0,0.0,0.0,1.0,0.0,1.0,0.0,1.0,false
23.0,5.0,3.0,3.0,116.0,633.29,0.04,22.8,27.78,14439.1,0.21,802.17,16.0,0.0,5.0,0.0,24.0,20.0,78.0,38.0,9.0,true
5.0,1.0,1.0,1.0,7.0,18.09,1.0,1.0,18.09,18.09,0.01,1.01,2.0,0.0,0.0,0.0,2.0,4.0,3.0,4.0,1.0,false
52.0,8.0,1.0,8.0,247.0,1440.72,0.04,23.08,62.43,33247.47,0.48,1847.08,45.0,0.0,2.0,3.0,18.0,39.0,147.0,100.0,15.0,true
2.0,1.0,1.0,1.0,4.0,8.0,0.67,1.5,5.33,12.0,0.0,0.67,0.0,0.0,0.0,0.0,3.0,1.0,3.0,1.0,1.0,false
39.0,4.0,1.0,4.0,100.0,490.69,0.07,14.91,32.91,7317.04,0.16,406.5,35.0,0.0,2.0,0.0,13.0,17.0,61.0,39.0,7.0,false
39.0,9.0,9.0,5.0,208.0,1233.59,0.03,35.34,34.9,43599.82,0.41,2422.21,29.0,0.0,8.0,0.0,29.0,32.0,130.0,78.0,17.0,true
3.0,1.0,1.0,1.0,5.0,10.0,0.67,1.5,6.67,15.0,0.0,0.83,2.0,0.0,0.0,0.0,2.0,2.0,2.0,3.0,1.0,false
13.0,2.0,1.0,2.0,32.0,130.8,0.16,6.22,21.02,813.86,0.04,45.21,7.0,0.0,0.0,0.0,8.0,9.0,18.0,14.0,3.0,false
63.0,8.0,1.0,7.0,145.0,805.42,0.06,15.52,51.9,12497.82,0.27,694.32,57.0,0.0,0.0,0.0,18.0,29.0,95.0,50.0,14.0,false
20.0,5.0,1.0,5.0,54.0,237.19,0.17,6.0,39.53,1423.11,0.08,79.06,18.0,0.0,0.0,0.0,9.0,12.0,38.0,16.0,9.0,true
1.0,1.0,1.0,1.0,4.0,8.0,0.67,1.5,5.33,12.0,0.0,0.67,0.0,0.0,0.0,0.0,3.0,1.0,3.0,1.0,1.0,false
8.0,1.0,1.0,1.0,17.0,58.81,0.28,3.6,16.34,211.72,0.02,11.76,6.0,0.0,0.0,0.0,6.0,5.0,11.0,6.0,1.0,false
6.0,1.0,1.0,1.0,10.0,20.0,0.22,4.5,4.44,90.0,0.01,5.0,4.0,0.0,0.0,0.0,3.0,1.0,7.0,3.0,1.0,false
2.0,1.0,1.0,1.0,4.0,8.0,0.67,1.5,5.33,12.0,0.0,0.67,0.0,0.0,0.0,0.0,3.0,1.0,3.0,1.0,1.0,false
48.0,7.0,1.0,7.0,155.0,801.34,0.06,17.82,44.97,14278.39,0.27,793.24,42.0,2.0,1.0,0.0,14.0,22.0,99.0,56.0,13.0,true
82.0,7.0,1.0,6.0,218.0,1303.05,0.05,21.63,60.25,28182.18,0.43,1565.68,62.0,10.0,8.0,0.0,20.0,43.0,125.0,93.0,13.0,false
39.0,5.0,3.0,5.0,86.0,430.0,0.09,11.67,36.86,5016.67,0.14,278.7,33.0,1.0,1.0,0.0,14.0,18.0,56.0,30.0,8.0,true
22.0,3.0,1.0,2.0,73.0,325.54,0.06,16.2,20.09,5273.72,0.11,292.98,16.0,1.0,1.0,0.0,12.0,10.0,46.0,27.0,5.0,true
7.0,1.0,1.0,1.0,14.0,44.38,0.4,2.5,17.75,110.95,0.01,6.16,5.0,0.0,0.0,0.0,5.0,4.0,10.0,4.0,1.0,true
100.0,7.0,3.0,6.0,362.0,2281.97,0.04,26.82,85.07,61212.81,0.76,3400.71,86.0,2.0,9.0,0.0,22.0,57.0,223.0,139.0,12.0,true
4.0,1.0,1.0,1.0,4.0,8.0,0.67,1.5,5.33,12.0,0.0,0.67,0.0,0.0,0.0,0.0,3.0,1.0,3.0,1.0,1.0,false
4.0,1.0,1.0,1.0,8.0,24.0,0.29,3.5,6.86,84.0,0.01,4.67,2.0,0.0,0.0,0.0,7.0,1.0,7.0,1.0,1.0,false
4.0,1.0,1.0,1.0,7.0,19.65,0.4,2.5,7.86,49.13,0.01,2.73,2.0,0.0,0.0,0.0,5.0,2.0,5.0,2.0,1.0,false
63.0,8.0,1.0,8.0,185.0,1069.55,0.04,24.33,43.95,26025.75,0.36,1445.88,52.0,2.0,7.0,0.0,22.0,33.0,112.0,73.0,15.0,true
49.0,8.0,1.0,7.0,185.0,1088.29,0.06,17.81,61.1,19385.15,0.36,1076.95,35.0,3.0,9.0,0.0,19.0,40.0,110.0,75.0,15.0,true
9.0,3.0,1.0,1.0,23.0,92.0,0.13,7.5,12.27,690.0,0.03,38.33,6.0,0.0,0.0,1.0,10.0,6.0,14.0,9.0,5.0,false
4.0,1.0,1.0,1.0,7.0,19.65,0.4,2.5,7.86,49.13,0.01,2.73,2.0,0.0,0.0,0.0,5.0,2.0,5.0,2.0,1.0,false
9.0,2.0,1.0,2.0,11.0,33.0,0.3,3.33,9.9,110.0,0.01,6.11,6.0,0.0,1.0,0.0,5.0,3.0,7.0,4.0,3.0,false
27.0,5.0,3.0,4.0,113.0,609.33,0.06,17.27,35.28,10524.82,0.2,584.71,21.0,0.0,4.0,0.0,20.0,22.0,75.0,38.0,9.0,true
28.0,2.0,1.0,2.0,74.0,363.11,0.11,9.26,39.2,3363.54,0.12,186.86,21.0,0.0,3.0,0.0,11.0,19.0,42.0,32.0,3.0,false
4.0,1.0,1.0,1.0,6.0,15.51,0.4,2.5,6.2,38.77,0.01,2.15,2.0,0.0,0.0,0.0,5.0,1.0,5.0,1.0,1.0,true
7.0,1.0,1.0,1.0,15.0,45.0,0.5,2.0,22.5,90.0,0.02,5.0,5.0,0.0,0.0,0.0,4.0,4.0,11.0,4.0,1.0,true
22.0,1.0,1.0,1.0,14.0,50.19,0.91,1.1,45.63,55.21,0.02,3.07,11.0,0.0,1.0,0.0,2.0,10.0,3.0,11.0,1.0,true
12.0,1.0,1.0,1.0,34.0,136.0,0.17,6.0,22.67,816.0,0.05,45.33,7.0,0.0,1.0,0.0,8.0,8.0,22.0,12.0,1.0,false
4.0,1.0,1.0,1.0,9.0,27.0,0.33,3.0,9.0,81.0,0.01,4.5,2.0,0.0,0.0,0.0,6.0,2.0,7.0,2.0,1.0,false
3.0,1.0,1.0,1.0,1.0,0.0,0.0,0.0,0.0,0.0,0.0,0.0,1.0,0.0,0.0,0.0,1.0,0.0,1.0,0.0,1.0,false
52.0,5.0,1.0,5.0,107.0,544.36,0.1,9.82,55.44,5344.61,0.18,296.92,46.0,0.0,1.0,0.0,12.0,22.0,71.0,36.0,8.0,true
286.0,27.0,5.0,25.0,481.0,2948.19,0.04,27.42,107.5,80852.59,0.98,4491.81,198.0,44.0,35.0,3.0,17.0,53.0,310.0,171.0,53.0,true
4.0,1.0,1.0,1.0,5.0,11.61,0.5,2.0,5.8,23.22,0.0,1.29,2.0,0.0,0.0,0.0,4.0,1.0,4.0,1.0,1.0,false
140.0,18.0,10.0,18.0,376.0,2304.61,0.04,27.6,83.5,63607.25,0.77,3533.74,124.0,8.0,6.0,0.0,20.0,50.0,238.0,138.0,35.0,true
38.0,5.0,1.0,5.0,99.0,465.34,0.08,12.83,36.26,5971.91,0.16,331.77,33.0,0.0,3.0,0.0,11.0,15.0,64.0,35.0,8.0,true
123.0,21.0,13.0,21.0,384.0,2312.59,0.03,35.32,65.48,81676.45,0.77,4537.58,107.0,5.0,8.0,1.0,21.0,44.0,236.0,148.0,41.0,false
1.0,1.0,1.0,1.0,4.0,6.34,0.0,0.0,0.0,0.0,0.0,0.0,0.0,0.0,0.0,0.0,0.0,3.0,0.0,4.0,1.0,false
2.0,1.0,1.0,1.0,6.0,15.51,0.4,2.5,6.2,38.77,0.01,2.15,0.0,0.0,0.0,0.0,5.0,1.0,5.0,1.0,1.0,true
15.0,2.0,1.0,2.0,25.0,95.18,0.15,6.67,14.28,634.56,0.03,35.25,10.0,0.0,1.0,0.0,8.0,6.0,15.0,10.0,3.0,false
2.0,1.0,1.0,1.0,5.0,11.61,0.67,1.5,7.74,17.41,0.0,0.97,0.0,0.0,0.0,0.0,3.0,2.0,3.0,2.0,1.0,false
14.0,2.0,1.0,2.0,28.0,109.39,0.19,5.14,21.27,562.59,0.04,31.26,11.0,0.0,1.0,0.0,8.0,7.0,19.0,9.0,3.0,false
2.0,1.0,1.0,1.0,5.0,11.61,0.67,1.5,7.74,17.41,0.0,0.97,0.0,0.0,0.0,0.0,3.0,2.0,3.0,2.0,1.0,false
27.0,1.0,1.0,1.0,37.0,154.29,0.22,4.5,34.29,694.29,0.05,38.57,9.0,5.0,4.0,0.0,6.0,12.0,19.0,18.0,1.0,true
5.0,2.0,1.0,1.0,17.0,68.0,0.22,4.5,15.11,306.0,0.02,17.0,3.0,0.0,0.0,0.0,9.0,7.0,10.0,7.0,3.0,false
4.0,1.0,1.0,1.0,4.0,8.0,0.67,1.5,5.33,12.0,0.0,0.67,2.0,0.0,0.0,0.0,3.0,1.0,3.0,1.0,1.0,false
205.0,26.0,16.0,19.0,491.0,3179.59,0.02,49.32,64.47,156823.6,1.06,8712.42,171.0,9.0,16.0,7.0,30.0,59.0,297.0,194.0,51.0,true
4.0,1.0,1.0,1.0,9.0,28.53,0.33,3.0,9.51,85.59,0.01,4.75,2.0,0.0,0.0,0.0,6.0,3.0,6.0,3.0,1.0,false
12.0,2.0,1.0,2.0,22.0,81.41,0.14,7.2,11.31,586.15,0.03,32.56,9.0,0.0,1.0,0.0,8.0,5.0,13.0,9.0,3.0,true
68.0,5.0,1.0,5.0,144.0,771.49,0.07,15.29,50.46,11794.86,0.26,655.27,51.0,3.0,6.0,0.0,15.0,26.0,91.0,53.0,9.0,false
47.0,13.0,10.0,10.0,231.0,1303.73,0.03,36.93,35.3,48144.92,0.43,2674.72,40.0,0.0,5.0,0.0,22.0,28.0,137.0,94.0,25.0,true
2.0,1.0,1.0,1.0,5.0,11.61,0.5,2.0,5.8,23.22,0.0,1.29,0.0,0.0,0.0,0.0,4.0,1.0,4.0,1.0,1.0,true
15.0,1.0,1.0,1.0,39.0,162.63,0.12,8.5,19.13,1382.33,0.05,76.8,12.0,0.0,1.0,0.0,9.0,9.0,22.0,17.0,1.0,true
3.0,1.0,1.0,1.0,1.0,0.0,0.0,0.0,0.0,0.0,0.0,0.0,1.0,0.0,0.0,0.0,1.0,0.0,1.0,0.0,1.0,false
42.0,5.0,3.0,3.0,120.0,642.91,0.04,22.89,28.09,14713.79,0.21,817.43,33.0,0.0,7.0,0.0,19.0,22.0,67.0,53.0,9.0,false
8.0,1.0,1.0,1.0,17.0,60.94,0.2,5.0,12.19,304.72,0.02,16.93,4.0,0.0,2.0,0.0,8.0,4.0,12.0,5.0,1.0,true
6.0,1.0,1.0,1.0,13.0,44.97,0.29,3.5,12.85,157.4,0.01,8.74,2.0,0.0,0.0,0.0,7.0,4.0,9.0,4.0,1.0,false
116.0,12.0,6.0,12.0,382.0,2467.5,0.06,18.0,137.08,44415.05,0.82,2467.5,97.0,2.0,15.0,0.0,18.0,70.0,242.0,140.0,23.0,true
4.0,1.0,1.0,1.0,4.0,8.0,1.0,1.0,8.0,8.0,0.0,0.44,1.0,0.0,0.0,0.0,2.0,2.0,2.0,2.0,1.0,true
12.0,1.0,1.0,1.0,41.0,187.98,0.16,6.43,29.24,1208.47,0.06,67.14,9.0,0.0,1.0,0.0,10.0,14.0,23.0,18.0,1.0,true
6.0,1.0,1.0,1.0,13.0,33.6,0.33,3.0,11.2,100.81,0.01,5.6,4.0,0.0,0.0,0.0,4.0,2.0,10.0,3.0,1.0,true
38.0,4.0,3.0,4.0,94.0,489.69,0.09,11.57,42.34,5663.36,0.16,314.63,27.0,3.0,3.0,0.0,14.0,23.0,56.0,38.0,7.0,false
66.0,16.0,11.0,15.0,259.0,1608.25,0.04,25.03,64.25,40253.51,0.54,2236.31,45.0,1.0,18.0,0.0,23.0,51.0,148.0,111.0,31.0,true
42.0,5.0,3.0,4.0,113.0,570.02,0.06,15.47,36.84,8820.26,0.19,490.01,38.0,0.0,2.0,0.0,14.0,19.0,71.0,42.0,9.0,true
6.0,1.0,1.0,1.0,8.0,24.0,0.4,2.5,9.6,60.0,0.01,3.33,3.0,0.0,1.0,0.0,5.0,3.0,5.0,3.0,1.0,true
1.0,1.0,1.0,1.0,4.0,8.0,0.0,0.0,0.0,0.0,0.0,0.0,0.0,0.0,0.0,0.0,4.0,0.0,4.0,0.0,1.0,false
35.0,5.0,5.0,5.0,88.0,418.43,0.05,21.25,19.69,8891.64,0.14,493.98,28.0,0.0,3.0,0.0,15.0,12.0,54.0,34.0,9.0,true
145.0,25.0,21.0,18.0,441.0,2811.39,0.02,44.04,63.84,123803.5,0.94,6877.97,81.0,3.0,58.0,0.0,28.0,55.0,268.0,173.0,49.0,true
8.0,1.0,1.0,1.0,20.0,71.7,0.25,4.0,17.92,286.8,0.02,15.93,6.0,0.0,0.0,0.0,6.0,6.0,12.0,8.0,1.0,false
2.0,1.0,1.0,1.0,7.0,18.09,0.5,2.0,9.05,36.19,0.01,2.0,0.0,0.0,0.0,0.0,4.0,2.0,5.0,2.0,1.0,false
2.0,1.0,1.0,1.0,4.0,8.0,0.67,1.5,5.33,12.0,0.0,0.67,0.0,0.0,0.0,0.0,3.0,1.0,3.0,1.0,1.0,false
2.0,1.0,1.0,1.0,5.0,11.61,0.5,2.0,5.8,23.22,0.0,1.29,0.0,0.0,0.0,0.0,4.0,1.0,4.0,1.0,1.0,false
7.0,2.0,1.0,2.0,13.0,44.97,0.29,3.5,12.85,157.4,0.01,8.74,5.0,0.0,0.0,0.0,7.0,4.0,9.0,4.0,3.0,false
3.0,3.0,1.0,2.0,16.0,57.36,0.17,6.0,9.56,344.16,0.02,19.12,1.0,0.0,0.0,0.0,9.0,3.0,12.0,4.0,5.0,false
3.0,1.0,1.0,1.0,1.0,0.0,0.0,0.0,0.0,0.0,0.0,0.0,1.0,0.0,0.0,0.0,1.0,0.0,1.0,0.0,1.0,false
9.0,3.0,3.0,2.0,50.0,216.1,0.07,13.5,16.01,2917.3,0.07,162.07,5.0,0.0,2.0,0.0,12.0,8.0,32.0,18.0,5.0,true
8.0,2.0,1.0,1.0,21.0,85.84,0.14,7.33,11.71,629.47,0.03,34.97,5.0,0.0,1.0,0.0,11.0,6.0,13.0,8.0,3.0,false
7.0,1.0,1.0,1.0,8.0,22.46,0.5,2.0,11.23,44.92,0.01,2.5,4.0,0.0,0.0,0.0,4.0,3.0,5.0,3.0,1.0,false
16.0,1.0,1.0,1.0,40.0,175.69,0.17,6.0,29.28,1054.16,0.06,58.56,9.0,1.0,2.0,0.0,9.0,12.0,24.0,16.0,1.0,false
57.0,4.0,1.0,4.0,198.0,1087.39,0.05,18.5,58.78,20116.66,0.36,1117.59,52.0,0.0,1.0,0.0,15.0,30.0,124.0,74.0,7.0,true
17.0,2.0,1.0,2.0,25.0,92.51,0.16,6.4,14.45,592.07,0.03,32.89,12.0,0.0,3.0,0.0,8.0,5.0,17.0,8.0,3.0,false
21.0,1.0,1.0,1.0,76.0,365.36,0.16,6.2,58.93,2265.23,0.12,125.85,14.0,0.0,0.0,0.0,8.0,20.0,45.0,31.0,1.0,true
132.0,14.0,8.0,13.0,331.0,2028.79,0.03,28.71,70.65,58255.33,0.68,3236.41,110.0,11.0,9.0,0.0,21.0,49.0,197.0,134.0,26.0,true
64.0,11.0,1.0,11.0,177.0,954.44,0.06,18.15,52.58,17326.76,0.32,962.6,58.0,2.0,2.0,0.0,16.0,26.0,118.0,59.0,21.0,true
43.0,4.0,1.0,4.0,105.0,525.0,0.08,12.9,40.7,6772.5,0.18,376.25,37.0,0.0,3.0,0.0,12.0,20.0,62.0,43.0,7.0,false
4.0,1.0,1.0,1.0,4.0,8.0,0.67,1.5,5.33,12.0,0.0,0.67,2.0,0.0,0.0,0.0,3.0,1.0,3.0,1.0,1.0,false
9.0,1.0,1.0,1.0,6.0,15.51,0.5,2.0,7.75,31.02,0.01,1.72,5.0,0.0,2.0,0.0,4.0,2.0,4.0,2.0,1.0,true
2.0,1.0,1.0,1.0,8.0,24.0,0.33,3.0,8.0,72.0,0.01,4.0,0.0,0.0,0.0,0.0,6.0,2.0,6.0,2.0,1.0,false
4.0,1.0,1.0,1.0,4.0,8.0,1.0,1.0,8.0,8.0,0.0,0.44,1.0,0.0,0.0,0.0,2.0,2.0,2.0,2.0,1.0,false
2.0,1.0,1.0,1.0,6.0,15.51,0.4,2.5,6.2,38.77,0.01,2.15,0.0,0.0,0.0,0.0,5.0,1.0,5.0,1.0,1.0,false
38.0,5.0,1.0,5.0,61.0,307.71,0.07,15.0,20.51,4615.62,0.1,256.42,19.0,0.0,17.0,0.0,18.0,15.0,36.0,25.0,7.0,true
1.0,1.0,1.0,1.0,4.0,8.0,0.67,1.5,5.33,12.0,0.0,0.67,0.0,0.0,0.0,0.0,3.0,1.0,3.0,1.0,1.0,false
25.0,3.0,1.0,3.0,68.0,326.9,0.09,11.0,29.72,3595.9,0.11,199.77,21.0,0.0,1.0,0.0,14.0,14.0,46.0,22.0,5.0,false
135.0,29.0,13.0,29.0,519.0,3125.61,0.03,36.77,85.01,114916.0,1.04,6384.22,126.0,2.0,3.0,1.0,18.0,47.0,327.0,192.0,57.0,false
11.0,1.0,1.0,1.0,41.0,187.98,0.16,6.43,29.24,1208.47,0.06,67.14,9.0,0.0,0.0,0.0,10.0,14.0,23.0,18.0,1.0,true
40.0,5.0,3.0,4.0,106.0,534.71,0.07,13.98,38.26,7472.51,0.18,415.14,35.0,0.0,2.0,0.0,13.0,20.0,63.0,43.0,9.0,true
26.0,4.0,1.0,4.0,81.0,418.76,0.08,11.79,35.53,4935.43,0.14,274.19,24.0,0.0,0.0,0.0,15.0,21.0,48.0,33.0,7.0,true
47.0,3.0,1.0,3.0,94.0,478.22,0.09,11.76,40.66,5624.8,0.16,312.49,33.0,7.0,4.0,0.0,13.0,21.0,56.0,38.0,5.0,false
56.0,10.0,9.0,10.0,155.0,824.9,0.06,17.67,46.69,14573.21,0.27,809.62,48.0,4.0,2.0,0.0,16.0,24.0,102.0,53.0,19.0,false
53.0,11.0,6.0,9.0,354.0,2139.72,0.02,44.31,48.29,94805.86,0.71,5266.99,43.0,0.0,8.0,0.0,27.0,39.0,226.0,128.0,21.0,true
17.0,1.0,1.0,1.0,50.0,219.62,0.2,5.0,43.92,1098.08,0.07,61.0,9.0,0.0,1.0,0.0,7.0,14.0,30.0,20.0,1.0,true
63.0,9.0,8.0,9.0,199.0,1086.43,0.05,18.57,58.5,20176.5,0.36,1120.92,50.0,4.0,7.0,0.0,16.0,28.0,134.0,65.0,17.0,false
63.0,12.0,1.0,12.0,151.0,792.44,0.07,14.29,55.45,11325.25,0.26,629.18,57.0,2.0,2.0,0.0,14.0,24.0,102.0,49.0,23.0,false
14.0,1.0,1.0,1.0,15.0,55.51,0.29,3.5,15.86,194.27,0.02,10.79,9.0,0.0,1.0,0.0,7.0,6.0,9.0,6.0,1.0,false
7.0,2.0,1.0,2.0,9.0,25.27,0.17,6.0,4.21,151.6,0.01,8.42,5.0,0.0,0.0,0.0,6.0,1.0,7.0,2.0,3.0,false
2.0,1.0,1.0,1.0,3.0,4.75,1.0,1.0,4.75,4.75,0.0,0.26,0.0,0.0,0.0,0.0,2.0,1.0,2.0,1.0,1.0,false
153.0,27.0,15.0,18.0,497.0,3294.79,0.02,48.32,68.18,159215.89,1.1,8845.33,137.0,2.0,11.0,0.0,31.0,68.0,285.0,212.0,53.0,true
20.0,3.0,1.0,3.0,33.0,147.16,0.11,8.75,16.82,1287.66,0.05,71.54,13.0,1.0,2.0,2.0,14.0,8.0,23.0,10.0,5.0,false
7.0,1.0,1.0,1.0,9.0,25.27,0.27,3.75,6.74,94.75,0.01,5.26,4.0,0.0,1.0,0.0,5.0,2.0,6.0,3.0,1.0,true
184.0,16.0,12.0,13.0,437.0,2922.0,0.03,33.6,86.96,98179.22,0.97,5454.4,137.0,27.0,18.0,0.0,28.0,75.0,257.0,180.0,31.0,true
19.0,2.0,1.0,2.0,37.0,162.52,0.1,9.75,16.67,1584.53,0.05,88.03,17.0,0.0,0.0,0.0,13.0,8.0,25.0,12.0,5.0,true
23.0,1.0,1.0,1.0,46.0,218.72,0.32,3.14,69.59,687.42,0.07,38.19,15.0,0.0,2.0,0.0,6.0,21.0,24.0,22.0,1.0,true
5.0,2.0,1.0,1.0,17.0,68.0,0.22,4.5,15.11,306.0,0.02,17.0,3.0,0.0,0.0,0.0,9.0,7.0,10.0,7.0,3.0,false
17.0,4.0,3.0,3.0,34.0,136.0,0.13,7.71,17.63,1049.14,0.05,58.29,14.0,0.0,1.0,0.0,9.0,7.0,22.0,12.0,7.0,true
81.0,4.0,1.0,4.0,162.0,899.84,0.06,15.47,58.17,13919.45,0.3,773.3,46.0,16.0,17.0,0.0,15.0,32.0,96.0,66.0,7.0,true
134.0,15.0,8.0,14.0,303.0,1804.12,0.03,30.22,59.7,54519.67,0.6,3028.87,90.0,11.0,28.0,3.0,21.0,41.0,185.0,118.0,29.0,true
6.0,1.0,1.0,1.0,13.0,44.97,0.33,3.0,14.99,134.92,0.01,7.5,4.0,0.0,0.0,0.0,6.0,5.0,8.0,5.0,1.0,false
5.0,1.0,1.0,1.0,9.0,27.0,0.33,3.0,9.0,81.0,0.01,4.5,2.0,0.0,0.0,1.0,6.0,2.0,7.0,2.0,1.0,false
10.0,1.0,1.0,1.0,15.0,55.51,0.4,2.5,22.2,138.77,0.02,7.71,7.0,1.0,0.0,0.0,5.0,8.0,7.0,8.0,1.0,true
2.0,1.0,1.0,1.0,5.0,11.61,0.67,1.5,7.74,17.41,0.0,0.97,0.0,0.0,0.0,0.0,3.0,2.0,3.0,2.0,1.0,false
19.0,3.0,1.0,1.0,31.0,126.71,0.14,7.14,17.74,905.08,0.04,50.28,15.0,0.0,2.0,0.0,10.0,7.0,21.0,10.0,4.0,true
12.0,3.0,1.0,3.0,15.0,49.83,0.4,2.5,19.93,124.57,0.02,6.92,9.0,0.0,1.0,0.0,5.0,5.0,10.0,5.0,5.0,true
13.0,2.0,1.0,2.0,29.0,107.31,0.11,9.0,11.92,965.81,0.04,53.66,10.0,0.0,1.0,0.0,9.0,4.0,21.0,8.0,3.0,false
22.0,5.0,3.0,4.0,123.0,679.4,0.04,25.0,27.18,16984.95,0.23,943.61,15.0,0.0,5.0,0.0,25.0,21.0,81.0,42.0,9.0,true
16.0,3.0,1.0,3.0,58.0,275.78,0.14,7.0,39.4,1930.48,0.09,107.25,12.0,0.0,2.0,0.0,9.0,18.0,30.0,28.0,5.0,true
9.0,1.0,1.0,1.0,14.0,46.51,0.27,3.75,12.4,174.4,0.02,9.69,5.0,0.0,0.0,1.0,6.0,4.0,9.0,5.0,1.0,false
72.0,11.0,7.0,9.0,154.0,850.63,0.04,26.13,32.56,22222.67,0.28,1234.59,60.0,2.0,5.0,1.0,22.0,24.0,97.0,57.0,21.0,true
54.0,18.0,11.0,18.0,150.0,781.42,0.07,13.44,58.14,10502.26,0.26,583.46,49.0,1.0,2.0,0.0,12.0,25.0,94.0,56.0,35.0,false
18.0,2.0,1.0,2.0,35.0,136.74,0.15,6.86,19.94,937.65,0.05,52.09,14.0,0.0,2.0,0.0,8.0,7.0,23.0,12.0,3.0,false
51.0,13.0,8.0,13.0,138.0,713.45,0.05,20.13,35.44,14362.87,0.24,797.94,44.0,3.0,2.0,0.0,17.0,19.0,93.0,45.0,25.0,true
26.0,5.0,4.0,5.0,71.0,333.73,0.06,16.36,20.39,5461.06,0.11,303.39,22.0,0.0,2.0,0.0,15.0,11.0,47.0,24.0,9.0,false
18.0,1.0,1.0,1.0,40.0,166.8,0.18,5.41,30.84,902.22,0.06,50.12,9.0,0.0,4.0,0.0,7.0,11.0,23.0,17.0,1.0,false
3.0,1.0,1.0,1.0,7.0,18.09,1.0,1.0,18.09,18.09,0.01,1.01,2.0,0.0,0.0,0.0,2.0,4.0,3.0,4.0,1.0,false
2.0,1.0,1.0,1.0,5.0,11.61,0.67,1.5,7.74,17.41,0.0,0.97,0.0,0.0,0.0,0.0,3.0,2.0,3.0,2.0,1.0,false
8.0,1.0,1.0,1.0,22.0,81.41,0.21,4.67,17.44,379.91,0.03,21.11,5.0,0.0,0.0,0.0,7.0,6.0,14.0,8.0,1.0,false
93.0,25.0,5.0,11.0,532.0,3282.4,0.02,53.75,61.07,176429.01,1.09,9801.61,68.0,0.0,23.0,0.0,24.0,48.0,317.0,215.0,49.0,false
40.0,3.0,3.0,3.0,60.0,282.03,0.07,13.42,21.02,3783.85,0.09,210.21,19.0,13.0,3.0,2.0,14.0,12.0,37.0,23.0,5.0,false
9.0,2.0,1.0,2.0,12.0,36.0,0.17,6.0,6.0,216.0,0.01,12.0,6.0,0.0,1.0,0.0,6.0,2.0,8.0,4.0,3.0,false
18.0,2.0,1.0,1.0,39.0,156.0,0.1,9.64,16.18,1504.29,0.05,83.57,14.0,0.0,2.0,0.0,9.0,7.0,24.0,15.0,3.0,true
15.0,8.0,4.0,3.0,76.0,383.37,0.06,17.0,22.55,6517.36,0.13,362.08,12.0,0.0,1.0,0.0,17.0,16.0,44.0,32.0,15.0,true
3.0,1.0,1.0,1.0,1.0,0.0,0.0,0.0,0.0,0.0,0.0,0.0,1.0,0.0,0.0,0.0,1.0,0.0,1.0,0.0,1.0,true
120.0,12.0,5.0,11.0,315.0,1804.29,0.04,23.29,77.47,42021.08,0.6,2334.5,104.0,9.0,5.0,0.0,15.0,38.0,197.0,118.0,23.0,false
69.0,10.0,1.0,10.0,199.0,1059.06,0.04,25.0,42.36,26476.59,0.35,1470.92,54.0,7.0,6.0,0.0,16.0,24.0,124.0,75.0,19.0,true
64.0,4.0,1.0,4.0,138.0,744.14,0.09,10.82,68.76,8053.51,0.25,447.42,45.0,12.0,5.0,0.0,11.0,31.0,77.0,61.0,7.0,true
2.0,2.0,1.0,1.0,8.0,24.0,0.4,2.5,9.6,60.0,0.01,3.33,0.0,0.0,0.0,0.0,5.0,3.0,5.0,3.0,3.0,false
1.0,1.0,1.0,1.0,4.0,8.0,0.67,1.5,5.33,12.0,0.0,0.67,0.0,0.0,0.0,0.0,3.0,1.0,3.0,1.0,1.0,false
3.0,1.0,1.0,1.0,1.0,0.0,0.0,0.0,0.0,0.0,0.0,0.0,1.0,0.0,0.0,0.0,1.0,0.0,1.0,0.0,1.0,false
38.0,6.0,3.0,6.0,167.0,894.71,0.05,20.8,43.01,18609.99,0.3,1033.89,26.0,0.0,10.0,0.0,16.0,25.0,102.0,65.0,11.0,true
41.0,1.0,1.0,1.0,0.0,0.0,0.0,0.0,0.0,0.0,0.0,0.0,0.0,0.0,0.0,0.0,0.0,0.0,0.0,0.0,1.0,true
10.0,2.0,1.0,2.0,19.0,70.31,0.15,6.75,10.42,474.58,0.02,26.37,8.0,0.0,0.0,0.0,9.0,4.0,13.0,6.0,3.0,false
6.0,1.0,1.0,1.0,0.0,0.0,0.0,0.0,0.0,0.0,0.0,0.0,0.0,0.0,0.0,0.0,0.0,0.0,0.0,0.0,1.0,false
8.0,1.0,1.0,1.0,20.0,76.15,0.21,4.67,16.32,355.35,0.03,19.74,6.0,0.0,0.0,0.0,8.0,6.0,13.0,7.0,1.0,true
28.0,4.0,1.0,3.0,63.0,296.13,0.11,8.8,33.65,2605.92,0.1,144.77,18.0,2.0,6.0,0.0,11.0,15.0,39.0,24.0,7.0,false
52.0,5.0,3.0,5.0,88.0,418.43,0.08,12.4,33.74,5188.53,0.14,288.25,33.0,9.0,8.0,0.0,12.0,15.0,57.0,31.0,9.0,false
14.0,1.0,1.0,1.0,23.0,92.0,0.25,4.0,23.0,368.0,0.03,20.44,8.0,0.0,2.0,0.0,8.0,8.0,15.0,8.0,1.0,false
97.0,14.0,1.0,14.0,273.0,1605.96,0.03,30.12,53.32,48369.03,0.54,2687.17,88.0,2.0,5.0,0.0,21.0,38.0,164.0,109.0,27.0,true
43.0,3.0,1.0,3.0,115.0,569.73,0.09,11.27,50.53,6423.73,0.19,356.87,35.0,2.0,4.0,0.0,11.0,20.0,74.0,41.0,5.0,true
13.0,2.0,1.0,2.0,32.0,125.02,0.18,5.69,21.98,711.05,0.04,39.5,9.0,1.0,2.0,0.0,7.0,8.0,19.0,13.0,3.0,false
4.0,1.0,1.0,1.0,5.0,11.61,0.67,1.5,7.74,17.41,0.0,0.97,2.0,0.0,0.0,0.0,3.0,2.0,3.0,2.0,1.0,true
15.0,1.0,1.0,1.0,48.0,214.05,0.18,5.43,39.43,1162.0,0.07,64.56,10.0,0.0,0.0,0.0,8.0,14.0,29.0,19.0,1.0,false
2.0,1.0,1.0,1.0,4.0,8.0,0.67,1.5,5.33,12.0,0.0,0.67,0.0,0.0,0.0,0.0,3.0,1.0,3.0,1.0,1.0,false
6.0,1.0,1.0,1.0,14.0,48.43,0.4,2.5,19.37,121.08,0.02,6.73,4.0,0.0,0.0,0.0,5.0,6.0,8.0,6.0,1.0,true
75.0,8.0,3.0,8.0,250.0,1356.57,0.03,29.1,46.62,39470.86,0.45,2192.83,63.0,5.0,5.0,0.0,17.0,26.0,161.0,89.0,15.0,true
15.0,2.0,1.0,2.0,35.0,136.74,0.13,7.43,18.41,1015.79,0.05,56.43,9.0,0.0,1.0,1.0,8.0,7.0,22.0,13.0,3.0,true
37.0,4.0,1.0,4.0,75.0,348.29,0.09,10.61,32.84,3694.35,0.12,205.24,27.0,3.0,5.0,0.0,11.0,14.0,48.0,27.0,7.0,true
44.0,3.0,1.0,3.0,127.0,603.87,0.06,16.0,37.74,9661.93,0.2,536.77,38.0,2.0,2.0,0.0,12.0,15.0,87.0,40.0,5.0,true
6.0,1.0,1.0,1.0,3.0,4.75,2.0,0.5,9.51,2.38,0.0,0.13,2.0,0.0,0.0,0.0,1.0,2.0,1.0,2.0,1.0,false
78.0,11.0,1.0,11.0,227.0,1318.27,0.05,19.4,67.96,25571.05,0.44,1420.61,60.0,7.0,7.0,0.0,17.0,39.0,138.0,89.0,21.0,true
24.0,4.0,3.0,2.0,43.0,191.76,0.13,8.0,23.97,1534.04,0.06,85.22,18.0,0.0,2.0,0.0,11.0,11.0,27.0,16.0,7.0,false
4.0,1.0,1.0,1.0,4.0,8.0,0.67,1.5,5.33,12.0,0.0,0.67,2.0,0.0,0.0,0.0,3.0,1.0,3.0,1.0,1.0,false
84.0,11.0,1.0,11.0,254.0,1500.35,0.03,28.95,51.83,43431.19,0.5,2412.84,65.0,4.0,13.0,0.0,22.0,38.0,154.0,100.0,21.0,true
2.0,1.0,1.0,1.0,12.0,39.86,0.4,2.5,15.95,99.66,0.01,5.54,0.0,0.0,0.0,0.0,5.0,5.0,7.0,5.0,1.0,false
1.0,1.0,1.0,1.0,4.0,8.0,0.67,1.5,5.33,12.0,0.0,0.67,0.0,0.0,0.0,0.0,3.0,1.0,3.0,1.0,1.0,false
28.0,5.0,1.0,4.0,93.0,498.25,0.07,14.87,33.51,7408.8,0.17,411.6,24.0,0.0,2.0,0.0,18.0,23.0,55.0,38.0,9.0,false
22.0,3.0,1.0,2.0,61.0,279.68,0.08,12.0,23.31,3356.19,0.09,186.46,15.0,1.0,1.0,0.0,12.0,12.0,37.0,24.0,5.0,true
35.0,5.0,1.0,4.0,89.0,448.95,0.05,20.4,22.01,9158.6,0.15,508.81,29.0,1.0,3.0,0.0,18.0,15.0,55.0,34.0,9.0,true
45.0,6.0,1.0,6.0,89.0,427.85,0.05,20.67,20.7,8842.33,0.14,491.24,37.0,3.0,3.0,0.0,16.0,12.0,58.0,31.0,11.0,false
26.0,3.0,1.0,3.0,68.0,326.9,0.09,11.0,29.72,3595.9,0.11,199.77,21.0,0.0,1.0,0.0,14.0,14.0,46.0,22.0,5.0,true
1.0,1.0,1.0,1.0,4.0,8.0,0.67,1.5,5.33,12.0,0.0,0.67,0.0,0.0,0.0,0.0,3.0,1.0,3.0,1.0,1.0,false
5.0,1.0,1.0,1.0,9.0,25.27,0.67,1.5,16.84,37.9,0.01,2.11,3.0,0.0,0.0,0.0,3.0,4.0,5.0,4.0,1.0,false
16.0,2.0,1.0,2.0,35.0,136.74,0.07,13.75,9.94,1880.19,0.05,104.46,11.0,0.0,1.0,2.0,11.0,4.0,25.0,10.0,3.0,true
9.0,1.0,1.0,1.0,13.0,46.6,0.29,3.5,13.32,163.12,0.02,9.06,5.0,0.0,0.0,0.0,7.0,5.0,8.0,5.0,1.0,true
39.0,4.0,1.0,4.0,88.0,423.05,0.07,13.43,31.49,5682.93,0.14,315.72,34.0,1.0,2.0,0.0,13.0,15.0,57.0,31.0,7.0,true
27.0,3.0,1.0,3.0,77.0,394.95,0.14,7.1,55.59,2805.82,0.13,155.88,22.0,0.0,3.0,0.0,11.0,24.0,46.0,31.0,5.0,true
5.0,1.0,1.0,1.0,9.0,23.26,0.5,2.0,11.63,46.53,0.01,2.58,3.0,0.0,0.0,0.0,3.0,3.0,5.0,4.0,1.0,false
60.0,17.0,5.0,7.0,319.0,1891.91,0.03,38.92,48.61,73638.77,0.63,4091.04,38.0,0.0,19.0,0.0,22.0,39.0,181.0,138.0,33.0,false
3.0,1.0,1.0,1.0,1.0,0.0,0.0,0.0,0.0,0.0,0.0,0.0,1.0,0.0,0.0,0.0,1.0,0.0,1.0,0.0,1.0,true
25.0,3.0,1.0,3.0,45.0,191.16,0.13,7.65,24.99,1462.35,0.06,81.24,18.0,1.0,3.0,1.0,9.0,10.0,28.0,17.0,5.0,true
56.0,5.0,1.0,4.0,178.0,988.72,0.08,13.19,74.95,13042.34,0.33,724.57,48.0,1.0,5.0,0.0,13.0,34.0,109.0,69.0,9.0,true
148.0,19.0,12.0,14.0,396.0,2551.41,0.03,37.49,68.05,95656.09,0.85,5314.23,116.0,11.0,19.0,0.0,28.0,59.0,238.0,158.0,37.0,false
50.0,8.0,3.0,4.0,240.0,1480.78,0.03,34.78,42.58,51502.32,0.49,2861.24,40.0,0.0,8.0,0.0,31.0,41.0,148.0,92.0,15.0,true
36.0,1.0,1.0,1.0,69.0,293.11,0.09,10.8,27.14,3165.56,0.1,175.86,18.0,11.0,4.0,0.0,9.0,10.0,45.0,24.0,1.0,true
36.0,9.0,9.0,9.0,102.0,485.0,0.06,16.88,28.74,8184.35,0.16,454.69,32.0,1.0,1.0,0.0,15.0,12.0,75.0,27.0,17.0,false
22.0,2.0,1.0,2.0,35.0,148.68,0.16,6.3,23.6,936.67,0.05,52.04,15.0,0.0,3.0,0.0,9.0,10.0,21.0,14.0,3.0,false
2.0,1.0,1.0,1.0,4.0,8.0,0.67,1.5,5.33,12.0,0.0,0.67,0.0,0.0,0.0,0.0,3.0,1.0,3.0,1.0,1.0,false
132.0,13.0,10.0,13.0,278.0,1757.5,0.05,22.19,79.19,39004.08,0.59,2166.89,88.0,24.0,18.0,0.0,23.0,57.0,168.0,110.0,25.0,true
6.0,1.0,1.0,1.0,12.0,39.86,0.33,3.0,13.29,119.59,0.01,6.64,3.0,1.0,0.0,0.0,6.0,4.0,8.0,4.0,1.0,true
23.0,1.0,1.0,1.0,69.0,331.71,0.18,5.6,59.23,1857.56,0.11,103.2,13.0,0.0,0.0,0.0,8.0,20.0,41.0,28.0,1.0,true
7.0,3.0,1.0,3.0,22.0,78.87,0.18,5.6,14.08,441.67,0.03,24.54,4.0,0.0,1.0,0.0,7.0,5.0,14.0,8.0,5.0,false
40.0,4.0,1.0,4.0,61.0,279.68,0.12,8.21,34.05,2297.39,0.09,127.63,23.0,11.0,4.0,0.0,10.0,14.0,38.0,23.0,7.0,false
18.0,2.0,1.0,2.0,31.0,126.71,0.16,6.43,19.71,814.57,0.04,45.25,14.0,0.0,2.0,0.0,10.0,7.0,22.0,9.0,3.0,false
10.0,1.0,1.0,1.0,26.0,104.0,0.23,4.28,24.31,444.89,0.03,24.72,5.0,0.0,3.0,0.0,7.0,9.0,15.0,11.0,1.0,true
4.0,1.0,1.0,1.0,7.0,19.65,0.4,2.5,7.86,49.13,0.01,2.73,2.0,0.0,0.0,0.0,5.0,2.0,5.0,2.0,1.0,false
10.0,1.0,1.0,1.0,16.0,55.35,0.28,3.6,15.38,199.26,0.02,11.07,6.0,0.0,0.0,1.0,6.0,5.0,10.0,6.0,1.0,false
83.0,11.0,1.0,11.0,171.0,927.89,0.04,23.04,40.27,21378.61,0.31,1187.7,65.0,10.0,6.0,0.0,18.0,25.0,107.0,64.0,21.0,true
3.0,1.0,1.0,1.0,1.0,0.0,0.0,0.0,0.0,0.0,0.0,0.0,1.0,0.0,0.0,0.0,1.0,0.0,1.0,0.0,1.0,false
74.0,9.0,7.0,6.0,177.0,1036.85,0.05,18.76,55.28,19447.82,0.35,1080.43,58.0,5.0,6.0,0.0,19.0,39.0,100.0,77.0,17.0,false
25.0,1.0,1.0,1.0,65.0,309.07,0.15,6.5,47.55,2008.94,0.1,111.61,13.0,1.0,2.0,0.0,9.0,18.0,39.0,26.0,1.0,true
20.0,2.0,1.0,2.0,49.0,221.65,0.14,7.31,30.33,1619.78,0.07,89.99,13.0,1.0,1.0,0.0,10.0,13.0,30.0,19.0,3.0,true
11.0,1.0,1.0,1.0,22.0,76.11,0.3,3.33,22.83,253.69,0.03,14.09,6.0,1.0,2.0,0.0,5.0,6.0,14.0,8.0,1.0,true
8.0,1.0,1.0,1.0,27.0,102.8,0.24,4.13,24.92,424.04,0.03,23.56,5.0,0.0,0.0,0.0,6.0,8.0,16.0,11.0,1.0,false
1.0,1.0,1.0,1.0,4.0,8.0,0.67,1.5,5.33,12.0,0.0,0.67,0.0,0.0,0.0,0.0,3.0,1.0,3.0,1.0,1.0,false
17.0,3.0,1.0,2.0,49.0,204.33,0.14,7.2,28.38,1471.15,0.07,81.73,12.0,1.0,2.0,0.0,8.0,10.0,31.0,18.0,5.0,false
13.0,5.0,5.0,1.0,36.0,150.12,0.05,18.2,8.25,2732.13,0.05,151.79,10.0,0.0,1.0,0.0,13.0,5.0,22.0,14.0,9.0,false
4.0,1.0,1.0,1.0,4.0,8.0,0.67,1.5,5.33,12.0,0.0,0.67,2.0,0.0,0.0,0.0,3.0,1.0,3.0,1.0,1.0,true
2.0,1.0,1.0,1.0,18.0,68.53,0.29,3.5,19.58,239.86,0.02,13.33,0.0,0.0,0.0,0.0,7.0,7.0,11.0,7.0,1.0,false
34.0,3.0,1.0,3.0,67.0,311.14,0.09,11.54,26.97,3590.06,0.1,199.45,24.0,6.0,1.0,1.0,12.0,13.0,42.0,25.0,5.0,false
16.0,2.0,1.0,2.0,52.0,231.89,0.13,7.92,29.29,1835.8,0.08,101.99,14.0,0.0,0.0,0.0,10.0,12.0,33.0,19.0,3.0,false
25.0,3.0,3.0,3.0,48.0,217.13,0.11,8.71,24.93,1890.85,0.07,105.05,15.0,0.0,8.0,0.0,11.0,12.0,29.0,19.0,5.0,true
77.0,19.0,12.0,19.0,231.0,1245.63,0.03,29.25,42.59,36434.54,0.42,2024.14,61.0,7.0,7.0,0.0,18.0,24.0,153.0,78.0,37.0,true
33.0,1.0,1.0,1.0,65.0,325.0,0.17,5.83,55.71,1895.83,0.11,105.32,24.0,1.0,1.0,0.0,8.0,24.0,30.0,35.0,1.0,true
76.0,14.0,8.0,14.0,193.0,1047.27,0.06,18.07,57.94,18928.42,0.35,1051.58,69.0,0.0,5.0,0.0,16.0,27.0,132.0,61.0,27.0,false
12.0,3.0,3.0,3.0,25.0,95.18,0.17,6.0,15.86,571.1,0.03,31.73,9.0,0.0,1.0,0.0,8.0,6.0,16.0,9.0,5.0,false
11.0,1.0,1.0,1.0,24.0,91.38,0.22,4.5,20.31,411.19,0.03,22.84,6.0,0.0,0.0,0.0,7.0,7.0,15.0,9.0,1.0,true
179.0,13.0,4.0,12.0,361.0,2241.61,0.04,22.82,98.25,51144.16,0.75,2841.34,131.0,24.0,22.0,0.0,17.0,57.0,208.0,153.0,25.0,true
25.0,4.0,1.0,3.0,63.0,296.13,0.11,8.8,33.65,2605.92,0.1,144.77,18.0,2.0,3.0,0.0,11.0,15.0,39.0,24.0,7.0,false
20.0,2.0,1.0,2.0,0.0,0.0,0.0,0.0,0.0,0.0,0.0,0.0,0.0,0.0,0.0,0.0,0.0,0.0,0.0,0.0,3.0,false
15.0,3.0,1.0,3.0,43.0,185.84,0.08,13.0,14.3,2415.96,0.06,134.22,13.0,0.0,0.0,0.0,13.0,7.0,29.0,14.0,5.0,false
14.0,1.0,1.0,1.0,14.0,46.51,0.4,2.5,18.6,116.27,0.02,6.46,5.0,4.0,3.0,0.0,5.0,5.0,9.0,5.0,1.0,false
56.0,13.0,7.0,11.0,226.0,1300.6,0.04,25.51,50.98,33184.0,0.43,1843.56,41.0,2.0,11.0,0.0,19.0,35.0,132.0,94.0,25.0,true
4.0,1.0,1.0,1.0,4.0,8.0,0.67,1.5,5.33,12.0,0.0,0.67,0.0,0.0,0.0,0.0,3.0,1.0,3.0,1.0,1.0,false
15.0,2.0,1.0,2.0,28.0,106.61,0.15,6.67,15.99,710.71,0.04,39.48,10.0,0.0,2.0,0.0,8.0,6.0,18.0,10.0,3.0,false
35.0,3.0,1.0,3.0,105.0,546.99,0.08,12.78,42.79,6991.99,0.18,388.44,26.0,4.0,3.0,0.0,14.0,23.0,63.0,42.0,5.0,true
8.0,1.0,1.0,1.0,5.0,11.61,2.0,0.5,23.22,5.8,0.0,0.32,6.0,0.0,0.0,0.0,1.0,4.0,1.0,4.0,1.0,false
49.0,5.0,1.0,5.0,110.0,550.0,0.07,14.78,37.22,8127.78,0.18,451.54,40.0,2.0,4.0,1.0,14.0,18.0,72.0,38.0,9.0,false
80.0,11.0,1.0,11.0,274.0,1637.77,0.03,28.71,57.05,47016.12,0.55,2612.01,66.0,2.0,10.0,0.0,22.0,41.0,167.0,107.0,21.0,true
4.0,1.0,1.0,1.0,5.0,11.61,0.5,2.0,5.8,23.22,0.0,1.29,2.0,0.0,0.0,0.0,4.0,1.0,4.0,1.0,1.0,false
6.0,1.0,1.0,1.0,13.0,39.0,0.24,4.17,9.36,162.5,0.01,9.03,3.0,0.0,0.0,0.0,5.0,3.0,8.0,5.0,1.0,false
7.0,2.0,1.0,2.0,18.0,59.79,0.29,3.5,17.08,209.28,0.02,11.63,5.0,0.0,0.0,0.0,7.0,3.0,15.0,3.0,3.0,true
25.0,4.0,1.0,4.0,57.0,232.99,0.07,13.5,17.26,3145.3,0.08,174.74,20.0,0.0,3.0,0.0,9.0,8.0,33.0,24.0,7.0,true
61.0,5.0,1.0,2.0,148.0,817.49,0.06,16.0,51.09,13079.79,0.27,726.66,39.0,10.0,7.0,0.0,16.0,30.0,88.0,60.0,9.0,true
24.0,2.0,1.0,2.0,70.0,336.51,0.11,8.74,38.52,2939.56,0.11,163.31,18.0,0.0,1.0,0.0,11.0,17.0,43.0,27.0,3.0,false
21.0,2.0,1.0,2.0,61.0,279.68,0.16,6.43,43.51,1797.96,0.09,99.89,15.0,0.0,0.0,0.0,10.0,14.0,43.0,18.0,3.0,true
16.0,2.0,1.0,2.0,29.0,113.3,0.15,6.86,16.52,776.91,0.04,43.16,10.0,0.0,2.0,0.0,8.0,7.0,17.0,12.0,3.0,true
34.0,5.0,1.0,5.0,99.0,490.47,0.05,18.75,26.16,9196.23,0.16,510.9,27.0,0.0,2.0,0.0,15.0,16.0,59.0,40.0,9.0,true
2.0,1.0,1.0,1.0,4.0,8.0,0.67,1.5,5.33,12.0,0.0,0.67,0.0,0.0,0.0,0.0,3.0,1.0,3.0,1.0,1.0,false
10.0,2.0,1.0,1.0,56.0,256.76,0.14,7.2,35.66,1848.66,0.09,102.7,8.0,0.0,0.0,0.0,9.0,15.0,32.0,24.0,3.0,false
4.0,1.0,1.0,1.0,4.0,8.0,0.67,1.5,5.33,12.0,0.0,0.67,2.0,0.0,0.0,0.0,3.0,1.0,3.0,1.0,1.0,false
5.0,2.0,1.0,1.0,17.0,68.0,0.22,4.5,15.11,306.0,0.02,17.0,3.0,0.0,0.0,0.0,9.0,7.0,10.0,7.0,3.0,false
162.0,17.0,12.0,16.0,334.0,2011.47,0.03,35.6,56.51,71598.78,0.67,3977.71,114.0,35.0,11.0,0.0,23.0,42.0,204.0,130.0,33.0,true
47.0,4.0,1.0,4.0,92.0,442.28,0.08,12.38,35.74,5473.17,0.15,304.07,38.0,2.0,5.0,0.0,12.0,16.0,59.0,33.0,7.0,true
15.0,3.0,1.0,1.0,43.0,204.46,0.1,9.69,21.1,1981.69,0.07,110.09,10.0,0.0,3.0,0.0,14.0,13.0,25.0,18.0,5.0,true
1.0,1.0,1.0,1.0,4.0,8.0,0.67,1.5,5.33,12.0,0.0,0.67,0.0,0.0,0.0,0.0,3.0,1.0,3.0,1.0,1.0,false
24.0,3.0,1.0,2.0,80.0,371.51,0.07,13.85,26.83,5143.96,0.12,285.78,18.0,1.0,1.0,0.0,12.0,13.0,50.0,30.0,5.0,true
4.0,1.0,1.0,1.0,4.0,8.0,0.67,1.5,5.33,12.0,0.0,0.67,2.0,0.0,0.0,0.0,3.0,1.0,3.0,1.0,1.0,false
37.0,1.0,1.0,1.0,0.0,0.0,0.0,0.0,0.0,0.0,0.0,0.0,0.0,0.0,0.0,0.0,0.0,0.0,0.0,0.0,1.0,false
84.0,7.0,3.0,7.0,311.0,1893.2,0.08,12.29,154.03,23269.16,0.63,1292.73,78.0,1.0,1.0,0.0,13.0,55.0,207.0,104.0,12.0,true
45.0,7.0,3.0,7.0,112.0,579.03,0.07,14.95,38.72,8659.15,0.19,481.06,31.0,6.0,1.0,1.0,14.0,22.0,65.0,47.0,13.0,false
19.0,4.0,1.0,4.0,86.0,426.06,0.08,12.28,34.7,5231.08,0.14,290.62,13.0,0.0,4.0,0.0,13.0,18.0,52.0,34.0,7.0,true
7.0,1.0,1.0,1.0,13.0,44.97,0.33,3.0,14.99,134.92,0.01,7.5,4.0,0.0,1.0,0.0,6.0,5.0,8.0,5.0,1.0,false
35.0,3.0,1.0,3.0,108.0,529.94,0.08,13.0,40.76,6889.27,0.18,382.74,30.0,0.0,3.0,0.0,12.0,18.0,69.0,39.0,5.0,true
14.0,2.0,1.0,2.0,29.0,120.93,0.15,6.87,17.59,831.38,0.04,46.19,11.0,1.0,0.0,0.0,10.0,8.0,18.0,11.0,3.0,true
13.0,1.0,1.0,1.0,46.0,213.62,0.13,7.46,28.62,1594.5,0.07,88.58,9.0,2.0,0.0,0.0,11.0,14.0,27.0,19.0,1.0,true
101.0,13.0,6.0,12.0,214.0,1264.07,0.06,17.79,71.07,22482.47,0.42,1249.03,86.0,8.0,5.0,0.0,18.0,42.0,131.0,83.0,25.0,true
2.0,1.0,1.0,1.0,5.0,11.61,0.67,1.5,7.74,17.41,0.0,0.97,0.0,0.0,0.0,0.0,3.0,2.0,3.0,2.0,1.0,false
70.0,15.0,14.0,3.0,293.0,1662.02,0.02,41.3,40.24,68641.45,0.55,3813.41,52.0,0.0,11.0,0.0,21.0,30.0,175.0,118.0,29.0,true
