PCA1,PCA2,PCA3,PCA4
0.25334710313580006,0.976995402269323,0.9345892910734803,-0.4241881922468552
0.08664665379916942,0.8849372497654292,0.7435597568794302,0.09863438048851736
-1.0997786623089358,0.3949806846587804,0.05075115979356203,-0.03880279171263376
0.2936208796655979,0.8080746339118065,1.0889170286405414,-0.08964235107576254
-0.18304602646993223,0.8805315367846752,1.1107716166367854,-0.3853204664075676
-1.2102304517744078,-0.21348026452983423,-0.31863936396437603,-0.6971414348463417
-0.14071481851845655,0.5175648597369021,-1.1737973880246755,0.3312228118244464
0.1951978077188884,0.274977748969002,0.8587541099048019,-0.26260227958635224
-0.3406948270877954,0.29673783825989813,0.24718906871300939,0.08065756414684888
0.11063629878211288,0.2471890687130091,-0.9392175745068245,-0.45707234420909404
0.11664313131806808,0.5347002582995637,0.14071481851845669,0.31863936396437514
-0.234900818482373,0.7086021067647529,1.0570775623935968,0.6484921805928574
-0.9818160569824322,0.27188000539926105,0.08065756414684888,-1.323364216455058
-0.6411448587139198,0.5941961128149156,-1.622193585315426,0.7396311922155762
-0.029845242919239425,0.5209796432934732,0.2936208796655979,-0.3501975088548713
0.09263885303883722,1.3378284023212856,0.22570795386015938,0.18001236979270469
-1.0835340886836176,0.7916386077433741,-0.1467449554865486,-0.514156100744534
-0.7162944973653081,1.295238129128404,0.17092121586939724,0.6120930576553807
-0.6156959086521891,0.5659488219328631,-0.008952363417442818,0.13770168142506747
-0.22570795386015924,0.6782407680102677,0.608498134499883,-0.5005801054667398
-0.3375341331500458,0.3406948270877951,0.6156959086521895,-0.2410403938860267
-0.09863438048851791,0.6013317483706253,0.23796948491745082,-0.3949806846587813
-0.7435597568794305,0.42745546102057647,-0.41766717348273275,0.4670331086671348
-0.45707234420909404,0.4504570006150689,0.2626022795863501,0.27188000539926105
-0.8458811527012234,0.5485222826980981,-0.20737848262438158,-1.116318759832843
-1.3378284023212843,0.30298044805620655,-0.2873954772812097,0.8458811527012235
-0.008952363417443375,0.8122178014999133,0.9485350408266381,0.05373931758382359
-0.1769803688820698,0.4703636383779995,-0.13468979400891956,-0.5870906048048712
0.5589578655042562,1.3162348260233434,0.29985768246633526,-0.6411448587139204
0.3406948270877951,1.3908012159728171,0.4803867966998286,0.4803867966998286
-0.03283079095640579,0.967421566101701,0.3123666340785934,-0.4870957526843022
0.1527804332506652,1.1979091661139951,0.50058010546674,-0.07167928382863153
0.583548957755558,0.9117415954377492,1.4565592062179573,-0.34702647570686246
0.17394999408838321,1.7451866691608022,1.367627923315689,-0.077664117312905
-0.10763439238310202,0.9532247863106329,-0.13770168142506733,0.6558746782604521
0.035816631660068356,1.309171716785778,0.9721973454126824,0.3533720673209081
-1.7590357970929549,0.8674156943957144,0.3724957045884014,-0.42092544544688065
-0.18911842627279252,0.5312607573635747,0.1346897940089197,0.4241881922468556
-0.7673774314602031,0.8247319127657188,0.4637077514571792,0.11063629878211205
-0.463707751457179,0.9866596365158969,-0.2502668996131862,0.7916386077433749
-0.3789002954952448,1.1797611176118605,0.8544473986959894,0.41766717348273247
0.10463345561406966,1.9807523966472806,1.3305615131788975,0.5729675484954638
-0.2533471031357997,0.630188246022677,0.6857716079778264,0.7754137071463977
0.12265417556496809,1.1561518577081116,0.8761428492468364,0.9485350408266381
0.5485222826980981,1.4066749078855159,1.4919422487276355,-0.23490081848237185
0.08365173390712909,1.622193585315426,0.9299809413972774,0.6595793500069248
-1.731664396122245,1.105258443823681,-0.6820013531424406,0.3438589282400017
0.4803867966998286,2.073828534496726,1.1619935246052235,0.6744897501960794
0.3312228118244458,1.4311719086331407,0.9626677504946358,0.4471567246764453
-0.0746713662454841,1.3021733217241471,0.3692991461674126,0.6632930964212768
-2.8227138814289354,1.1275173490721262,-0.241040393886027,0.4703636383779995
-2.1893497555220844,0.7998296120240881,0.029845242919239703,0.3406948270877951
-1.9022164957820153,2.1280452341849863,-0.7009514195842119,0.005968197989048463
-0.3501975088548713,1.8501931612292941,-0.6301882460226785,0.04776345509711993
-5.199337582605575,0.7435597568794109,-1.9207605287266936,0.04477617669551638
-1.501085946044025,-0.1016334608406879,-0.4670331086671347,0.18304602646993154
-3.0380743049242103,1.0212355417065913,-0.3789002954952448,-0.5175648597369031
-0.2749777489690056,1.465233792685523,0.9117415954377499,0.763377834256938
-0.8416212335729142,0.4603875140482479,-0.708602106764754,-0.967421566101701
-1.884304422782422,0.4803867966998286,-1.2681009431780323,-0.7435597568794305
-1.330561513178897,0.4570723442090942,-0.626552853724756,0.74355975687943
-0.21348026452983423,0.5589578655042562,0.4438613119262478,0.9253922574738569
-0.3249246566356295,1.4479928593932077,1.0162217327405558,-0.8849372497654342
-0.01790544439224393,0.562449907600316,-0.42745546102057647,0.20737848262438144
-1.7877922988926054,0.5554726262848051,-0.9579355910411306,-1.0062699858608395
-0.16486833151060173,1.0313409693098305,0.8458811527012235,0.4603875140482479
-0.507356414285685,0.8938006311794894,0.26569230460150045,0.2687848686051261
-0.619306769508776,1.3600644683394234,0.8717709721899591,-0.8247319127657187
-0.6782407680102677,1.66839119394708,0.09563618704124369,1.2747974249655285
-0.49045845128523125,1.1678751161199363,-0.05373931758382345,-0.09563618704124509
-0.17092121586939724,2.514954877802536,0.8289320521711078,-0.1016334608406879
-0.1196481130398419,1.77323076474651,1.4479928593932077,1.121900467462353
-2.025099552524569,1.2747974249655285,0.10463345561407329,0.18608136867296726
-0.5209796432934729,0.8458811527012235,0.7713893420811573,0.1709212158693975
-2.300346955727878,0.7474998310356423,0.12566134685507416,0.19824019188599148
-0.38853650101583753,1.2418667918433206,1.222738259494066,0.943866064906536
-0.1046334556140754,2.300346955727879,1.2614608488054833,0.9579355910411308
-1.0728613416500032,0.3789002954952476,-1.6928911380198521,-0.8458811527012234
-0.6632930964212767,0.820546272450536,-0.1769803688820698,0.7554150263604693
0.1076343923831023,2.223375709943088,1.309171716785778,0.21042839424792484
0.21042839424792256,1.0262751551236702,0.09863438048851819,0.19519780771888812
-0.29362087966559774,0.8289320521711078,0.541598336440453,0.6971414348463417
-0.0627067779432137,1.4829216141410044,-0.21042839424792512,-0.9253922574738591
-0.5800146152437611,1.7184515433910255,0.6744897501960821,0.241040393886026
-1.0415528300904857,1.20404696002669,-0.5519941213168879,0.19215722925437256
-0.6301882460226785,1.1107716166367854,0.708602106764754,-0.36610635680056963
-0.05373931758382345,1.0835340886836176,0.05971709978532289,-0.7998296120240876
-1.9807523966472789,1.4229111803109857,-0.7201566171385521,0.3375341331500415
-0.020890088246888424,1.235440341561252,-0.3565501910163918,0.08664665379916886
-1.382994127100638,0.18608136867296726,-1.375270434220007,0.8080746339118065
-0.6971414348463417,0.7162944973653081,-0.33753413315004593,0.28739547728120984
-1.2164605669458162,0.48373855304610314,-1.0415528300904857,0.6521789863427861
-1.4919422487276346,1.116318759832843,-2.0024338099566465,-0.6782407680102677
-0.8544473986959902,0.5519941213168881,-0.9253922574738591,-0.086646653799169
-0.8717709721899588,1.4740200588585184,-0.6013317483706249,0.33437680758881416
-0.362917295139356,1.161993524605224,0.21348026452983437,-0.493826705042641
-0.31863936396437503,1.0112333405527885,-0.23796948491745112,-0.2749777489690046
-0.771389342081157,0.8331468660796095,-1.0675705238781412,-0.6670160135425022
-1.8027430907391904,0.8630768082997791,0.4079187409450345,-0.22877008485407255
-1.4229111803109864,0.38210841220036396,0.7916386077433749,0.08964235107576227
-0.6558746782604519,0.9721973454126824,0.1648683315106016,-0.565948821932863
-1.4066749078855156,0.3501975088548713,-1.1331700302595604,-0.4405707123704149
-1.4829216141410033,1.2483449437436769,-0.023874918204524247,-0.3123666340786027
-1.4565592062179569,0.2936208796655979,-0.685771607977826,-0.38853650101583775
-1.5896897204901463,0.7713893420811573,-0.09263885303884002,-0.8080746339118065
0.04477617669551638,1.9207605287266951,0.2533471031357997,-0.5278275298878451
-1.0262751551236695,-0.13167912793395617,-0.11363920250720455,-0.739631192215576
-0.3155014472579616,0.9345892910734803,-0.8122178014999133,-0.7124430323894889
0.28739547728120984,1.3829941271006374,0.9579355910411308,0.23796948491745082
-0.4770404284894434,0.09863438048851819,-1.0728613416500028,0.3661063568005698
-0.15278043325066507,0.9485350408266381,-0.45045700061506866,0.22877008485407269
-0.21959000511987234,0.9253922574738591,0.15580024666388428,0.5485222826980971
-1.4147464255349769,1.1503493803760088,-0.10763439238310202,-0.10463345561407596
0.38853650101583775,1.7055320607186073,0.9818160569824322,0.6895516362440408
-0.9438660649065356,0.9392175745068245,0.4307272992954577,0.29050677112339396
-0.708602106764754,0.3597319201314759,-0.07766411731301986,0.2842869629916828
-0.6229257232100877,1.0889170286405414,0.02387491820452397,0.6670160135424988
-0.7998296120240876,1.0415528300904862,-1.295238129128404,-0.12265417556496838
-0.6820013531424406,1.0364333894937898,0.45376219016987956,0.8587541099048019
-0.023874918204524247,2.344597707470275,0.7009514195842123,0.9532247863106329
-2.2233757099430864,0.34385892824000114,-1.0062699858608395,-0.7009514195842123
-0.3312228118244467,1.222738259494066,0.5694546786089568,-0.10763439238310202
-2.0024338099566465,1.6805150795882327,-0.3949806846587802,-0.23183436245300973
0.0567279552952648,2.592655576282235,1.5197595111588957,1.0623094227799812
-0.0388027917126339,3.0380743049242116,1.0262751551236695,0.9392175745068245
-0.5450570432367979,2.449997660602646,0.9162728400845187,0.820546272450536
-0.5977601260424784,1.4147464255349769,0.11363920250720469,-0.026859960884450182
-0.7201566171385521,1.589689720490147,0.7957274364445949,0.9721973454126829
-0.3949806846587804,1.367627923315689,0.898258749101569,0.6857716079778264
-0.8122178014999136,1.2883646799894244,0.9532247863106329,0.3597319201314759
-0.6595793500069236,1.0943317074660934,0.02685996088444879,-0.7318080838596176
-0.4603875140482478,5.19933758270342,1.1503493803760079,0.8163749586374266
-0.8761428492468408,0.3061061710154012,-0.8587541099048019,0.11964811303984217
-2.260188991329375,1.4395314709384563,0.17698036888207008,-0.3982089211336603
-0.6374841609623769,1.731664396122243,0.44057071237041473,0.017905444392243793
-0.565948821932863,0.6820013531424378,-0.04477617669551666,0.5347002582995637
-0.2104283942479247,0.5141561007445318,0.37569607371280517,0.16789400478807326
0.12866965494285118,2.048856076229705,0.7875629714324951,-0.017905444392243654
-0.8331468660796095,0.4938267050426413,0.41766717348273275,0.15580024666388428
-1.5488051323094818,0.6632930964212768,0.30298044805620655,0.24718906871281887
-0.6521789863427858,0.4307272992954577,1.051874477842607,-0.6084981344998834
-2.6901095271588655,0.40791874094503505,0.2842869629916828,-0.0746713662454841
-2.3939797998185095,0.6558746782604521,0.5312607573635747,-0.4144133296000765
-0.5589578655042562,0.7957274364445956,0.5729675484954618,-0.5209796432934729
-0.751451543849005,-0.13770168142506733,0.6971414348463421,0.21959000511987248
-0.9208229763683788,0.005968197989048463,0.5800146152437594,0.7593904115260794
-1.7451866691607458,0.4637077514571792,-0.8163749586374262,-0.032830790956405655
-2.073828534496725,0.5107533056261898,0.5977601260424787,-0.035816631660070444
-1.6928911380198521,0.49045845128522936,0.2564297122110348,0.47704042848944356
-2.5926555762822416,0.16184416680396244,0.9964169123156182,0.10163346084068818
-1.8501931612292957,0.10163346084068735,0.630188246022678,-0.17394999408838294
-0.2873954772812097,0.8544473986959894,1.0013312975256878,0.48373855304610314
-0.40791874094503433,0.898258749101569,0.4904584512852309,0.3470264757068614
0.21653412444917097,0.670748198631916,1.3986940078081778,0.9162728400845219
-0.0029840857080814663,0.9915264746773299,1.465233792685523,-0.13770168142506733
-1.5689196324989263,0.6857716079778264,-0.1196481130398419,0.682001353142438
-0.8587541099048018,1.0062699858608402,0.4144133296000762,0.9208229763683788
0.21959000511987248,2.157684357522869,1.2418667918433206,0.5175648597367914
0.4603875140482479,0.8416212335729143,1.2747974249655285,0.4079187409450348
-1.0466997149874726,0.7047716066110463,-0.3280721075316511,-0.19519780771888826
-0.3280721075316511,0.2842869629916828,0.00895236341744254,0.7086021067647514
-0.7240295087529761,0.7357140097174591,-1.6003371505758892,-0.6156959086521896
-0.9072289939325966,0.7835003753897741,-0.6971414348463417,-0.708602106764754
-0.25642971221103605,1.2102304517744078,0.3438589282400017,-0.3533720673209079
0.12566134685507388,0.7201566171385524,-0.20128441209608725,-0.2905067711234054
-0.48709575268430255,1.9399896117517046,-0.9117415954377498,-0.06868784298850565
-0.11363920250720441,1.1918161716813933,-0.5554726262848051,-0.06569701669164288
0.11964811303984217,0.622925723210088,-0.2471890687130091,-0.8761428492468408
-0.20737848262438158,0.3565501910163881,0.0926388530388403,-0.4603875140482478
-0.6857716079778261,0.3982089211336604,-1.1678751161199359,-0.5519941213168879
-1.2354403415612518,0.21042839424792456,-0.08065756414684874,-0.00895236341744254
0.19824019188599148,1.2548759122271174,0.1076343923831023,-0.0627067779432137
-1.447992859393207,0.7875629714324944,-0.2533471031357997,-1.1331700302595595
-0.005968197989048463,0.8893602069871975,1.235440341561252,0.3217804213082704
-0.41766717348273275,0.9964169123156182,-0.3982089211336603,-0.059717099785322754
-0.9253922574738591,0.4144133296000759,-0.10463345561407554,0.5381460965041873
-0.5278275298878451,0.7794506698081491,0.4603875140482479,0.21653412444917097
-1.1388591532520604,0.7593904115260794,-0.47704042848944356,0.2502668996131865
-1.398694007808177,0.22570795386015938,-0.22877008485407296,0.1527804332506652
-1.7184515433910246,0.5729675484954566,-0.5278275298878451,0.9345892910734803
0.011936608571118106,1.818108055374887,1.1331700302595604,0.6374841609623771
-1.2483449437436769,0.5800146152437614,0.19215722925437284,0.8544473986959894
0.06270677794321385,0.9162728400845221,1.3829941271006365,0.25334710313580006
-0.12566134685507388,0.7318080838596178,0.6632930964212768,0.3756960737128048
0.03880279171263404,1.4565592062179573,0.4504570006150689,0.5073564142856847
0.40144131290018054,1.2290645129270454,1.3233642164550399,0.7875629714324949
0.3438589282400014,0.5073564142856853,0.6670160135425023,0.3692991461674126
-0.26260227958635124,1.2815515655446004,0.077664117312905,0.27497774896900434
0.30298044805620655,1.2164605669458166,1.3021733217241498,0.7713893420811573
-1.375270434220007,0.7514515438490051,0.032830790956405516,0.08365173390712936
0.3917565592486184,2.2601889913293767,1.2952381291283857,0.17394999408838238
-0.3123666340785934,0.5694546786089568,0.22877008485407269,-0.507356414285685
-1.2418667918433202,0.21348026452983437,-0.29673783825989797,0.3155014472579608
-2.1576843575228675,0.6595793500069251,-0.09863438048851791,0.6013317483706253
-0.06569701669164037,0.9027347916438648,0.16184416680396244,0.7794506698081443
-2.4499976606027283,0.6521789863427861,-0.01790544439224351,0.7318080838596178
0.4209254454468795,1.5010859460440138,1.558783549502996,0.5659488219328631
0.3186393639643746,0.9818160569824322,0.7474998310356428,0.8938006311794815
-0.8039452913875315,0.24411357767099323,-0.38853650101583753,-0.05373931758382345
-0.9532247863106325,1.057077562393583,-0.3092348875477788,0.4274554610205768
0.005968197989048463,1.759035797092899,1.0364333894937898,0.5800146152437597
-0.1016334608406879,0.9072289939325964,1.2548759122271174,0.9626677504946358
-1.051874477842607,1.5389785873705804,-0.17394999408838294,-0.5941961128149152
-0.739631192215576,1.3305615131788924,-0.28118119330895464,0.747499831035642
0.49045845128523125,1.5292984400031995,-0.15278043325066507,0.5589578655042562
0.0656970166916405,1.0518744778426077,0.6338319860929819,1.3021733217241498
0.07167928382863167,0.7754137071463949,0.7357140097174591,0.28118119330895447
-0.9626677504946355,1.1331700302595606,0.27807813348550126,1.1918161716813924
-1.6111691623526774,0.4111638674223477,0.23183436245300987,0.008952363417441982
-0.8982587491015686,0.5835489577555577,0.8039452913875318,-0.17092121586939724
-0.1166431313180688,1.3525780265528824,0.42092544544688065,1.0262751551236582
-0.5729675484954633,1.3986940078081778,0.10163346084068818,0.5941961128149152
-0.8893602069872001,0.4438613119262478,-0.0029840857080814663,-0.2104283942479247
-1.1331700302595595,0.9299809413972774,0.18304602646993237,0.6265528537247562
-0.40144131290018104,1.8843044227824042,1.0997786623089363,0.5141561007445342
-0.13468979400891956,0.9626677504946358,1.0466997149874697,0.07167928382863167
0.09863438048851819,1.558783549502996,1.197909166113993,0.9072289939325973
-0.3061061710154012,0.6156959086521895,0.7794506698081443,-0.6744897501960817
-1.390801215972819,0.8039452913875318,-0.45376219016987945,0.1467449554865486
-1.6003371505758892,0.43400375499440985,0.32178042130827067,-0.976995402269323
-0.644814168506184,1.0997786623089363,0.6707481986319154,0.16184416680396244
-0.3692991461674125,0.3917565592486184,-0.507356414285685,-0.5906396312561332
-0.8163749586374262,1.5689196324989263,0.014920960032899534,-0.7835003753897741
0.05373931758382331,1.959963984540054,1.4229111803109868,0.7835003753897745
0.14372923370582416,1.802743090739192,1.2483449437436769,0.041789297816453665
-0.15882148153414036,0.6193067695087763,-0.375696073712805,-0.005968197989048324
0.38532046640756773,1.144585377513045,0.7673774314602004,1.0212355417065975
0.21348026452983437,2.3939797998185104,0.017905444392243793,0.9915264746773306
0.19215722925437284,1.6111691623526732,1.0313409693098285,0.12265417556496838
0.28118119330895447,2.690109527158867,1.1678751161199363,-0.08365173390712909
0.29050677112339396,1.6448536269514733,1.121900467462353,0.562449907600316
0.0208900882468887,1.5197595111588966,0.6193067695087763,0.035816631660069743
-1.1503493803760079,0.7396311922155762,-0.05672795529526466,0.3982089211336604
-0.7593904115260794,0.9208229763683723,0.682001353142441,-0.6484921805928574
-1.5197595111588966,0.7240295087529766,-0.7240295087529764,-0.5977601260424797
-0.059717099785322754,1.13885915325206,1.0835340886836144,0.3917565592486184
-0.514156100744534,1.8339146358159146,0.7279132908816444,0.23183436245300987
-0.4046779045300476,1.9022164957820153,-0.5107533056261917,0.0
-0.41116386742234795,1.5488051323094818,0.6049110581168622,-0.3092348875477788
0.5347002582995637,1.016221732740557,1.4740200588584838,1.3829941271006374
0.06868784298850579,2.100165492844471,1.4147464255349769,1.0313409693098314
-1.6565076970533983,1.1737973880246764,0.3982089211336604,0.2936208796655979
0.17698036888207008,2.189349755522064,1.4395314709384563,-0.08065756414684874
0.11363920250720469,2.8227138814288764,1.3908012159728171,-0.16184416680396244
-2.514954877802528,-0.01790544439224407,-1.2354403415612518,-0.3917565592486186
0.29985768246633526,0.6971414348463421,0.5554726262848051,0.6933415430367886
0.14976201244462692,0.8717709721899588,0.8373765327938375,0.12566134685507388
-1.6683911939470795,1.0781823635060823,0.35019750885487166,-0.05672795529526466
-0.2043304988126093,0.6484921805928574,0.8630768082997791,0.4504570006150689
-0.15580024666388415,0.6084981344998837,0.1588214815341405,0.49045845128523125
-0.5941961128149156,-0.0746713662454841,0.5941961128149139,-0.3312228118244467
-0.5005801054667398,0.5764875032319371,-0.8205462724505376,-0.49045845128523125
-1.0623094227799812,0.24104039388602486,-0.2441135776709931,0.07467136624548423
-0.3597319201314758,0.38532046640756773,-0.4603875140482478,0.6707481986319156
-0.3533720673209079,0.7279132908816444,-0.5415983364404527,0.029845242919239703
-0.20128441209608244,0.6670160135425018,0.7201566171385524,-0.7916386077433746
0.6632930964212768,0.3217804213082704,0.7593904115260794,1.2418667918433206
0.41441332960007676,0.8587541099048019,1.3378284023212792,0.12866965494285035
-0.7875629714324951,0.4372848764419533,0.21042839424792484,0.8630768082997791
-0.09563618704124509,0.8163749586374207,1.1275173490721278,0.3789002954952521
-0.29673783825989797,0.48709575268430266,0.5906396312561332,-0.3249246566356297
-0.44057071237041456,0.27807813348550126,0.3565501910163881,0.026859960884449904
-0.19519780771888826,1.5103568962835037,1.1737973880246764,0.26569230460150073
-0.6338319860929816,-0.04477617669551638,-0.08365173390712909,-1.0262751551236695
-1.633418768283204,-0.06868784298850579,-0.1016334608406879,-0.29362087966559774
-0.493826705042641,-0.011936608571117828,1.281551565544595,-0.47369939376565046
-0.4803867966998286,1.3752704342200062,0.5764875032319374,-0.43400375499441046
-0.08065756414684888,0.5005801054667391,1.0728613416500032,0.6448141685061831
-0.4670331086671347,1.185767104533332,0.808074633911807,-0.21348026452983423
-1.1857671045333316,0.6049110581168619,0.524400512708041,-0.4307272992954715
-0.7957274364445961,0.3661063568005698,0.38210841220036396,0.011936608571116994
-0.5415983364404527,1.6928911380198521,0.34069482708779214,0.45376219016987956
0.16789400478810546,1.2681009431780343,1.2681009431780323,-0.35655019101638796
0.1588214815341405,0.7124430323894885,0.7754137071463977,-0.644814168506183
-0.02685996088445046,0.6933415430368163,0.5659488219328631,0.8805315367846749
0.23796948491745082,1.001331297525676,0.48709575268429456,-0.93458929107348
-0.626552853724756,0.4770404284894439,-0.6484921805928572,0.3949806846587804
-0.24411357767099337,0.6448141685061831,0.18911842627279155,0.40144131290017965
0.008952363417442261,1.0728613416500032,0.37890029549524495,-0.16789400478810546
-0.1921572292543727,0.6895516362440408,0.9072289939325966,-0.26569230460150084
-0.42092544544688065,0.8373765327938375,0.9392175745068245,-0.8805315367846749
-0.30298044805620644,1.121900467462353,1.2040469600267016,0.20128441209608144
0.22264793779319172,2.0024338099566417,1.4311719086331407,0.16486833151060215
-0.3470264757068623,0.524400512708041,0.21653412444917097,-0.8630768082997791
-0.2811811933089543,0.6265528537247562,-0.12265417556496935,0.7240295087529766
-1.4740200588585204,1.2614608488054833,0.04477617669551638,-0.18304602646993223
-1.1918161716813946,0.5278275298878454,0.3917565592486184,-0.48038679669983464
0.077664117312905,1.6003371505758899,1.5010859460439958,0.6782407680102679
0.4570723442090942,1.7877922988925992,0.7162944973653081,-0.11063629878211316
0.20128441209608172,0.44057071237041473,0.3280721075316514,-0.014920960032900369
0.32492465663563075,1.0623094227799812,1.006269985860839,0.524400512708041
0.3123666340785934,1.5792195192835752,0.976995402269323,0.24411357767099323
0.5209796432934729,1.8669772714006454,1.105258443823681,0.3501975088548707
0.20433049881260834,1.6334187682832009,1.3752704342200068,0.6156959086521895
-1.622193585315426,0.6338319860929819,-0.035816631660069605,0.630188246022678
-0.7318080838596176,1.4919422487276355,0.3949806846587804,0.5005801054667357
-0.7009514195842121,0.9579355910411308,0.8805315367846752,-0.0417892978164538
-0.9579355910411306,0.6744897501960752,0.41116386742234823,-0.3280721075316511
-0.04178929781645395,2.025099552524562,1.1857671045333316,0.8893602069871996
-1.116318759832843,0.0656970166916405,0.0656970166916405,-0.1467449554865486
-1.4652337926855223,0.545057043236798,-0.029845242919239425,0.4570723442090942
-0.086646653799169,1.3451666341766395,1.116318759832843,0.4111638674223473
-0.05075115979356203,0.8761428492468406,1.011233340552875,-0.023874918204524247
-0.7754137071463972,1.323364216455058,-0.0746713662454841,1.4066749078855159
-0.5554726262848051,1.0675705238781419,0.3629172951393563,0.622925723210088
-0.4372848764419533,0.5977601260424698,-0.059717099785322754,0.4372848764419533
-0.23183436245300973,1.656507697053399,0.6484921805928574,1.3525780265528826
-0.2905067711233938,0.8501564775591641,0.4670331086671348,0.8761428492468414
0.04776345509711993,0.4972005706815544,0.583548957755558,1.1797611176118612
-1.021235541706597,0.3280721075316514,-0.7754137071463972,0.1316791279339563
-1.3600644683394245,0.19824019188599148,-0.25951475993776346,-0.16486833151060173
-0.5244005127080407,0.5906396312561332,0.6558746782604521,0.8122178014999129
-0.893800631179489,1.0466997149874682,0.38532046640756773,0.3565501910163881
-1.2883646799894244,0.7633778342569373,0.0,0.4870957526843024
-1.0570775623935968,0.28118119330895447,-0.011936608571117828,0.7162944973653081
-0.4438613119262475,0.943866064906536,1.4066749078855159,1.2483449437436769
0.6374841609623771,0.3756960737128045,0.8163749586374262,0.5764875032319371
0.3629172951393563,-0.18608136867296712,0.04776345509712021,-2.6901095271588655
0.5175648597369003,-0.31550144725978013,0.0029840857080816055,-1.5292984400031993
0.3565501910163881,-0.576487503231937,-0.2998576824663351,-1.1737973880246764
0.13770168142506747,-0.33437680758881416,-1.5389785873705804,-1.3676279233156883
0.6971414348463421,-0.198240191885999,-0.7124430323894889,-1.6448536269514729
0.24411357767099323,-0.3629172951393563,-0.23183436245300973,-1.5689196324989263
0.4241881922468556,-0.18001236979270496,-0.6632930964212767,-0.5244005127080436
0.5278275298878454,0.014920960032900646,-0.9208229763683788,-0.4670331086671347
0.20737848262438172,-0.08964235107576254,-0.6933415430368173,-1.6565076970533983
0.6820013531424395,-0.16486833151060173,-0.19519780771888826,-1.2418667918433202
0.7435597568794302,0.33437680758881444,-0.27188000539926177,-3.0380743049242103
1.1737973880246755,-0.09563618704124509,0.6013317483706253,-1.5197595111588966
0.7593904115260794,-0.3438589282400014,1.1797611176118605,-2.8227138814289354
0.1346897940089197,-0.44057071237041445,-1.0162217327405565,-1.398694007808177
-0.17394999408838294,-0.42092544544688065,-1.0466997149874726,-2.1001654928444693
0.07467136624548423,-0.35337206732093573,-0.7835003753897741,-1.884304422782422
0.029845242919239703,-0.161844166803962,0.27188000539926105,-1.5103568962835032
0.23183436245300987,-0.029845242919239425,-0.29050677112339407,-1.501085946044025
0.2502668996131819,-0.4603875140482478,-0.8289320521711073,-1.5488051323094818
-0.18001236979270496,-0.3885365010158384,-1.1388591532520604,-1.7055320607186064
0.1467449554865486,0.14071481851845669,-1.4066749078855156,-2.128045234184984
-0.014920960032900369,0.1588214815341405,-0.5800146152437611,-2.073828534496725
0.08964235107576199,-0.6782407680102677,-0.026859960884450182,-5.199337582605575
1.0162217327405558,0.023874918204524524,0.11964811303984217,-1.8339146358159177
1.558783549502996,0.20128441209608258,0.07167928382863167,-1.5792195192835745
1.1979091661139802,0.4241881922468556,0.47704042848944356,-2.300346955727878
0.8247319127657188,0.3629172951393563,-0.16789400478810546,-1.8669772714006438
1.144585377513052,0.06868784298850579,0.4241881922468556,-1.375270434220007
0.5073564142856853,-0.047763455097122993,-1.5488051323094818,0.09563618704124509
0.5870906048048712,0.2626022795863509,-0.7047716066110463,-1.3378284023212843
1.4919422487276295,0.22264793779319172,0.6374841609623771,-2.5926555762822416
0.7240295087529766,0.3312228118244458,-0.041789297816453665,-2.025099552524569
-0.011936608571117828,-0.5659488219328631,-0.12566134685507388,-2.0024338099566465
1.8027430907391877,-0.0417892978164538,1.0781823635060823,-2.1893497555220844
1.465233792685523,-0.2471890687130091,0.3597319201314759,-1.4740200588585204
2.300346955727879,0.21653412444917097,0.9253922574738587,-1.9207605287266936
1.0415528300904862,-0.12866965494285104,0.29673783825989813,-2.2233757099430864
0.967421566101701,0.6120930576553743,-0.520979643293473,-2.4499976606027283
1.2747974249655285,-0.20128441209608228,-0.234900818482372,-1.9022164957820153
1.5010859460440256,0.21959000511987248,-0.8805315367846752,-0.6338319860929816
0.6857716079778264,0.4014413129001809,0.6895516362440408,-1.4066749078855156
1.0728613416500032,0.04776345509712049,-0.14372923370582444,-1.7184515433910246
1.0212355417065975,0.18911842627279266,-0.6229257232100878,-1.3021733217241485
1.3986940078081778,-0.23183436245300973,1.0943317074660934,-2.1576843575228675
1.0675705238781419,0.14976201244462692,1.1388591532520596,-2.3445977074702737
0.8501564775591641,0.38853650101583775,-0.6120930576553811,-1.633418768283204
1.6928911380198521,0.25951475993776374,-0.8849372497654343,-1.3451666341766395
1.7590357970929555,-0.12566134685507402,0.16789400478810573,-0.8544473986959894
1.731664396122206,-0.1467449554865486,-1.1797611176118612,-0.5485222826980979
2.514954877802536,0.00895236341744254,-0.7435597568794305,-0.6895516362440404
2.1280452341849863,-0.3061061710154014,-0.9915264746773306,-0.5347002582995636
0.541598336440453,-0.4803867966998286,0.4372848764419533,-2.0488560762297037
0.9117415954377492,-0.086646653799169,-0.5941961128149152,-1.447992859393207
1.0112333405528748,-0.14372923370582474,0.4938267050426407,-1.204046960026702
0.562449907600316,-0.2502668996131862,-0.44057071237041445,-1.4565592062179584
0.8717709721898745,0.05373931758382359,-0.5450570432367979,-1.3162348260233447
0.9721973454126824,0.14372923370582416,-1.2614608488054833,-1.1107716166367854
1.0889170286405414,0.28739547728120984,0.6933415430368138,-1.295238129128404
0.6301882460226786,-0.3917565592486184,-1.1979091661139947,-0.27807813348550214
1.2952381291284047,-0.21653412444917083,1.1445853775130526,-1.6928911380198521
0.48373855304610314,-0.4570723442090823,-0.6595793500069247,-0.5589578655042562
0.4637077514571792,-0.372495704588401,-0.9438660649065356,-0.2502668996131862
0.37890029549524556,-0.40144131290018054,-1.1619935246052235,-1.1052584438236805
0.17092121586939724,-0.6338319860929816,-1.5896897204901463,-0.4014413129001804
0.43072729929544795,0.07467136624548423,-0.5906396312561332,-1.2815515655446004
0.6156959086521895,-0.22877008485407255,0.2749777489690046,-1.414746425534976
0.18001236979270382,-0.507356414285685,-0.5624499076003158,-0.21653412444917083
0.4703636383779995,0.077664117312905,-0.3821084122003638,-1.1619935246052235
0.18608136867296698,-0.44386131192624906,-0.751451543849005,-0.9964169123156181
0.26260227958635124,-0.3501975088548713,-1.1219004674623523,-0.45376219016987945
1.5488051323094818,-0.24411357767099295,0.447156724676445,-1.818108055374894
0.44715672467644035,-0.7474998310356415,-0.7957274364445964,1.1388591532520604
1.0062699858608402,-0.3406948270877954,-0.18911842627279238,-1.7451866691607458
0.5694546786089568,-0.222647937793192,-0.3438589282400014,-1.7732307647465084
1.191816171681395,-0.21959000511987234,-0.14071481851845655,-0.18911842627279238
1.6448536269514733,-0.12265417556496838,-0.48373855304610375,-0.6558746782604526
1.8339146358159113,0.0926388530388403,-0.93458929107348,-0.7047716066110463
0.8630768082997791,-0.4471567246764458,-0.33437680758881416,0.22570795386015938
1.0364333894937898,-0.3789002954952448,0.13770168142506747,-1.2483449437436769
0.3501975088548707,-0.5312607573635747,-1.031340969309831,-0.2998576824663351
0.29673783825989813,-0.06569701669164064,0.25951475993776374,-0.3406948270877954
1.121900467462353,-0.15580024666388456,0.19519780771888812,-1.2102304517744078
2.822713881428921,-0.0627067779432137,0.347026475706862,-1.4829216141410033
0.9626677504946358,-0.05672795529526466,0.5589578655042562,-0.42745546102057647
0.7998296120240876,-0.4046779045300476,-0.14976201244462675,-0.9438660649065356
0.22570795386015938,-0.22570795386015957,0.3661063568005698,-1.2614608488054833
1.2614608488054513,-0.09263885303884002,0.4972005706815544,-1.3829941271006385
1.1107716166367854,0.011936608571118106,0.6411448587139198,-1.9807523966472789
0.7633778342569368,-0.2842869629916827,-0.3249246566356302,-0.7593904115260794
0.27188000539926077,-0.5005801054667398,-1.1503493803760079,-1.6003371505758892
1.2418667918433206,-0.3375341331500458,0.4340037549944065,-1.0889170286405414
1.0466997149874686,0.1256613468550736,1.1561518577081116,-1.4311719086331403
0.6448141685061831,-0.2043304988126082,-0.050751159793561616,-1.3525780265528826
-0.13770168142506733,-0.3249246566356306,-1.0623094227799807,-1.7590357970929549
-0.47369939376565356,0.13770168142506747,-0.30610617101540255,-1.5587835495029956
0.5312607573635747,-0.0806575641468493,-0.29362087966559774,-1.6111691623526774
0.0029840857080816055,-0.493826705042641,0.08365173390712852,-1.8027430907391904
0.32807210753164967,-0.19519780771889195,0.011936608571117549,-1.8501931612292957
1.161993524605219,0.16486833151060187,0.7124430323894885,-1.6683911939470795
0.6782407680102606,0.03880279171263376,0.4570723442090942,-1.390801215972819
0.5906396312561308,0.13167912793395573,-0.03880279171263404,-0.8205462724505357
0.7201566171385524,0.3123666340785934,0.3312228118244458,-1.7877922988926054
0.8761428492468414,0.05075115979356203,0.8893602069871996,-1.622193585315426
0.7554150263604693,0.23796948491745082,0.5209796432934732,-1.5389785873705804
0.2656923046014993,-0.3565501910163878,-0.597760126042479,-0.8122178014999138
0.7835003753897741,-0.6084981344998833,-0.16486833151060173,-2.260188991329375
0.6744897501960821,-0.5906396312561332,1.34516663417664,-1.9399896117517068
2.2601889913293767,-0.43072729929545756,1.3525780265528824,-1.6805150795882322
1.8669772714006454,-0.032830790956405655,0.12265417556496754,-2.3939797998185095
0.9579355910411308,-0.3092348875477795,0.6120930576553799,-2.514954877802528
0.45376219016987956,0.1678940047881049,-1.4395314709384557,-1.1797611176118612
2.0024338099566483,0.0567279552952648,-0.12866965494285076,-0.18001236979270496
1.7732307647465007,-0.07766411731290486,-0.26569230460150073,-0.6374841609623769
1.4229111803109868,0.09563618704123363,0.20737848262438144,-0.20128441209608244
1.2483449437436769,0.03283079095639911,0.6265528537247562,0.05971709978532289
2.048856076229705,0.12866965494285118,0.2502668996131833,-0.6521789863427858
1.9207605287266936,-0.27188000539926654,-0.014920960032900369,-0.19824019188599118
2.100165492844471,0.035816631660069743,0.0208900882468887,-0.9117415954377499
1.4311719086331407,-0.16789400478810546,0.06270677794321385,0.6411448587139198
1.9022164957820138,-0.2998576824663351,1.0675705238781419,-0.21959000511987234
1.4066749078855159,0.041789297816453665,-0.3533720673209079,0.3123666340785934
0.9915264746773078,0.20737848262438144,0.8501564775591641,-1.144585377513052
3.0380743049241272,-0.10763439238310202,-0.04776345509712132,0.583548957755558
0.976995402269323,0.11363920250720413,0.9027347916438648,0.6084981344998833
2.592655576282243,-0.36610635680056963,-0.4803867966998286,0.5694546786089568
1.2883646799894253,-0.13468979400891956,-0.8458811527012234,0.29985768246633526
1.382994127100638,-0.014920960032900369,-0.020890088246888424,-0.3155014472579607
1.7184515433910255,0.08365173390712936,0.22264793779319172,-0.375696073712805
1.7877922988926076,0.2687848686051261,0.3186393639643755,-0.9162728400845219
1.622193585315427,-0.059717099785322754,-0.086646653799169,-0.7554150263604698
1.5389785873700366,0.17394999408838094,1.0623094227799812,-1.5896897204901463
0.7162944973653081,0.34702647570686257,1.2164605669458166,-1.4652337926855223
0.7794506698081476,-0.3949806846587804,1.2290645129270454,-1.9599639845400545
1.3908012159728196,0.5381460965041873,-0.08964235107576254,0.38853650101583775
1.3600644683393746,0.1830460264699321,-0.1588214815341405,0.5519941213168913
1.959963984540054,0.45376219016987956,-0.3853204664075676,1.204046960026702
2.449997660602719,-0.035816631660069466,-0.9532247863106325,-0.9915264746773306
1.4740200588585197,0.3533720673209081,0.5278275298878454,-1.0112333405528748
0.9866596365158979,0.3692991461674126,-0.3406948270877954,-1.4395314709384568
1.5792195192835659,-0.0059681979890486014,0.9208229763683784,-1.731664396122245
1.0781823635060823,0.41766717348273313,0.035816631660069743,-0.5624499076003365
1.66839119394708,0.22877008485407269,-0.1830460264699325,-0.7875629714324951
2.344597707470275,0.4471567246764447,-1.316234826023344,-0.5764875032319371
0.6895516362440408,0.47369939376565057,-1.2883646799894244,-1.2290645129270452
0.4504570006150689,-0.45376219016987945,-1.6448536269514729,-0.31863936396437514
1.2290645129270454,0.30923488754777895,-0.4046779045300476,-1.2164605669458162
1.8501931612292941,0.25026689961318593,-0.9626677504946355,-1.051874477842607
1.0518744778426077,0.3724957045884014,-0.41116386742234795,-0.6933415430368173
1.9807523966472806,0.05971709978532289,-0.8982587491015686,-0.1196481130398419
1.5689196324989272,0.07167928382863167,0.04178929781645395,0.7279132908816444
0.6484921805928574,-0.5589578655042566,-2.8227138814289354,2.514954877802536
0.6411448587139198,-0.6595793500069236,-3.0380743049242103,2.822713881428921
0.5519941213168881,0.026859960884449904,-0.42092544544688065,-0.8331468660796095
1.0623094227799812,0.20433049881260773,-1.4740200588585204,1.8027430907391908
1.083534088683617,-0.14976201244462706,-0.771389342081157,1.0570775623935968
0.9532247863106329,-0.18304602646993265,-5.199337582605575,2.344597707470275
1.3752704342200062,-0.2104283942479247,-1.5292984400031995,1.5689196324989272
0.6049110581168585,-0.6120930576553815,-1.5010859460440265,1.510356896283501
0.7916386077433739,-0.026859960884450182,-0.6670160135425022,0.9674215661017008
0.50058010546674,-0.375696073712805,-1.8501931612292957,1.2164605669458166
2.157684357522869,-0.49720057068155404,0.3061061710154012,1.0943317074660934
1.1797611176118568,-0.41766717348273275,-1.9599639845400545,1.5197595111588966
1.6334187682831964,-0.31863936396437503,-0.6707481986319156,0.3249246566356295
0.7009514195842108,0.6374841609623771,-1.323364216455058,1.1107716166367854
1.4565592062179573,0.08664665379916747,0.5141561007445336,-0.5381460965041871
0.4938267050426407,-0.0029840857080820227,-1.0364333894937903,1.600337150575884
0.3470264757068623,-0.41116386742234795,-1.5587835495029956,1.558783549502996
0.4972005706815544,-0.5381460965041871,-1.3829941271006445,1.9399896117517068
0.6338319860929819,-0.3982089211336603,-1.3451666341766395,1.4311719086331407
0.7279132908816444,-0.4670331086671347,-0.8544473986959894,2.100165492844471
0.622925723210088,-0.5278275298878451,-2.6901095271588655,2.690109527158856
0.6558746782604521,-0.7047716066110463,-2.0488560762297023,1.731664396122242
0.693341543036805,-0.1106362987821126,-1.3378284023212843,1.4395314709384563
0.6193067695087763,-0.45045700061506866,-0.5347002582995636,1.5389785873705804
1.1678751161199363,-0.17394999408838294,-1.1107716166367854,1.1275173490721282
0.7124430323894893,-0.47704042848944417,-1.9399896117517068,1.4829216141410044
0.33753413315004593,0.1769803688820698,-0.8501564775591638,1.316234826023344
1.0313409693098305,-0.4079187409450348,-1.6111691623526774,1.86697727140062
0.8289320521711078,-0.5347002582995636,-1.051874477842607,2.073828534496726
0.3949806846587804,-0.29362087966559774,-0.3501975088548713,0.541598336440453
0.545057043236798,-0.2533471031357997,-0.161844166803962,0.30923488754777895
-0.5381460965041871,-0.3280721075316511,-0.6782407680102677,-1.031340969309831
0.7396311922155762,0.29985768246633526,0.5107533056261917,0.545057043236798
0.3982089211336604,-0.5800146152437611,-1.633418768283204,1.9807523966472806
0.5141561007445342,-0.15278043325066507,-0.747499831035642,1.105258443823681
0.05075115979356203,-0.30298044805620655,-0.7916386077433746,0.020890088246888146
0.30923488754777895,-0.3853204664075676,-1.7877922988926054,2.157684357522869
0.8893602069871992,-0.43400375499441046,-1.9022164957820153,1.7055320607186073
0.2842869629916828,-0.11363920250720469,-1.0889170286405414,-0.3789002954952448
0.808074633911807,-0.562449907600316,0.11063629878211233,1.633418768283202
1.7451866691607631,-0.1196481130398419,-1.0943317074660934,0.6049110581168622
0.4176671734827297,0.02089008824688787,-1.1857671045333316,1.474020058858521
0.5107533056261893,0.541598336440453,-0.6374841609623769,1.5896897204901452
0.44057071237041473,-0.4703636383779993,-0.6049110581169024,1.501085946044025
0.6521789863427861,-0.2564297122110457,-2.073828534496725,1.367627923315689
0.5381460965041873,0.6411448587139198,-1.204046960026702,1.1737973880246755
0.9392175745068245,-0.17092121586939724,-1.5792195192835745,1.8843044227824235
0.6120930576553809,0.029845242919239703,-1.0997786623089358,1.4479928593932077
0.9964169123156182,-0.008952363417442261,-1.6805150795882322,2.223375709943088
0.8163749586374266,-0.25951475993776346,-1.2418667918433202,1.1678751161199363
0.3661063568005698,0.10463345561407526,-0.6084981344998833,1.323364216455057
0.5800146152437611,0.7554150263604693,-1.0262751551236695,-0.13468979400891956
0.4670331086671348,0.5039653672113443,-0.9072289939325966,0.5312607573635747
0.8458811527012235,0.40467790453003394,-0.8630768082997791,0.27807813348550126
0.8674156943957149,-0.26260227958635124,-1.4652337926855235,1.6221935853154206
1.1388591532520596,0.017905444392239338,-1.156151857708113,1.818108055374894
0.898258749101569,0.7673774314601987,-0.967421566101701,0.8416212335729143
0.7514515438490051,-0.5039653672113453,-2.1001654928444693,2.300346955727879
0.9208229763683778,-0.5941961128149152,-1.398694007808177,2.44999766060273
0.7673774314602017,0.3249246566356295,-0.6895516362440404,0.1076343923831023
0.7474998310356415,-0.3821084122003638,-2.025099552524569,2.0024338099566483
0.5729675484954632,-0.49045845128523125,-1.3600644683394245,1.3908012159728182
0.8039452913875318,-0.463707751457179,-2.2233757099430864,2.2601889913293767
0.6670160135424981,-0.26569230460150106,-0.0627067779432137,1.5792195192835752
0.6707481986319156,-0.47369939376565046,-2.1893497555220844,1.9599639845400447
0.8805315367846744,-0.437284876441953,-1.8669772714006438,1.5488051323094805
0.524400512708041,-0.15882148153414036,-1.8339146358159137,1.0997786623089363
0.2687848686051261,-0.27807813348550114,-0.8893602069871992,0.8247319127657188
0.4438613119262478,-0.2905067711233938,-0.8373765327938372,0.5039653672113457
0.5764875032319302,-0.1046334556140754,-0.9485350408266378,0.4938267050426401
0.9027347916438607,-0.3123666340785933,-2.260188991329375,1.7184515433910255
0.8331468660796083,-0.5107533056261917,-2.128045234184984,2.1280452341849863
0.24104039388602283,-0.050751159793561755,-1.9807523966472789,1.235440341561252
0.48709575268430266,-0.5870906048048712,-1.4919422487276346,0.8373765327938375
0.820546272450536,-0.18911842627279252,-1.105258443823681,1.330561513178897
1.2548759122271174,-0.09863438048851791,-1.5197595111588966,1.222738259494066
0.8849372497654336,-0.6013317483706256,-1.818108055374894,1.5292984400031993
0.9162728400845221,0.08964235107576282,-1.1445853775130514,1.422911180310982
1.3162348260233425,0.1076343923831023,0.18001236979270524,1.3986940078081778
0.9818160569824322,-0.1769803688820698,-1.7732307647465084,1.8339146358158904
1.1331700302595606,0.06270677794321385,-0.22570795386015938,1.2952381291284003
0.6084981344998833,-0.29673783825989797,-1.4311719086331403,1.6805150795882327
0.4340037549944108,0.15580024666388428,-0.21653412444917083,0.03880279171263404
1.367627923315689,-0.023874918204524247,-1.1918161716813946,0.7998296120240853
0.8373765327938375,-0.4241881922468552,-1.5103568962835032,1.2102304517744038
1.7055320607186073,-0.3217804213082704,-0.8039452913875315,-0.6229257232100877
1.02627515512366,-0.4144133296000765,-1.447992859393207,0.0656970166916405
0.8122178014999124,-0.20737848262438158,-0.37249570458840126,1.1619935246052222
0.6013317483706253,-0.514156100744534,-2.5926555762822416,5.19933758270342
1.1275173490721278,-0.5485222826980981,-1.7055320607186064,1.920760528726692
0.6595793500069241,-0.6193067695087763,-2.514954877802528,3.038074304924155
1.1561518577081136,-0.5244005127080407,-0.8080746339118065,0.976995402269323
0.8544473986959894,-0.24104039388602685,-1.6565076970533983,1.0062699858608402
0.8416212335729143,-0.5519941213168879,-1.2227382594940654,1.0364333894937876
0.9253922574738596,-0.48373855304610314,-1.127517349072127,0.14372923370582416
1.2681009431780388,-0.3470264757068623,-1.7451866691607458,1.0835340886836176
0.7957274364445961,-0.08365173390712909,-0.9818160569824322,-0.12566134685507416
0.47369939376565057,-0.35973192013147565,-0.8761428492468408,0.5209796432934729
0.3724957045884014,-0.3692991461674125,-1.3021733217241485,1.1561518577081111
0.708602106764754,0.1346897940089197,-1.2290645129270452,1.3600644683394223
0.9299809413972765,-0.5415983364404527,-2.300346955727878,2.5926555762822505
0.5039653672113443,-0.42745546102057647,-2.3939797998185095,2.3939797998184322
0.943866064906536,-0.4870957526843024,-2.1576843575228675,2.1893497555220858
1.0997786623089363,-0.5977601260424786,-2.4499976606027283,2.048856076229705
1.5103568962835032,-0.2749777489690046,-0.7593904115260794,0.18911842627279238
1.656507697053399,-0.3312228118244467,-1.330561513178897,0.9299809413972774
1.222738259494066,-0.23796948491745112,-2.3445977074702737,1.66839119394708
1.2164605669458166,-0.05373931758382345,-1.2102304517744078,0.38532046640756773
1.3451666341766382,0.1709212158693975,-0.2842869629916827,-0.37249570458840126
5.19933758270342,0.1527804332506652,-0.21959000511987234,0.0328307909564044
2.1893497555220764,-0.020890088246888424,0.05373931758382248,-0.7673774314602017
1.9399896117516975,0.0029840857080816055,-0.36610635680056963,0.5278275298878454
1.8843044227824137,0.23490081848237185,-1.731664396122245,-0.029845242919239425
2.690109527158867,0.4209254454468791,-0.8331468660796101,-0.8982587491015686
1.4147464255349769,0.7009514195842113,-0.8416212335729142,-1.3600644683394245
2.3939797998185153,-0.14071481851845655,-0.735714009717459,-0.8674156943957149
2.223375709943088,0.5870906048048712,-0.6411448587139197,0.11664313131806867
1.8181080553748958,-0.07167928382863181,-0.09563618704124509,-1.0623094227799807
1.6003371505758883,0.08065756414684888,-0.4144133296000765,-0.27188000539928586
2.073828534496726,-0.2687848686051258,0.24104039388602685,-0.8587541099048795
1.150349380376007,0.11063629878211233,0.5073564142856847,-1.268100943178038
1.4395314709384563,-0.1166431313180688,0.5039653672113354,-0.795727436444597
1.105258443823681,0.3375341331500398,0.622925723210088,-0.771389342081157
1.5896897204901463,-0.0388027917126339,0.30923488754777895,-1.1219004674623523
1.309171716785778,0.3186393639643755,0.47369939376565057,-1.2883646799894244
1.2815515655446004,0.29050677112339396,0.38853650101583775,-0.9579355910411306
1.116318759832843,0.19519780771888612,0.40467790453004393,-0.25951475993776346
1.6805150795882327,0.25334710313580006,-0.2749777489690046,-0.9866596365158973
1.0013312975256885,0.4670331086671348,-0.3312228118244467,-1.4919422487276346
1.2102304517744074,0.0,0.5870906048048715,-0.8717709721899588
1.235440341561252,0.19215722925437256,0.9866596365158969,-0.3821084122003638
1.0943317074660934,0.1467449554865486,-0.3123666340785934,-0.49720057068155404
1.5197595111588957,0.26569230460150045,0.23490081848237185,-0.9721973454126877
1.5292984400031995,0.3155014472579608,-0.204330498812608,-0.4703636383779993
2.025099552524566,-0.234900818482374,-0.6156959086521891,-0.0029840857080814663
0.5977601260424777,-0.28118119330895447,-1.2815515655446004,1.6928911380198521
1.3525780265528833,0.11964811303984217,-0.9162728400845221,0.7957274364445945
1.3021733217241476,0.23183436245300987,0.1527804332506652,-0.5694546786089568
1.6111691623526765,0.04477617669551527,-0.15580024666388456,-0.15278043325066507
0.9485350408266381,-0.5175648597369029,-0.7875629714324951,1.0466997149874224
1.330561513178897,-0.5450570432367979,0.5485222826980981,0.5977601260424781
1.323364216455057,0.2564297122110345,-0.3917565592486187,0.17698036888207008
1.2040469600267016,0.18001236979270524,0.0567279552952648,-0.2471890687130091
1.3378284023212843,0.12265417556496809,-0.5039653672113453,-0.9818160569824322
1.0570775623935955,0.11664313131806894,-0.619306769508776,-0.41116386742234795
1.4479928593932077,-0.1921572292543727,-0.7794506698081487,-0.20433049881261087
0.3155014472579608,-2.0488560762297037,1.7732307647465022,1.0013312975256774
0.7713893420811573,-1.1445853775130514,2.157684357522869,0.7514515438490051
0.8938006311794874,-0.8501564775591641,5.19933758270342,0.8501564775591641
0.4372848764419533,-1.4740200588585204,2.223375709943088,1.1331700302595482
-0.33437680758881416,-3.0380743049242103,1.8843044227823809,0.8849372497654315
0.25951475993776374,-2.025099552524569,2.4499976606027243,1.465233792685523
0.7875629714324955,-0.9299809413972769,1.5103568962835032,0.8039452913875318
0.47704042848944356,-1.7732307647465084,1.5896897204901463,1.051874477842607
0.24718906871300939,-1.1107716166367947,2.514954877802536,0.9964169123156182
0.2749777489690046,-0.751451543849005,1.656507697053399,1.1503493803760088
1.185767104533332,-1.3378284023212843,2.048856076229676,1.7732307647465062
0.16486833151060215,-0.9579355910411306,1.5488051323094818,1.6448536269514733
0.9345892910734803,-0.7875629714324951,1.5792195192835734,1.3378284023212856
0.05971709978532289,-1.1219004674623523,1.4829216141410044,1.1445853775130503
0.7318080838596178,-1.7184515433910246,2.3939797998185104,1.375270434220008
0.22877008485407269,-1.0570775623935968,1.5389785873705788,1.7877922988926076
0.2564297122110348,-1.4311719086331403,1.7451866691607603,1.2681009431780388
0.3533720673209081,-1.204046960026702,2.1280452341849863,2.025099552524566
0.023874918204523688,-1.6111691623526774,2.0250995525244537,0.9027347916438648
0.27807813348550126,-1.7055320607186064,2.6901095271588353,0.8331468660796095
0.7047716066110457,-0.7124430323894889,1.7184515433910255,0.7009514195842106
0.4079187409450333,-0.9626677504946355,2.344597707470275,1.4919422487276355
0.38210841220036396,-1.0675705238781412,1.8669772714006454,1.116318759832843
0.7357140097174591,-0.976995402269323,1.9599639845400518,1.309171716785778
0.4046779045300476,-1.622193585315426,1.6805150795882327,1.1979091661139916
1.4829216141410044,-1.1678751161199359,1.5689196324989263,0.9866596365158964
0.8587541099048019,-1.382994127100638,1.7590357970929564,1.0112333405528553
0.14071481851845669,-0.8416212335729142,2.0024338099566483,1.2815515655446004
0.3061061710154012,-1.4066749078855156,2.100165492844471,1.4565592062179573
0.18911842627279238,-0.7957274364445964,1.8181080553748932,1.4147464255349769
0.041789297816453665,-1.2614608488054833,3.038074304923846,1.656507697053399
-0.09263885303884002,-1.1052584438236805,2.822713881428951,1.7451866691607631
0.01790544439224351,-0.8717709721899588,1.6003371505758888,0.8674156943957149
-0.12866965494285104,-0.771389342081157,1.66839119394708,1.2883646799894244
-0.06868784298850579,-0.7435597568794305,1.622193585315427,0.47369939376565057
0.23490081848237185,-1.2747974249655285,1.6334187682831978,1.0728613416500032
0.7754137071463977,-2.1576843575228675,1.6448536269514733,1.185767104533332
0.5941961128149156,-1.447992859393207,1.920760528726692,1.7590357970929422
0.1016334608406879,-0.7279132908816441,1.9399896117517081,1.8501931612292972
-0.1226541755649688,-1.2681009431780323,2.073828534496726,1.0781823635060823
0.41116386742234823,-1.0623094227799807,2.2601889913293767,1.0889170286405414
0.5554726262848051,-0.8205462724505356,1.8339146358159097,0.9818160569824322
0.4274554610205768,-0.7201566171385521,1.7055320607186073,1.016221732740557
0.9072289939325966,-0.9485350408266378,1.7316643961222447,1.345166634176635
0.6265528537247562,-0.893800631179489,2.592655576282243,1.0675705238781419
0.3756960737128045,-0.6933415430368173,1.902216495782012,0.4637077514571792
0.33437680758881416,-1.6805150795882322,1.6928911380198521,0.7201566171385524
0.014920960032899812,-0.8805315367846749,1.9807523966472806,1.2548759122271174
0.15580024666388428,-1.390801215972819,1.7877922988925992,1.902216495782017
0.3597319201314759,-0.7794506698081487,1.8501931612292972,1.6111691623526776
-0.04776345509712021,-0.9721973454126818,1.8027430907391908,1.2290645129270454
0.1316791279339563,-1.2290645129270452,1.6111691623526765,0.22264793779319172
0.5659488219328631,-1.2483449437436769,2.300346955727879,0.7047716066110467
0.16184416680396213,-1.501085946044025,2.1893497555220427,0.8717709721899001
0.32178042130827067,-0.9392175745068243,1.5292984400031993,1.2614608488054828
-0.2502668996131862,-1.2227382594940654,0.33437680758881444,-0.9072289939325966
0.03283079095640524,-1.2164605669458162,0.8938006311794849,-0.7474998310356423
-0.16184416680396213,-1.1979091661139947,0.7396311922155762,0.3280721075316514
-0.5519941213168879,-1.9207605287266936,1.2883646799894253,-1.0943317074660928
-1.316234826023348,-1.1388591532520604,0.7554150263604693,-0.23796948491745498
-0.5835489577555577,-1.5197595111588966,0.5347002582995637,-0.751451543849005
-0.26878486860512624,-1.9022164957820153,0.7633778342569376,-1.0570775623935988
-0.6084981344998834,-1.2883646799894244,0.8331468660796095,-0.7794506698081721
-0.36610635680056963,-1.2418667918433202,-0.06868784298850579,0.0926388530388403
-0.35655019101638796,-1.295238129128404,0.48373855304610314,-1.0162217327405565
-0.5694546786089567,-1.9399896117517068,-1.309171716785777,-1.1388591532520604
-0.45376219016987945,-0.8122178014999136,0.545057043236798,-0.11363920250720455
-1.0943317074660928,-1.8027430907391904,-0.44386131192624945,0.1346897940089197
-0.08964235107576254,-0.8630768082997791,0.9674215661016976,-1.0466997149874726
-0.5107533056261917,-0.8373765327938372,0.12866965494285035,-0.6595793500069236
-0.08365173390712909,-1.6448536269514729,0.14976201244462692,0.0567279552952648
-0.49720057068155404,-0.8458811527012234,-0.7673774314602017,0.41441332960007676
-0.8373765327938372,-1.7590357970929549,-0.25642971221103517,-0.5039653672113453
-0.16789400478810546,-0.8982587491015686,-1.0570775623935988,-0.4046779045300476
-0.3438589282400014,-1.5689196324989263,-1.390801215972819,-0.18608136867296757
-0.43400375499441046,-0.9964169123156181,-0.43072729929545756,-0.7754137071463972
-0.3917565592486184,-0.6374841609623769,-0.26878486860512596,-0.463707751457179
-0.23796948491745068,-0.685771607977826,0.7047716066110342,-0.14071481851845655
-1.0781823635060817,-0.6820013531424406,-0.5312607573635744,-0.1588214815341405
-0.43072729929545955,-0.6229257232100878,0.3155014472579608,0.023874918204524524
-0.04477617669551694,-0.9674215661017015,0.884937249765428,-1.1979091661139947
-0.5764875032319379,-1.8669772714006438,-0.5485222826980979,-0.14976201244462706
-0.9721973454126818,-0.9027347916438648,-0.9964169123156181,0.4438613119262478
-0.035816631660069605,-1.1857671045333316,1.0415528300904862,-0.6120930576553809
-0.6049110581168619,-0.6707481986319156,-0.18001236979270496,0.11363920250720469
-0.8289320521711073,-1.116318759832843,-1.3525780265528826,-1.0997786623089358
-0.8630768082997791,-1.3525780265528826,-0.9299809413972769,-0.26878486860512596
-0.9964169123156181,-0.5835489577555577,-0.463707751457179,-0.14372923370582416
-0.5347002582995636,-0.8331468660796099,-1.0112333405528748,-0.29673783825989797
-0.14976201244462692,-1.5488051323094818,-1.7590357970929549,0.7357140097174591
0.09563618704124537,-1.5292984400031993,0.1467449554865486,-1.2354403415612518
-1.1107716166367863,-0.7162944973653088,-1.4229111803109864,-0.8373765327938372
-0.22877008485407824,-0.7754137071463972,-0.17092121586939724,-1.0013312975256938
-0.3821084122003638,-2.8227138814289354,0.8247319127657188,-1.4229111803109864
-0.6895516362440404,-1.5792195192835745,-0.3217804213082704,-0.7633778342569376
-0.1106362987821126,-1.7451866691607458,0.5381460965041873,-0.5312607573635746
-0.747499831035642,-0.6632930964212768,-0.13167912793395617,-0.20737848262438158
-0.5039653672113453,-2.260188991329375,-0.1166431313180688,-0.8039452913875318
-0.4144133296000765,-0.93458929107348,-0.6448141685061833,0.30298044805620655
-0.05672795529526466,-0.6744897501960817,0.7998296120240876,-1.0781823635060817
0.3692991461674126,-1.031340969309831,1.3600644683394245,-1.021235541706597
-0.9485350408266378,-1.398694007808177,0.42745546102057647,-0.7201566171385531
-0.4703636383779993,-1.316234826023344,0.6448141685061831,-1.309171716785777
0.026859960884450182,-0.8761428492468408,-0.00596819798904888,-1.127517349072127
-0.278078133485501,-0.8163749586374262,0.2687848686051258,-0.5800146152437611
0.08065756414684888,-2.5926555762822416,-0.5175648597369029,-0.9392175745068245
-0.7835003753897741,-0.8849372497654374,-0.6744897501960817,-1.041552830090491
-0.2471890687130091,-0.7318080838596176,0.21959000511987248,-1.1918161716813946
-1.204046960026702,-0.626552853724756,-0.45707234420909065,-0.8893602069871992
-0.372495704588401,-2.2233757099430864,0.32492465663561104,-0.626552853724756
-0.14372923370582402,-2.514954877802528,0.06868784298850579,-0.45045700061506866
-0.13167912793395617,-1.7877922988926054,-0.19215722925437284,-1.2227382594940654
-0.375696073712805,-1.1619935246052235,0.3533720673209081,-1.2747974249655285
-0.8849372497654336,-1.6565076970533983,-0.493826705042641,-0.9532247863106325
-1.2290645129270452,-1.0889170286405414,-1.884304422782422,-0.6013317483706249
-0.9299809413972769,-1.1331700302595595,-0.2626022795863518,-0.25642971221103505
-0.7047716066110464,-0.5554726262848051,-0.35973192013147565,0.05075115979356231
-0.6933415430368173,-1.6003371505758892,0.6595793500069237,-0.9299809413972769
-1.2548759122271174,-0.9208229763683788,-0.362917295139356,-0.4770404284894434
-0.9866596365158973,-1.0415528300904857,-0.4703636383779993,-1.156151857708113
-1.5389785873705804,-1.0943317074660928,-0.976995402269323,-0.2533471031357997
-0.9162728400845219,-2.4499976606027283,0.6782407680102659,-1.0728613416500041
-1.1619935246052235,-0.8247319127657184,-0.7633778342569376,-0.5835489577555577
-0.5485222826980979,-1.2102304517744078,-0.22264793779319245,0.8289320521711078
-1.8339146358159137,-0.9866596365158973,-0.032830790956405655,-1.1503493803760079
-1.1219004674623523,-1.6683911939470795,-0.9721973454126821,-0.735714009717459
-0.48373855304610314,-5.199337582605575,-0.576487503231937,-0.6632930964212767
-0.8501564775591638,-0.5694546786089572,0.3375341331500445,-0.19215722925437284
-1.0675705238781412,-0.5729675484954633,-1.7184515433910246,0.29673783825989813
0.18304602646993237,-1.2815515655446004,1.3162348260233454,-0.9027347916438648
-0.4241881922468552,-1.5587835495029956,1.210230451774407,-0.8501564775591641
-1.2681009431780323,-1.001331297525693,-0.893800631179489,-0.2811811933089542
-1.156151857708113,-1.0835340886836176,-0.43728487644195824,-0.5415983364404527
-1.3451666341766395,-0.9438660649065356,0.1166431313180653,-0.7240295087529761
-2.3445977074702737,-1.5389785873705804,-0.739631192215576,-0.3692991461674125
-1.295238129128404,-0.9915264746773306,0.8416212335729143,0.7673774314601878
-0.2656923046015012,-0.6895516362440404,-0.34702647570686246,-0.11664313131806867
-1.309171716785777,-0.708602106764754,-0.6338319860929816,-0.020890088246888424
-0.6707481986319156,-1.4829216141410033,0.14372923370582416,-0.09863438048851791
-0.32178042130827517,-0.8289320521711075,0.7240295087529766,-0.437284876441953
-1.0162217327405565,-1.323364216455058,-0.06569701669164037,0.9117415954377459
-1.2614608488054833,-1.3021733217241485,-0.47369939376565057,-0.5729675484954633
-0.07766411731290557,-1.4919422487276346,-1.5689196324989267,-0.32178042130827106
-0.07167928382863238,-1.0997786623089358,0.7318080838596178,-0.3375341331500461
-0.7794506698081487,-1.0466997149874726,-0.19824019188599118,-1.2548759122271174
-0.42745546102057647,-0.9253922574738591,0.28739547728120984,-0.41766717348273275
-0.25951475993776346,-1.4229111803109864,-0.7998296120240876,-0.3597319201314759
-0.5175648597369028,-1.127517349072127,0.7835003753897732,-1.330561513178897
-0.2998576824663351,-1.6928911380198521,-0.5835489577555577,-0.050751159793561894
-0.146744955486549,-0.8674156943957149,1.0212355417065961,-0.30298044805620644
-1.6805150795882322,-2.3939797998185095,-1.001331297525693,-0.2842869629916827
-0.6013317483706249,-0.6411448587139198,-0.07167928382863197,-0.9626677504946355
-0.7916386077433746,-1.0162217327405565,0.4014413129001809,-0.4438613119262475
-0.8674156943957149,-0.6670160135425022,-0.49045845128523125,-0.3438589282400014
-1.4395314709384557,-0.2873954772812097,0.4703636383779995,-0.04477617669551666
-1.8669772714006438,-0.7835003753897741,-1.021235541706597,-0.33437680758881416
-1.9399896117517068,-0.6049110581168619,-0.11063629878211302,0.2564297122110348
-1.3676279233156883,-0.7998296120240876,-1.414746425534977,0.3629172951393563
-2.1001654928444693,-0.6301882460226785,0.18608136867296615,-0.7162944973653078
-1.2747974249655285,-0.644814168506183,0.943866064906536,-0.48373855304610297
-0.3982089211336603,-0.8080746339118065,-0.21348026452983423,0.21348026452983437
-1.6448536269514729,-0.6484921805928581,-0.4014413129001804,0.077664117312905
-1.222738259494066,-0.6971414348463432,-0.6521789863427858,-0.6301882460226785
-1.2815515655446004,-0.7673774314602017,0.20128441209608228,0.4340037549944096
-0.4471567246764458,-1.0112333405528748,0.1316791279339563,-0.047763455097121044
-1.4311719086331403,-0.739631192215576,0.8674156943957149,0.23490081848237185
-0.241040393886027,-0.9818160569824322,0.7514515438490051,0.5906396312561328
-0.939217574506825,-0.6558746782604521,0.17394999408838266,-0.893800631179489
-0.735714009717459,-0.7916386077433746,0.5519941213168884,-0.8416212335729142
-0.45045700061506866,-1.731664396122245,0.19824019188599148,-1.0364333894937898
-0.7554150263604692,-0.7009514195842119,0.08964235107576254,0.14071481851845669
-0.2226479377931923,-1.4565592062179569,0.29050677112339396,0.6193067695087763
-1.001331297525693,-1.156151857708113,0.038802791712631526,0.44057071237041473
-1.1737973880246764,-0.7554150263604692,0.005968197989048463,-0.15580024666388415
-0.9117415954377498,-1.1737973880246755,-1.4829216141410033,-0.5107533056261917
-1.7732307647465084,-1.2548759122271174,-0.9866596365158973,0.20433049881260834
-1.1678751161199359,-1.375270434220007,-1.3676279233156883,-0.5450570432367979
-0.7633778342569376,-2.1893497555220844,0.562449907600316,-0.09263885303884002
-0.5624499076003167,-1.884304422782422,0.28118119330895447,-0.2873954772812097
-0.5870906048048712,-0.8587541099048018,-0.3692991461674125,-1.1857671045333316
-0.27188000539926077,-2.073828534496725,0.820546272450536,-1.1678751161199359
-0.976995402269323,-0.7633778342569376,-0.5870906048048712,-0.6049110581168622
-1.7055320607186064,-0.9117415954377509,0.07467136624548423,0.0029840857080816055
-0.6120930576553825,-1.309171716785777,-0.27807813348550114,-0.9208229763683788
-1.0112333405528748,-1.1503493803760079,0.9915264746773306,-0.22570795386016282
-1.3021733217241485,-1.5103568962835032,-1.2483449437436769,-1.0675705238781412
-0.19824019188599118,-0.8893602069871992,-0.8247319127657184,-0.1769803688820698
-1.1797611176118612,-0.9072289939325966,0.5175648597369016,-0.6707481986319156
-1.5103568962835032,-0.9532247863106325,-1.2164605669458162,-0.4079187409450348
-1.323364216455058,-2.300346955727878,-1.2747974249655285,-0.1286696549428509
-1.1052584438236805,-2.0024338099566465,-0.4079187409450348,0.26260227958634946
-0.6484921805928572,-0.8039452913875315,-0.5244005127080407,0.06270677794321385
-0.9027347916438648,-0.7240295087529772,-0.5005801054667398,0.3724957045884014
-1.127517349072127,-1.2354403415612518,-0.18608136867296712,0.38210841220036396
-1.9599639845400545,-1.0364333894937903,-0.7162944973653078,-0.9485350408266378
-0.8805315367846752,-0.6521789863427858,-1.4565592062179569,-0.8163749586374262
-0.824731912765722,-0.9162728400845219,-0.49720057068155404,-0.6820013531424406
-1.0889170286405414,-1.818108055374894,-1.116318759832843,0.10463345561407471
-0.93458929107348,-2.6901095271588655,1.191816171681395,-0.24411357767099337
-1.9207605287266936,-0.735714009717459,-0.3155014472579608,-0.8289320521711101
-1.1445853775130514,-1.3451666341766395,-0.7318080838596176,-0.13167912793395617
-1.5292984400031993,-0.7593904115260794,-0.6558746782604519,-0.7279132908816441
-2.0488560762297037,-1.5896897204901463,-0.5694546786089583,0.06868784298850579
-0.5312607573635746,-1.021235541706597,0.204330498812608,-0.619306769508776
-1.1979091661139947,-1.4652337926855223,-0.8674156943957149,0.7124430323894893
-0.9915264746773306,-1.0728613416500028,0.24411357767099323,-0.3061061710154012
-0.18608136867296712,-1.1797611176118612,-0.4471567246764458,-0.685771607977826
-0.7124430323894889,-1.8501931612292957,-0.565948821932863,-0.011936608571117828
-0.7279132908816441,-1.4395314709384568,-1.0835340886836176,0.014920960032900369
-0.6744897501960817,-1.8339146358159137,-0.30298044805620644,0.4046779045300476
-0.2842869629916827,-1.3600644683394245,-1.6683911939470795,-0.222647937793192
-0.9674215661017077,-1.633418768283204,-0.4241881922468552,-0.4471567246764458
-0.8080746339118065,-1.9599639845400545,-0.5729675484954633,-1.0835340886836176
-0.21653412444917083,-1.414746425534976,0.8122178014999124,1.0415528300904862
-1.0062699858608395,-1.0062699858608395,0.08664665379916942,0.42092544544688093
0.0,-1.330561513178897,-0.5141561007445341,0.14976201244462692
-1.0364333894937898,-1.3676279233156883,-0.5381460965041871,0.1588214815341405
-1.5587835495029956,-0.5209796432934735,-0.4870957526843022,-0.36291729513935644
-0.3092348875477788,-1.0262751551236695,-0.5589578655042564,0.5554726262848051
-1.5792195192835745,-0.6156959086521891,-1.8027430907391908,0.6338319860929819
-0.5906396312561332,-0.8544473986959904,-0.43400375499441046,0.25951475993776374
-1.3525780265528826,-1.051874477842607,-0.7554150263604692,0.3061061710154012
-0.6670160135425022,-1.0781823635060817,-0.9027347916438648,0.5107533056261915
-2.128045234184984,-1.1918161716813946,-1.0781823635060817,0.5870906048048566
-1.818108055374894,-2.1001654928444693,0.6521789863427861,0.4972005706815544
-0.8205462724505356,-2.3445977074702737,-1.2548759122271174,0.898258749101569
-1.031340969309831,-1.9807523966472789,-0.8717709721899588,0.4307272992954568
-0.3853204664075676,-2.128045234184984,-0.7279132908816448,-0.5554726262848054
