PCA1,PCA2,PCA3,PCA4,Author
0.8873469540035103,2.9817854546612,1.3846871936459648,-0.5615793186602079,Austen
-0.07621556023716107,2.7478494440050776,1.029627796900436,0.15636686442170986,Austen
-3.6277831183526956,1.3446737403774718,-0.13398329746975637,-0.004974646436426545,Austen
0.9714725548527487,2.595137276189599,1.7370118187950352,-0.08548800268741431,Austen
-1.3457225441902838,2.7470680360367954,1.7907858795998508,-0.5068116028461653,Austen
-3.831384105208779,-0.47417991555162703,-0.7168090292377729,-0.8699627652543759,Austen
-1.1719692511435293,1.6334736305053748,-2.097354946873551,0.45548016656495327,Austen
0.5500338225485936,0.9934590781300213,1.1929451786247494,-0.33565250474037844,Austen
-1.8867254051253382,1.0656352208667037,0.22657824916648805,0.13001680740325425,Austen
0.056918811603477136,0.8843174555893267,-1.7356927283411097,-0.6071530045465147,Austen
0.06333729474059437,1.7001869615676068,0.050469668083914926,0.424095829256647,Austen
-1.4832367572829315,2.250082738823778,1.6598913277992173,0.8391924536609946,Austen
-3.4004325414339514,0.9924608347693462,-0.08295638751213019,-2.1482227899865425,Austen
-2.7003312777969355,1.8434416501086779,-2.7987251827189454,1.0190358813617346,Austen
-0.632030640279494,1.6557911489398407,0.27718252194337584,-0.4707993544269067,Austen
-0.07376297551663714,3.640499138874236,0.1788258599049748,0.24664536130645517,Austen
-3.6152357672203603,2.5028436086473067,-0.40963228974458504,-0.6733382098217507,Austen
-2.8624384999732304,3.556135925128245,0.08030423226107032,0.8023529538289325,Austen
-2.631929104326542,1.7653985542643313,-0.2128364789343953,0.21710162932591923,Austen
-1.436654144418801,2.119251331847701,0.7812649314165917,-0.6595813713387466,Austen
-1.8650835256225051,1.1797053496106757,0.7973725149344135,-0.3131428711289821,Austen
-0.9149936165194418,1.8579445885017005,0.20874243859615718,-0.5389641217732855,Austen
-2.8911230478460053,1.4441169883151064,-0.8736159672010346,0.5843220877931444,Austen
-2.273990907534869,1.4993980572893721,0.23323380005581518,0.37395073395761647,Austen
-3.136106371594085,1.745105942885703,-0.5213198091233378,-1.6991776289900764,Austen
-4.066922574818279,1.092772735492904,-0.6721710371679784,1.1717911925512983,Austen
-0.5659634741579022,2.617546229288747,1.416850688139535,0.10830185955349313,Austen
-1.3326426139570478,1.568093596529817,-0.3871670115951599,-0.7489320889780897,Austen
2.225367316817373,3.5784537004270818,0.2773283391425757,-0.8294365690073696,Austen
1.3251266360848883,3.6707698240164253,0.6042585529351608,0.6050730996173949,Austen
-0.6429139784220929,2.9737692985751236,0.3118241225988302,-0.6296524018663664,Austen
0.2608312588916678,3.4162134972669556,0.6217472662092138,-0.04514444277613116,Austen
2.357810529818826,2.8233951060934164,3.113358714598866,-0.46032903619259735,Austen
0.4123667913609281,4.385806172128524,2.3255452697510575,-0.051478289457578215,Austen
-1.0441180243866113,2.9421107547222753,-0.39712052812734816,0.8673650537687565,Austen
-0.3504221344374326,3.572280742534545,1.4814969875927873,0.4781900986051101,Austen
-4.757696925934454,2.733633313167681,0.4037043525558432,-0.5588715871475759,Austen
-1.3530611527679928,1.6909143148787866,0.03239618599523278,0.5368874121963958,Austen
-2.9758426256998693,2.6345324176166423,0.5704334317892661,0.1899722081909723,Austen
-2.2795594679635336,2.9901200951515796,-0.5823231184768997,1.1016838012271586,Austen
-1.9927275088415828,3.4060803402038866,1.190144389291076,0.5343264276334094,Austen
-0.030583631595798032,4.853719035651642,2.2159067704611157,0.7592592657203145,Austen
-1.5401649028198405,1.9443313302672678,0.9057841636374123,1.0727937195228119,Austen
0.0806759567787598,3.327296762174522,1.2653440712099708,1.3207649597077638,Austen
2.162967592356228,3.6910286853234,3.5540904302552,-0.3097203472540194,Austen
-0.08423845723663849,4.047151140392213,1.3842026743939069,0.8772173537846072,Austen
-4.723354602456706,3.17874816584016,-1.319463294090506,0.46946987361662346,Austen
1.9369084379831243,5.091655421695476,1.8743702130923832,0.8891739719721797,Austen
1.2096115820221105,3.7060072171723912,1.4611957187596838,0.5567772623240602,Austen
-0.7882331555200904,3.562152749651935,0.4006108717067704,0.8808555202680782,Austen
-6.17897564081138,3.2643282613762277,-0.5607495681818433,0.5887359572466768,Austen
-5.434420600160262,2.5574122691905385,-0.1624126055961831,0.4619612044181757,Austen
-4.946231387341278,5.129384368168829,-1.329833566728754,0.054356004908668376,Austen
-1.9127768615987546,4.641045876471689,-1.2247244669349278,0.10053821595509753,Austen
-7.24451024321675,2.350858831800166,-3.4654073786696826,0.09895363460813733,Austen
-4.392824842740687,-0.04879516839036912,-0.9518397571172956,0.24832933175552654,Austen
-6.780194040161043,3.0237984826503577,-0.8293761141366454,-0.6795989828568942,Austen
-1.6139488270843845,3.7799472561617087,1.3413180118837484,1.0626041624146685,Austen
-3.113588757032337,1.5501013723791714,-1.3360435530894594,-1.450794446362413,Austen
-4.94403889735077,1.5899880344902415,-2.2471758747603663,-0.9479859576174096,Austen
-4.048093543340434,1.5193096520456189,-1.2218337637926016,1.0232664356142605,Austen
-1.4084906907264996,1.7633622233848492,0.527160718860955,1.2891554478870437,Austen
-1.834218946232961,3.7635712734259807,1.5674906010320542,-1.2350058714755052,Austen
-0.5919662031874289,1.764152693350753,-0.8939125828555178,0.2893748341296006,Austen
-4.820854970473342,1.759601097468131,-1.7629576664875994,-1.5419126257735887,Austen
-1.233318464367494,3.0408637048871463,1.1764629450627242,0.5804887129447001,Austen
-2.3755600438923157,2.789157794833646,0.23462123499146742,0.37010765172761767,Austen
-2.6368454023023657,3.6539794465942537,1.2626888263345002,-1.0761630567415665,Austen
-2.74144191177825,4.145072293179279,-0.05360483401321742,2.028177073958884,Austen
-2.351570819330478,3.3636080591074835,-0.2661079275504997,-0.1006570790426765,Austen
-1.3171957208736536,5.653272026151435,1.1507663369182428,-0.10525563789117551,Austen
-1.0686157239828806,4.432212209724595,2.979210895106816,1.7381845645402005,Austen
-5.120254976303269,3.5014042157452607,-0.03521608844308955,0.2561597971795947,Austen
-2.3910629884035193,2.672286310673995,1.0611084475417925,0.24143267905752544,Austen
-5.5416407233182055,2.3833441162495608,0.023402173125226154,0.2747023057316682,Austen
-2.0060732016240816,3.472855191808366,2.0677486829788694,1.3174279443203492,Austen
-0.9625633584526728,5.374588807333087,2.133273082198456,1.3278630039906247,Austen
-3.5903532208611226,1.303248130794576,-2.9877634450450214,-1.1020459634556745,Austen
-2.726397940126232,2.627358852270658,-0.48229565567645816,1.038917722000869,Austen
0.046611961389938034,5.287626580844966,2.2010813495496997,0.2900764531751854,Austen
0.6013978519367681,3.03627089940633,-0.04369879035949806,0.2655060597717658,Austen
-1.7169680451172777,2.6404345502648714,0.6594141873239459,0.9342898891279848,Austen
-0.7500159645926063,3.840618706662675,-0.5273924201817553,-1.3173930291930185,Austen
-2.555409135232271,4.30833336497909,0.8914473857327213,0.31513391612775876,Austen
-3.540271249206904,3.4178330143563036,-1.075611595903976,0.2615502326633293,Austen
-2.6525056166663457,3.2284325149270274,0.9428351612677687,-0.48554409447508395,Austen
-0.702202928030297,3.1700413393497873,-0.12081590682122444,-1.036062676498981,Austen
-5.0002907168662825,3.7034171833602745,-1.3618567609968513,0.4570278660825509,Austen
-0.595739452385014,3.4725829870563087,-0.7807696083557404,0.1348320121918073,Austen
-4.147362585723882,0.7095099189814343,-2.3402358118005675,1.1155019504025812,Austen
-2.817304958608008,2.279811803985868,-0.7546026502264018,0.38453780302511464,Austen
-3.856751635357789,1.590985070780724,-1.8977865764358097,0.8492450436024765,Austen
-4.376920026723487,3.236642612332733,-3.682905937684594,-0.8516282641163653,Austen
-3.171323202177928,1.7478617007653403,-1.7088963030643052,-0.07850070780344556,Austen
-3.186537155454269,3.8044371297945396,-1.162062123470802,0.45662326507037176,Austen
-1.9307435649530453,3.3595077483089915,0.16769659893744981,-0.6464481943146825,Austen
-1.7999302327569966,3.0201214464916943,-0.5591224478819743,-0.3460596395840584,Austen
-2.978151780350888,2.6527321033500226,-1.9177546960379512,-0.843399413973975,Austen
-4.8280035378323625,2.7255484756054105,0.4544754543749405,-0.30853952402831086,Austen
-4.257820222222882,1.3048630118681595,1.0926440550405243,0.1373349038614448,Austen
-2.7226319241097285,2.9780498669703697,0.0735972742367091,-0.7181251208500261,Austen
-4.19334364791771,1.2086538147205146,-2.0424016571030554,-0.5866656402998863,Austen
-4.371306312962629,3.473002237321789,-0.2460210820266183,-0.4275497304774788,Austen
-4.344169869474014,1.0515604536201972,-1.3195166510401073,-0.5186067556246812,Austen
-4.544786319611535,2.468849483255945,-0.33088667132463107,-1.0445747237587313,Austen
-0.2685031234176198,4.784573808809614,0.22782623732757604,-0.6898956270996336,Austen
-3.5208485284582993,-0.18199865643193824,-0.3634052508680857,-0.9444039153951953,Austen
-1.7910747886284528,2.879617824997,-1.497317262417615,-0.9097702622184546,Austen
0.9588568074695519,3.664473264915238,1.4361855928657756,0.3136193809771435,Austen
-2.291150440382518,0.46585114936403593,-1.9177681653508676,0.48963710926778076,Austen
-1.2017198445803556,2.9290563573501833,-0.9277856706471944,0.29990278961367284,Austen
-1.4159034756510795,2.863374807780516,0.06427332357525771,0.7332491680565524,Austen
-4.235891437429815,3.318621979059938,-0.35376781787730205,-0.11336162012400003,Austen
1.6063342299773142,4.278101068864258,1.5124749443316572,0.9206996919656396,Austen
-3.3420593431320818,2.8887587498927,0.5038487471587978,0.3868388065741203,Austen
-2.8442403109520398,1.2360391004771956,-0.30014932308944287,0.37949780641776043,Austen
-2.6393169473102027,3.1707448711677175,-0.17724301715537585,0.881272244332347,Austen
-3.025243060148948,3.056789035329377,-2.2742238631366964,-0.13347044525676696,Austen
-2.7471089014262033,3.048345684581798,0.5311191532462595,1.2091232698280379,Austen
-0.6190048323830447,5.4989237487277185,0.9410856356983857,1.3229567243679718,Austen
-5.50234193026798,1.1904279758359984,-1.8460358000070982,-0.8733787069544715,Austen
-1.8447136229026435,3.457178836296547,0.7264547166583272,-0.11540783884977723,Austen
-5.093592670745459,4.1911832454210405,-0.8458623086870837,-0.3086957379102606,Austen
-0.22687449624496905,5.800404472999175,3.823613103428381,1.6102107414197797,Austen
-0.6513483776927744,6.847468615039539,1.5868432489461513,1.3127372661264456,Austen
-2.5004378305628383,5.547823070730633,1.3428086853118868,1.123228411972801,Austen
-2.598656812830443,3.6974529294373606,0.0027748865582941456,0.02375573116757366,Austen
-2.869865330054731,4.035858608237262,1.0944630728253433,1.3697398825085778,Austen
-2.052396413952542,3.6564906202901675,1.3219551163070518,0.9196284422156878,Austen
-3.0404860645662835,3.5437826688277925,1.4268728669754256,0.48587493329631554,Austen
-2.72496824336236,3.171883654651522,-0.17588236667827012,-0.9295731784977902,Austen
-2.276245050053484,7.163584624720843,1.8639648221303722,1.122446727601404,Austen
-3.1916736433102746,1.0973066426579352,-1.5734474951676625,0.20619019672105202,Austen
-5.510400243550538,3.7378998200629723,0.09670836608315525,-0.5403554384969498,Austen
-2.6775275203081508,4.337577084530981,0.5262144023595411,0.06926208865107089,Austen
-2.5417729092480195,2.1297761285445405,-0.26292791728302883,0.7215916617013396,Austen
-1.4053555542933547,1.6257993359069103,0.4087568756888647,0.23761340165710745,Austen
0.14672612615381458,5.052219286269749,1.0840157764988159,0.035723774804343356,Austen
-3.105001702489848,1.6072880864332535,0.47388538292046295,0.23426603005077648,Austen
-4.463789298705316,2.0743303605596473,0.28243862129452907,0.3194228143441002,Austen
-2.71907899491215,1.458427005718546,1.6423109354094598,-0.7735034769412217,Austen
-5.999920089564433,1.38730613598876,0.265810286187361,-0.050437426148754794,Austen
-5.645679854332264,2.035684791257811,0.6514787206353785,-0.5523646878178949,Austen
-2.5319172308923243,2.5279496488659694,0.7302515738636116,-0.6824068436183596,Austen
-2.912916441303094,-0.20564526327742075,0.9357781012944163,0.29393860783501075,Austen
-3.2730054750824453,0.2165961994996003,0.7419584229018749,1.0511444272159656,Austen
-4.736347110341668,1.562240683630717,-1.4999301807958532,0.0006138299172586378,Austen
-5.171539766345916,1.6246662842444104,0.7626120869090788,-0.004123130876204305,Austen
-4.681957644267292,1.5976249827135056,0.22906314904720798,0.600108099780731,Austen
-5.938600430933595,0.6319192363776406,1.5281662393849094,0.18029852601319168,Austen
-4.890550271587984,0.47144084097753575,0.8213561357721715,-0.24525963070752377,Austen
-1.6706094829503895,2.7062010825324427,1.5310627676429769,0.6098599861360632,Austen
-2.10901466729292,2.792491494080859,0.612777719422105,0.47023241101376023,Austen
0.6669964571728307,2.099022231296352,2.691872689266733,1.2813369177778298,Austen
-0.5051689973969978,2.997876561754609,3.2380781420348153,-0.16524655474075228,Austen
-4.507928244086459,2.1671719326513643,-0.37285589403893643,0.915156959982213,Austen
-3.1762398607992632,3.0200959895782873,0.4685830920270045,1.285594532547351,Austen
0.6682125243141442,5.130737839650974,2.0945502034148316,0.6688018103270169,Austen
1.9130455896018848,2.6706953591955283,2.145352298700552,0.5247049056664728,Austen
-3.5425582865577803,2.246444691591624,-0.7289492371229789,-0.2630542029512095,Austen
-1.8417081699519642,1.0275775686620778,-0.19775167536809193,0.9863798921997148,Austen
-2.8750541137101426,2.3297355283356853,-2.7708969112310884,-0.7795742884774096,Austen
-3.2372150283634142,2.4868484490340754,-1.3287768692356534,-0.8905811575582462,Austen
-1.5524638444985273,3.4434774912986654,0.37235190416244995,-0.47344311398872785,Austen
0.09987195312315489,2.2913364987473637,-0.5101469093234555,-0.40191613454879516,Austen
-2.3375333816669404,4.802062271454442,-1.6886742679101414,-0.04336353925430777,Austen
-1.049270835971997,3.41282642570631,-1.085211595136297,-0.04304240299905202,Austen
0.07536963222223989,1.9316541831378915,-0.5645060944354072,-1.2201136227660248,Austen
-1.4039344157916744,1.2120215244164347,-0.05457717334179502,-0.6075358128254116,Austen
-2.7729450230244996,1.3456962942408128,-2.090658553787625,-0.7026336905631053,Austen
-3.8853703044911825,0.7672551424939171,-0.3001652084494725,0.04774983170169901,Austen
0.5594076013176184,3.4734322682872545,-0.017736986813900544,-0.03845462693969987,Austen
-4.342701762830701,2.491250745573037,-0.5914977273328706,-1.725488203192376,Austen
-0.5362269072939252,2.7559100185317655,2.069614858742374,0.43300358406488343,Austen
-2.1700896658534083,3.0138749850877082,-0.8528589886933875,-0.037778247293641425,Austen
-3.27551529825121,1.3968568016914487,-0.3501366522031191,0.7276198044311283,Austen
-2.402522884946067,2.4814042908183978,0.5575252182235998,0.2918717806699083,Austen
-3.711125460120992,2.4216253573085753,-0.9598365908724956,0.33312182185507433,Austen
-4.181875252764328,0.800585267192221,-0.5511238388927979,0.23411034188920932,Austen
-4.718639964470502,1.7687879755082319,-1.0427625322246636,1.3106475239940973,Austen
-0.46515928999053163,4.548096213404219,1.8371315812745717,0.8324022400858291,Austen
-3.9054886146153884,1.8243372505115503,0.13235640361461054,1.1938009298346808,Austen
-0.19759393415762783,2.8497864827023967,2.4101088391755106,0.338796220933823,Austen
-1.0726235279663696,2.310407819524789,0.8678278708683551,0.5020644290936286,Austen
-0.30445503872537366,3.7734246202006965,0.5297335737256517,0.6579338627491966,Austen
1.659868450455362,3.462901564630265,2.203691073599678,1.0997778271136676,Austen
1.337799843836958,1.6243118264911287,0.8734369490574206,0.4906649028756847,Austen
-1.5569367497359046,3.521149297058198,-0.0833763595158006,0.37454428503840953,Austen
1.070298839896649,3.443763534065643,2.1980830482466653,1.0680043913309525,Austen
-4.142731449715614,2.3985024608247074,-0.15389212905146246,0.13414958749815314,Austen
1.6102761877657612,5.288536594513923,2.149788340288393,0.24238490581824612,Austen
-1.7678595652145086,1.7654912101190685,0.18821396180939956,-0.6648363069795304,Austen
-3.8911833553655097,0.7781352108695208,-0.6793854021452951,0.41613844006445055,Austen
-5.351940959106999,2.0652128344453113,-0.338135000409019,0.7931177571211953,Austen
-0.7519056938511905,2.799958223879172,0.07164893873465732,1.0749844950896514,Austen
-5.7431446252501726,2.0198044055239173,-0.22328199590940825,1.0008419448918282,Austen
1.773525466155194,3.8863185258502493,4.420781267829131,0.7528393713937513,Austen
1.1259574066024967,2.9838093471442413,1.0359586463877737,1.2518769177102387,Austen
-3.026726606140968,0.8813448649131063,-0.8369177332697512,-0.026091131383857834,Austen
-3.3477388571966715,3.0943874200320343,-0.6951519598029507,0.5390081298901728,Austen
-0.48900236016405557,4.387103144005023,1.6223067346337343,0.7614557708135874,Austen
-0.9228689305482851,2.8089736312607223,2.131589082095826,1.3291906495130146,Austen
-3.5441510861701055,3.98916712556745,-0.4655504156514548,-0.7521994062315349,Austen
-2.886874269908458,3.5971357680947476,-0.6513933747350596,1.0319125928039619,Austen
1.9627484705464382,3.9856355280956657,-0.4260772174020557,0.7411864602509013,Austen
-0.19228172258001472,3.0936021681737893,0.8287737773594669,2.054032497142619,Austen
-0.14963974104919697,2.470964999912417,1.0217623387766144,0.37750133174384815,Austen
-3.3601858585584625,3.278837673495738,0.2527390318255939,1.8697055333992283,Austen
-4.587997512689443,1.3913617782925811,0.19377490887030432,0.05466989334119088,Austen
-3.2274455661220993,1.83065114232574,1.109145531008383,-0.24177744365262913,Austen
-1.058925557062728,3.651615438596098,0.47944485368942386,1.501964559627164,Austen
-2.54901285087722,3.6861294855287436,-0.036566111662622205,0.7789227862553975,Austen
-3.2195910304652786,1.4871496766613348,-0.2091803945596656,-0.283902130862017,Austen
-3.704019326325404,2.8765742381211834,0.10780528642652319,0.8200380816458206,Austen
-2.098274134481591,4.685488541305165,1.7772718128683076,0.668788231702927,Austen
-1.0987648862159634,2.9637876654082658,1.625391360576926,0.11458990357619576,Austen
-0.03440412040246361,3.996793793184502,2.0167502194869136,1.2746838600146606,Austen
-1.7396249070340595,1.8962215790033417,1.0645536285069543,-0.8508720020440539,Austen
-4.156632385052878,2.564269884056913,-0.9334218126841531,0.2313011964340058,Austen
-4.5464837198081405,1.4630536554438884,0.3313786374299883,-1.4760441394708586,Austen
-2.7129502914260866,3.1725675303499066,0.8801791430062681,0.23731631756688967,Austen
-1.9851214960371237,1.3276265043367577,-0.9987233661791269,-0.7504748158943775,Austen
-3.043359366884113,4.020793400613291,-0.19521468995472455,-1.014887974445891,Austen
-0.24541479406580768,4.833725862244068,2.8986766784078744,1.0984904353965128,Austen
0.23099947086918765,4.534310952659667,2.1068489014004963,0.09547354936809757,Austen
-1.204050641990202,1.9193293402932923,-0.8207548541948188,0.05109898071883818,Austen
1.6000010305742003,3.284716344672366,1.0596227125353377,1.5004342130381605,Austen
0.6126426202396221,5.531669730379474,-0.1825763523521216,1.4198167157608537,Austen
0.5322752806116953,4.038182644595917,1.593135678023947,0.20722218487657096,Austen
0.9399966385374436,5.993302058504451,1.8781080114427973,-0.06115412251932644,Austen
0.971193509696243,4.07958597456268,1.8177645573564416,0.7451289514160565,Austen
-0.4003333502363122,3.9737792784557993,0.8027985377856912,0.08832112411774576,Austen
-3.7127690016401624,2.3501478654469046,-0.27247085049231634,0.5141823425656251,Austen
-2.933763012523598,2.850657894472564,0.9057304885175286,-0.8325669717268414,Austen
-4.398849294843336,2.2931353350523755,-1.368478706783166,-0.7615520585366536,Austen
-0.7354992864695767,3.2815616720147878,1.7031854034711587,0.5095003922115549,Austen
-2.3783792970241495,4.620317561520748,0.9995820697982861,0.3062458819931272,Austen
-2.1053508484409993,4.733770853734714,-1.002288187484668,0.05160172775537545,Austen
-2.1198295593463072,3.994932349248811,0.779231572340754,-0.42120840146275745,Austen
2.1043360431962466,3.0227062966285074,3.250782570610723,2.204821363459635,Austen
-0.18003551600972761,5.113688214154396,2.80626594595679,1.5353224044290583,Austen
-4.657116481801012,3.4037969787487796,0.4390639527631058,0.38691260576358893,Austen
0.424401082297494,5.154041723556076,2.970448971768991,-0.05380104581599548,Austen
0.06078594627229393,6.169356125704836,2.4834158835247337,-0.21960949187757847,Austen
-5.78990570962845,0.15701813152541827,-2.1912091289673157,-0.5315169684752519,Austen
1.0147600096658018,2.236067230923301,0.6803750629156624,0.9209018937974425,Austen
0.24412594277640834,2.7396875767816002,1.1715585657939522,0.2083110333367377,Austen
-4.659516164695843,3.1671129284918385,0.37975667180115547,-0.03662007996720426,Austen
-1.40134095905517,2.0107450593945146,1.2146144050466317,0.5600410032937859,Austen
-1.2029586801896541,1.8762822797428764,0.06640805761481242,0.6180107798936614,Austen
-2.594450659351006,0.03700660532172593,0.7587030124535423,-0.4419127193067176,Austen
-2.3703147367037536,1.797681323904409,-1.5101669034296856,-0.6378668615721317,Austen
-3.5664573396101558,0.8606201286155024,-0.5618998277000269,0.1183132108779544,Austen
-1.9246905240110004,1.311468924737987,-0.949420155364533,0.8854550991400594,Austen
-1.9159021047823657,2.2932821412683593,-1.0530637693596094,0.07734522684420443,Austen
-1.3819847993220906,2.084700208927565,0.9496107984621004,-1.018012832182371,Austen
2.679836819145006,1.158246046837367,1.0547284608344114,1.918956073767919,Austen
1.7605341053989267,2.7198369061671026,2.2211103160116084,0.20934293090021222,Austen
-3.010124008823088,1.474454819712488,0.16678461115844878,1.2091762101408003,Austen
-0.8845950905378301,2.618168678878708,1.8267734530126,0.5057244794477064,Austen
-1.7285636058886862,1.5960131049188582,0.7578100210354637,-0.43587778961680257,Austen
-2.218782007245185,1.0098995651522105,0.38184369130671814,0.07550787218899943,Austen
-1.3619186402620067,3.9599343332627535,1.936189467020135,0.36455719545122606,Austen
-2.6681756448597533,0.10789966632947952,-0.3133604062093123,-1.570467977009675,Austen
-4.598167534927952,0.05177758132726395,-0.3433823659527248,-0.40227128830285375,Austen
-2.3656390048621163,0.16107952854943705,2.1458254329659154,-0.6191071596569762,Austen
-2.3041254298225646,3.6592934003409328,0.7396141024392628,-0.5755352297583131,Austen
-0.802401584684487,1.6093341756821544,1.6784266301525383,0.8365715989636117,Austen
-2.282209939279086,3.4109876460610935,1.1271038023284035,-0.2890289849995179,Austen
-3.786048951813052,1.870015239291161,0.6505236077578468,-0.5754053655205464,Austen
-3.0236670545072073,1.2721670618042242,0.4125346358954339,0.05573677477923309,Austen
-2.4930276479683804,4.252343803892915,0.3449100715261506,0.565749881791039,Austen
0.38194963271796556,3.499859851993628,2.1338639032961257,-0.4763454401296898,Austen
0.34052848629465937,2.262403750287829,1.0639897794358748,-0.8300118975807967,Austen
-0.6273093083673128,2.2079771056270188,0.7236698288323191,1.2400599718934247,Austen
0.7843746233879272,3.014254171614378,0.6108361750086825,-1.3239321977732557,Austen
-2.640304660634886,1.5861479218950834,-1.2577478724240767,0.5121526689419669,Austen
-1.5128123643932665,2.0052965364493294,0.11132969053386713,0.5160789771812453,Austen
-0.4821350760422386,3.162286774504305,0.4095380602050696,-0.23493183503642975,Austen
-1.356480673832457,2.1999154107735777,1.3354115902314425,-0.33743228498944,Austen
-2.1717268302822905,2.6636304941389843,1.3939764435962947,-1.2302950328662483,Austen
-1.7299458423684835,3.2573805432909424,2.0296447560922903,0.276699486497287,Austen
0.6825080203294005,4.869692818571919,2.90876740878193,0.23759264733404614,Austen
-1.8894567106600575,1.6611726518330558,0.17191270591723273,-1.1875934680357272,Austen
-1.6294582722638793,1.936694660223377,-0.3744172677610326,0.9979537958159058,Austen
-4.370891239173934,3.4948754487879623,-0.1359016886189177,-0.2515023321817152,Austen
-3.8066733061913083,1.6890617094569143,0.4345402438003328,-0.6277981195376806,Austen
-0.12025110926334237,4.036172510802559,3.559191057229622,0.9138139219753558,Austen
1.8925944960272734,4.45028450671085,0.9457480565740198,-0.12020483765150733,Austen
0.5660241617274189,1.4818466777951462,0.33563938846796304,0.04024480460943715,Austen
1.1793914865401762,3.1127163165762326,1.544998007770098,0.6753802271627249,Austen
1.1035053429773143,4.032717889500063,1.501383218497097,0.3194102611543809,Austen
2.080085287155538,4.680882765431207,1.778387496277313,0.4726240516237437,Austen
0.5938759049236235,4.053673768354185,2.3786464053163376,0.8043953232711859,Austen
-4.588560911236651,1.9726676910937697,-0.2565658925035956,0.8237445070177923,Austen
-2.880544018202878,3.8800398915194894,0.43528062031081144,0.6337675384833533,Austen
-2.8230965562032133,2.9425187419829477,1.2901485662642351,-0.008222034744758886,Austen
-3.353992894780687,2.100211133699043,0.46535127741904186,-0.4410909200008034,Austen
-0.6639968004531484,4.909438403002722,1.9909558238720642,1.2503690186851204,Austen
-3.677988728542851,0.3548995543569287,-0.11191734739337883,-0.17375490457787504,Austen
-4.348574678363993,1.7364921260221164,-0.2537512968503199,0.5698871031020658,Austen
-0.8146372049999889,3.649066199525816,1.8094652931645763,0.5270239081450876,Austen
-0.6949354146087374,2.742050967607483,1.564997841425894,0.024078487271274398,Austen
-2.9819941374606382,3.590444167503952,-0.289065024801914,2.2958717665392188,Austen
-2.522587666869927,3.1423398182683413,0.3908264250275783,0.811602132363845,Austen
-2.214667386456658,1.8440649761220989,-0.27821663013533726,0.5450436744177352,Austen
-1.4636506356343915,4.1119812389902926,0.8556520964606058,2.110343093967133,Austen
-1.6724164350006387,2.70130418983429,0.5710098413412392,1.2379271442000772,Austen
-0.26611673203266484,1.607804775251854,0.7533383583607629,1.8616581744046865,Austen
-3.517786940680369,1.1724723641291497,-1.4398559579066061,0.21398742117576955,Austen
-4.104986824326423,0.7313776476314182,-0.608830779632731,-0.2298278694485311,Austen
-2.394083244667929,1.8393819513160836,0.8675551628331714,1.1192878491095803,Austen
-3.221431508808508,3.0604163115436775,0.43146561766307673,0.4792035559985852,Austen
-3.972129630421164,2.427935971591983,-0.20847566444434854,0.6138412469492688,Austen
-3.545780084115051,1.0107521779565833,-0.213279912671858,0.9879296160824493,Austen
-2.2253103050813974,2.905075421619036,2.744959112937895,1.9571609789028437,Austen
2.570492900393358,1.2923825348554905,1.1306408911132293,0.7603241122235394,Austen
1.4280887505208932,-0.38065962371609324,-0.13517200943687366,-5.105868225827113,London
2.053103074535711,-0.8021707417217647,-0.2021116774437232,-2.7398373477521583,London
1.39279471033752,-1.836394504081738,-0.6889006123387211,-1.8132321552462862,London
0.19866577532324817,-0.8842219407984737,-2.6154575452661124,-2.3024624984116073,London
2.816596187140636,-0.43098513426562807,-1.3593647481019748,-3.0276938897080883,London
0.8536811761660166,-0.9809346875525061,-0.551858119021281,-2.795227502988964,London
1.8209178050534194,-0.35125059783701024,-1.2972078952329416,-0.6896319142900486,London
2.0916319160402557,0.2293729821575957,-1.698442656193859,-0.6178362759245155,London
0.6004871156871874,-0.01719173212262259,-1.3280860284080356,-3.0317415652450235,London
2.731571631266197,-0.30267649979139344,-0.49581618074796935,-1.897917052086514,London
3.0140473885368864,1.1744489183233964,-0.6319911402171757,-5.422464739851627,London
4.3916905222933815,-0.035171873723529305,0.7629728818958765,-2.6736275952254944,London
3.075281681159448,-0.9033952984606906,1.9578877053615145,-5.419369270511953,London
0.1588699864050752,-1.2910624571947218,-1.858907803750283,-2.397446604249333,London
-1.3248549912658725,-1.2488228721127927,-1.9009097770436187,-4.3112101591904155,London
-0.14920263807039402,-0.970940041924266,-1.4541923352002377,-3.4802332206303417,London
-0.3596207844140305,-0.2917871471305855,0.24892310425298297,-2.6390453899345405,London
0.7823460320060244,0.1476592394387927,-0.6745101598353747,-2.619522037873882,London
0.8691932278220591,-1.3748551413910834,-1.5107372576340454,-2.7802178820902537,London
-1.3413616448769703,-1.1177245387637986,-2.047465168330862,-3.2157835982004923,London
0.24379518386066848,0.6020545080157158,-2.370465775498202,-4.356039424061136,London
-0.5818606258028793,0.6230699090881052,-1.1146428441767466,-4.1816202357993895,London
-0.07580839379520916,-2.469655831433673,-0.24650165020749323,-5.719824956582028,London
3.9291934943175155,0.24440066675301617,0.00829559365270741,-3.349850092679504,London
5.450982800166418,0.7381859295433607,-0.10572324557999208,-2.811107304547062,London
4.436121331313982,1.417385769654394,0.5955137262692358,-4.602966266985362,London
3.2955641644011493,1.2674157122892615,-0.4603779616715587,-3.4278126364433423,London
4.299987047315359,0.3558541936129848,0.48536408024132677,-2.3624504372911037,London
2.0211280884399967,0.09531309672834945,-2.623218417108378,0.15177779228186425,London
2.366619430914847,0.9368553778514217,-1.3329248003403873,-2.1863266372098167,London
5.293952521873728,0.8003705155696091,0.8301156530170487,-4.90339011681601,London
2.888545669370201,1.1730263405245427,-0.25824724405221877,-3.891911637300682,London
-0.5737863637078696,-1.815216935387344,-0.37475492223935175,-3.863447008902488,London
5.927679451431691,0.1255145485733677,1.6967838817265324,-4.422813577855789,London
5.2170999050810085,-0.6094699647486744,0.3863660531613749,-2.5445103306058674,London
6.511839491343229,0.7901540484900434,1.3659092362966871,-3.5814880461983214,London
4.052508074250068,-0.1801000969534819,0.27718751613630904,-4.457048350014345,London
3.769731786772386,1.8774208605918543,-1.0373594574101928,-4.849227226378565,London
4.79516320681025,-0.43100682397855467,-0.5552813325383986,-3.5647617282027277,London
5.3556088922678775,0.7986347893685889,-1.6160100469010708,-0.8028533231482555,London
2.7500101514994637,1.3509654377439337,0.9154694630896588,-2.409622476082196,London
4.183731196825907,0.30887085780624257,-0.4066769000018908,-3.2262079833317876,London
3.9557475949230456,0.7120918148985744,-1.204385778494397,-2.0994450649249354,London
5.130562254568285,-0.5423883821931578,1.763349055415827,-4.384622063218269,London
4.130332071029816,0.6125458498358397,1.844364227885451,-4.618937530986995,London
3.421181687906076,1.3240667419125787,-1.1858393345300036,-3.017220122486313,London
5.626347548905716,0.9336873909777856,-1.624308890819418,-2.2168881785140884,London
5.844760347239948,-0.16791243144164483,0.07841943235567236,-1.1580054935141695,London
5.698527500447557,-0.2695211417701681,-2.110989431677371,-0.7008198728924954,London
6.826494079170261,0.22304022448380875,-1.4166304249152528,-0.8635433562433037,London
6.30424906439841,-0.7682180458015828,-1.8281030430372804,-0.6941603199918513,London
2.119678248031619,-1.4577799624078593,0.5051679091432554,-3.9663211394399656,London
3.56905450195512,-0.007291451565497354,-1.1368336344719867,-2.483001624466155,London
3.9164249223808145,-0.2577983860791331,0.6159175074987707,-1.843231655098193,London
2.2342098554229386,-0.6229107710988065,-0.9188354587341216,-2.523386998599011,London
3.4479208950920226,0.33573623277039805,-1.0739336424264772,-2.1329663147440323,London
3.771781636005458,0.6056192882376197,-2.2417501047055555,-1.6872368966296032,London
4.197825596915689,1.032886681401744,0.9176011311994857,-2.0879917056030703,London
2.5464873561376664,-1.1257006236104632,-2.1420886909820145,-0.35520442640197697,London
4.899887258295561,-0.518357784358336,1.8608226008907092,-3.1416181524268385,London
1.9483208483562968,-1.3511276757272062,-1.293998499456767,-0.7155407819557339,London
1.9161680051074406,-1.0135440454917577,-1.7381157184963592,-0.31949769802454187,London
1.552611057452572,-1.1517848915714985,-2.0758361185087897,-1.6801869822882813,London
0.3947420157347247,-2.164959589760702,-2.7601054140770804,-0.5405033327686335,London
1.8322835298704905,0.40366733332529287,-1.128986843912448,-2.0560592494113066,London
2.482941335313086,-0.5344704871201648,0.25061823673283357,-2.418920847162555,London
0.42723996526973584,-1.5246201657801373,-1.0912502040481316,-0.2917378605808198,London
1.9194049709685415,0.42269677197909156,-0.8342303383244618,-1.7827435491181465,London
0.46782075368810155,-1.3166089518709008,-1.4240798497723641,-1.515857154577448,London
0.9006819817647744,-0.9169587598068566,-2.0058199788217252,-0.6069830168681773,London
5.433062972850918,-0.5778132661080172,0.528039126230938,-3.298521765714469,London
1.8754690960963891,-2.802324276955326,-1.484088201190917,1.767146886126107,London
3.9057027201527346,-0.8920725343783497,-0.48731742922649085,-3.24770612118369,London
2.2857452616130827,-0.5290002991843405,-0.7638611761921896,-3.27257743631714,London
4.433789897877303,-0.5220868989076342,-0.39933808912882035,-0.2560746577608037,London
5.558323084449062,-0.15341233144445193,-0.9708935813516864,-0.837196745409021,London
5.957148080828295,0.4560880787844714,-1.728519411505547,-0.8770138204928979,London
3.4433209011179957,-1.3199520373913218,-0.7495994680717257,0.2996023527885087,London
4.0281474987570185,-1.0479459535268023,0.043129304964369675,-1.9795113815383905,London
1.3509780872899484,-1.6119162307599328,-1.8860419869115814,-0.4166463766206426,London
1.0108089325479042,0.060282205839599465,0.23307043876039346,-0.45226930290637063,London
4.261328205370757,-0.2884966355465067,0.13795922368601152,-1.8476115819687946,London
6.9800590198381025,0.07086136324168069,0.37550187375290306,-2.546371640432476,London
3.685246652597605,0.08457603541875965,0.6876056064299929,-0.5664194680163144,London
3.2305876903956254,-1.159578685692992,-0.41253137251738276,-1.3650256653959378,London
0.6845750838942256,-0.5324756399000681,0.39955230915159134,-2.022688270112641,London
4.692354635967445,-0.030666159880106743,0.618052887001248,-2.3807831424140273,London
4.233362838987055,0.22708743995559283,0.8462173004707366,-3.7063213063765095,London
3.0891054037122934,-0.6936151658040314,-0.7215886820157092,-0.9791839224235049,London
0.9200151106432337,-1.5078641392164598,-2.060011781559695,-2.934031636213336,London
4.628008754847227,-0.8881766658325561,0.5039311318004593,-1.6664351809673759,London
4.057200340999021,0.5598816222750239,1.8663758034605002,-2.4305684178001297,London
2.5851310620896606,-0.4351952441000945,-0.26475647094389004,-2.2487854628389976,London
-1.1323604300752272,-0.8486617014237552,-1.9177196649596242,-3.266844665237219,London
-2.2906732203167004,0.5961793827631547,-0.6946611562390893,-2.7826445466638954,London
2.092591759939155,0.009276802162678038,-0.6757001923627143,-2.936112991561738,London
-0.4904186365717171,-1.4946897734791293,-0.07593522750933555,-3.281054481181196,London
1.1849326296009326,-0.4298270367854599,-0.1971623035104426,-3.351924590376972,London
4.345036527770662,0.6342057372738923,0.9441605970633578,-3.0729279580202777,London
2.7216349139575375,0.28279962904136025,0.5433134240595993,-2.388253265874709,London
2.3734500070656455,0.5764595679297045,-0.25762759699721693,-1.0689394224875566,London
2.8697692632048333,1.1245340910153845,0.33693193651488884,-3.2742210049776155,London
3.486753220301776,0.3227516038547004,1.3010095874715752,-2.9967416147580526,London
3.0731972652749455,0.8573749429077278,0.648691557521383,-2.769530266596892,London
0.9021599878185584,-0.9712924175315282,-1.1572670507121254,-1.057967603853809,London
3.1868728424626735,-2.041855137319532,-0.45413910288705456,-4.475135469483715,London
2.720941057824107,-1.9025658347570258,2.2612834891477327,-3.643156637834549,London
6.446769860751663,-1.266522078771374,2.2731623505083807,-3.0879850432065235,London
5.972208504782155,0.14149025208736835,0.010191449245447556,-4.75502357186523,London
3.669321280676954,-0.7803572542809963,0.7848086052444092,-4.867789451924675,London
1.8904412083869064,0.636901470084735,-2.409323435277805,-1.8149714320120098,London
6.201861574973678,0.338390966071662,-0.37865129817313126,-0.24923998651049808,London
5.856166358763412,0.03172310081540179,-0.6104829161957278,-0.8268390441939479,London
5.150332457793458,0.45622884747496467,0.15930383664573441,-0.27187566018770865,London
4.681286287880094,0.2525158805053018,0.8154497500230521,0.11102088486840687,London
6.21879950322499,0.5724227800823971,0.22663111921581117,-0.8342316672201422,London
6.002442703493444,-0.6738247296209469,-0.215002631135493,-0.26549448566120887,London
6.3030620289981725,0.2800198739565979,-0.1777354975601985,-1.295981031925871,London
5.153994986371856,-0.31550301462830865,-0.11900602645729479,0.8347742747480749,London
5.98784262319312,-0.7345380102824388,1.6690453336703923,-0.29683552908818983,London
5.135754341875527,0.2854050205568777,-0.7757714012333577,0.41041160318810793,London
3.83521264584403,0.7563297313132605,1.1767208402608813,-1.7629242354831767,London
7.04121024557651,-0.07702328099139924,-0.2644469269175184,0.7662180133309858,London
3.7812440593159766,0.5309009051469699,1.3287935278330583,0.8011982775593969,London
6.8796700080338535,-0.9923436008857677,-0.9631395622137517,0.7531951911576473,London
4.896881757678465,-0.20175172909373892,-1.562137673884337,0.3909920378089908,London
5.101408520228956,0.1594823709673461,-0.24380402671802887,-0.4276593467711782,London
5.693516037210622,0.44447957044463965,0.17438612677615375,-0.5038435952971021,London
5.917983947331981,0.9826645934856472,0.33074108093192783,-1.299896172456794,London
5.538990444211803,0.07855072709317389,-0.3272682698033669,-0.9744024960729958,London
5.394458340433855,0.6510315136536977,1.6674204921302915,-2.9252660606885037,London
2.8655535879839014,1.2067313759543348,2.0570869549564215,-2.526190405660854,London
3.1657692485127207,-1.1384618199098402,2.0690199409624026,-3.70621076334967,London
5.120969498976034,1.7009672332419166,-0.3285877885433016,0.5071062528530004,London
4.985324321762186,0.7065464286772929,-0.4376549443524064,0.7401470543571573,London
6.0513953797600095,1.503350426898016,-0.8354410354100391,1.8799853381880571,London
6.811796520769457,0.1388386019642157,-1.7580378314959675,-1.5062646697958209,London
5.257394557290465,1.2098329865625053,0.6514505161702526,-1.5504503016779505,London
3.834368492496167,1.2837050188115393,-0.7585936052464465,-2.4795313098291074,London
5.465970102705134,0.17170010307583355,1.3531264084739996,-3.2365881339632874,London
4.186309991251397,1.4110934051273694,-0.14993450231341876,-0.7181062991663273,London
5.603887504163797,0.8195234959193273,-0.4856745359624033,-1.0177559895718447,London
6.687447583018273,1.4900421186456085,-2.2995286425552752,-0.736133365942561,London
2.786386576340749,1.5817555176258689,-2.26847826309058,-1.8606280793443821,London
1.883905864552698,-1.350752339054382,-2.8478670043790992,-0.43140468626174266,London
4.5389671750702485,1.10163983524708,-0.860942665432022,-1.8556241284202026,London
5.9633804136562905,0.8908032969539192,-1.7809430211476012,-1.6018432906740345,London
4.096952017679026,1.2847574864902298,-0.8675203575699506,-0.865100706977594,London
6.096145555943136,0.3453293133419267,-1.6532432503830468,-0.13212178127050594,London
5.4641420339612985,0.3912535172083108,-0.14149192656045062,1.0003585598133096,London
2.6339456376119124,-1.803905315065031,-5.931901632112583,4.994325811263584,London
2.5845329473274967,-2.2766971653992916,-6.2001139332921635,5.430667214379678,London
2.1760576759426065,0.24605450684656244,-0.8754274461080916,-1.0879328471645127,London
4.125732604773248,0.7428597729892088,-2.479443481774351,3.364489508124961,London
4.1923107166108755,-0.2803773098708476,-1.4351973289866076,1.603807077011649,London
3.6683756379883934,-0.37409556895801366,-6.482097572937112,4.687581841135351,London
5.063400879704518,-0.4475781763839071,-2.609125614757817,2.7513571687579614,London
2.4392487362923783,-2.0879837957789618,-2.545147223270464,2.5529672917159028,London
3.2123621568117753,0.1538759539215935,-1.3000826498823654,1.3543161778119568,London
2.0088981822181253,-1.036023325787997,-3.3467302233127847,1.891336164888928,London
6.306352860404538,-1.4972593118485662,0.2843676198483384,1.6745296071379143,London
4.395724943911771,-1.1848026113159122,-3.638969526786552,2.573826776161844,London
5.541512602231255,-0.8021745692796712,-1.3007088023821838,0.43734553591437936,London
2.8187842994781023,1.9827617808812166,-2.30156903939523,1.688165038843144,London
5.16539856172499,0.44512115841661837,0.6310733179319138,-0.694671280861454,London
1.9673927868436076,0.17900444771452464,-1.89648932644271,2.7835771235729037,London
1.3467894070346702,-1.1801655386407037,-2.6269026867362673,2.6490867586227953,London
1.9703173692036278,-1.6628593986063764,-2.357210809015401,3.6355606447097597,London
2.5538694139685125,-1.1496869808718746,-2.3144920385581558,2.37394773692997,London
2.9050505825912993,-1.4085539143382613,-1.5663218780706107,3.8104825800280007,London
2.4975837824899307,-1.5709590117966608,-5.67595083667556,5.356284888735677,London
2.6690829853551503,-2.5809977335825347,-3.7268895039595993,3.176165354822996,London
2.7873059132279474,-0.0778564295820361,-2.3079211859924196,2.374613959332749,London
2.492095085625054,-1.3458905047771803,-1.0456794970392282,2.6212122502895294,London
4.378601772420601,-0.34891787970723626,-1.99681543305405,1.7542670608839603,London
2.864658465308544,-1.452160162105268,-3.488462045355834,2.4993907616578297,London
1.3172052917435637,0.6745224158864485,-1.56590307790021,2.0673668499962843,London
3.9860814919659315,-1.178664138234339,-2.791638382456649,3.424405206387295,London
3.335358994014802,-1.6399995258009366,-1.9041833497380545,3.7869794721568764,London
1.6122491022886283,-0.7190249680032367,-0.7724242581862132,0.7298846926417013,London
2.1224347638029046,-0.623073211270788,-0.4403039047185679,0.3966662755624584,London
-2.467375528689569,-0.8664703422360764,-1.3151180033463563,-1.5732224822817267,London
3.0005023744982178,1.07618948119096,0.6293076808443938,0.7304616877723774,London
1.6238508668855332,-1.869480111312811,-2.8172769974228067,3.717917722573584,London
2.0493257458269936,-0.2873443835025023,-1.423046432718949,1.6838099573895866,London
-0.25608430018746614,-0.7454519393000675,-1.4789325957539983,0.07046091971798735,London
1.0987685552422857,-1.0785670720880483,-3.1923077664909387,4.202266768043962,London
3.507943312735895,-1.2877576268663387,-3.4580271842418036,3.1259588828880616,London
0.9569850375744862,-0.1104662878198636,-1.9532465517004611,-0.5055276581191396,London
3.261704203774718,-1.8085135715572238,-0.012652800953074323,2.873532983281176,London
5.832176092017514,-0.15066375089662873,-1.9652876752802377,0.7990729731535269,London
1.7618354600570512,0.2322950029170292,-2.114122856409592,2.477655459425105,London
2.0244702595094854,1.7209356946048264,-1.2447642370549925,2.775187407558918,London
1.8650216345773243,-1.4183494703577966,-1.174407699571045,2.544847857433706,London
2.638627790003007,-0.6406047606776131,-3.9020941601355665,2.119819405749207,London
2.1064325072456915,1.9887646998657773,-2.1490459970256666,1.849518599339377,London
3.6310467134956843,-0.3296256803868669,-2.738240459889511,3.558346037281741,London
2.473345938409411,0.2517919068400502,-1.9675461062146073,2.395138993304324,London
3.870129199701932,0.168027673511766,-2.979499997456425,4.214864848570066,London
3.2736477195340052,-0.6408942274446054,-2.218105020306279,1.8376506608078604,London
1.4653795286095803,0.4977649753042162,-1.1744468748873855,2.0763731902682245,London
2.3272284317120553,2.3996926671608385,-1.8824774140438407,-0.16217772033935157,London
1.9176472956730524,1.6127218706437731,-1.6756702773728234,0.7077103839310163,London
3.3991175385470864,1.3518898744066894,-1.5762685795645852,0.37664669146052815,London
3.447692100306099,-0.6409276453969693,-2.4732765481353733,2.830048891701807,London
4.291595244802702,0.22948359063128612,-2.0754766964768563,3.3719394974388774,London
3.526626916217643,2.4366498114014004,-1.7934616719527097,1.1676322687657763,London
3.0565922696662384,-1.5225238459230206,-3.9108053944578107,4.287751180850325,London
3.600991011345325,-1.922425276951563,-2.3675583472903567,4.891985285572353,London
3.127967377149298,1.1609735961980314,-1.3242279519155271,0.18746986404939997,London
3.0312565211444853,-1.0573244077997697,-3.721120840987106,3.7509654794329617,London
2.288200585941752,-1.486999286837854,-2.3244201480833384,2.2239507037417625,London
3.2398969808144296,-1.3872442317144797,-4.216840407618873,4.235009154051649,London
2.682307554190177,-0.6456008281129184,-0.2817286733979488,2.7707949434134846,London
2.709244822604301,-1.4277745347414308,-4.191043568092227,3.6500263897079375,London
3.4909605468395677,-1.2886357687664018,-3.4294191071596973,2.6335096413593697,London
2.090480437143682,-0.28888411520310614,-3.3380190750708474,1.6760609344846615,London
0.9166810722187233,-0.6808197191172507,-1.6262471186047553,1.1391183026516425,London
1.8749513090754353,-0.7027824964370117,-1.520295009754466,0.6555075473305618,London
2.2901360782849873,-0.06001293600943705,-1.7481178212183994,0.6229095721872518,London
3.529734365305784,-0.7830590897957218,-4.249655313024202,3.1567866526733264,London
3.346986250270166,-1.5365482433023205,-3.93958977467827,3.8382030597991363,London
0.7895369643793285,0.09452876175780327,-3.6547763291987634,1.912628548581637,London
1.958272581124329,-1.8964341661718365,-2.511163139495048,1.1626794474235043,London
3.2748738724740942,-0.39069709357402166,-1.981998527804683,2.094075353434757,London
4.69013596372028,-0.04331501367793838,-2.5604422067158343,1.9005438714488991,London
3.500311427308649,-2.026002071057129,-3.3101703376023117,2.5976391797641623,London
3.5938499361129557,0.45269371798743885,-2.059229632514459,2.3479662585837784,London
4.910198863948551,0.5227398398026519,0.10547279745970613,2.255891472107743,London
3.7863998117543707,-0.3505383444663331,-3.1384456941525807,3.3772665844941745,London
4.28880254418286,0.3460871458581783,-0.5484840523458004,2.0380599933531167,London
2.4615127256134035,-0.7300692045503177,-2.4080956337461985,3.041609500742184,London
1.8524659407278743,0.6197371282789262,-0.5303646667513092,0.09230293926631337,London
5.041226292171644,0.15577913974928223,-2.1356125042917196,1.1035763907483376,London
3.3828340766915517,-1.2494445277313495,-2.5477017592049567,1.881468510020467,London
5.6284680941900485,-0.8224056412266322,-1.489212495287072,-0.7846712636997116,London
3.957258239559042,-1.182025947135685,-2.4225326873392925,0.11369283834804167,London
3.2663045326704667,-0.443984488881744,-0.8180268106331361,1.813309476075386,London
2.4365288389683366,-1.5372810574207636,-4.798794578532927,5.848710935812541,London
4.275400066882206,-1.7163689170238758,-2.99676374750586,3.616995000281803,London
2.672897570751319,-2.1211078360430937,-4.6337618882864895,5.553773290088103,London
4.3355172444673045,-1.5521739735467248,-1.4905313051787927,1.3776717726544034,London
3.423165120915202,-0.5758939644041229,-2.8980925704885188,1.4475750856844507,London
3.3858395088674165,-1.7298088355207526,-2.185451986879966,1.5418525306774649,London
3.620964739650737,-1.4653004894458603,-2.008868565229996,0.23031488618625276,London
4.783546493478771,-0.9047273521849489,-3.073366668050041,1.660462118975806,London
3.2232307549495314,0.0030069173344720317,-1.8126553256820321,-0.14559169862953655,London
1.930593421669652,-0.9723684306394774,-1.5848842468849997,0.6722439640366527,London
1.4765557569575691,-0.9971231556479688,-2.2877624088628896,1.7965687106036232,London
2.846108807988606,0.5886111161311433,-2.185754240011766,2.112850997441265,London
3.623595857074927,-1.6676938214438648,-4.384966321207295,5.295031984818907,London
2.011427530783249,-1.2550619748569796,-4.509347598730588,4.700802791536102,London
3.647696755960135,-1.4749183775502375,-4.023828579587355,4.211177781908109,London
4.209565939950536,-1.9754713603465783,-4.527473948070135,3.7818617159405092,London
5.367672922088542,-0.6745902662321116,-1.4284244734135525,0.25788281844660715,London
5.593578999046728,-0.8693571130378154,-2.306678458312956,1.306602368608018,London
4.534184295587093,-0.5740960967921449,-4.385411593967096,3.0312889186015526,London
4.519497755124038,0.09233907468930999,-2.149739302139111,0.5066111782591692,London
4.969574230220069,0.6492934369177483,-0.6613326395886339,-0.5035770051928352,London
7.262802702545151,0.6186627568281692,-0.534534490211978,0.07877438792012986,London
6.324586884234552,0.15633749080636858,-0.13228062807119115,-0.984057420723271,London
6.010018507923745,0.21394994243337018,-0.7876400270398946,0.6858873921451695,London
5.975201715926777,0.8472973386431661,-3.032024288429491,0.0111726749677917,London
6.931453881903462,1.4122996448726577,-1.5182149639780993,-1.2630713317900564,London
5.139734075151837,2.239415792395224,-1.5477404655336608,-2.2729402457746555,London
6.799678058929182,-0.20861791848510594,-1.3908876423474752,-1.198445080740144,London
6.373315349955066,1.8349854503704741,-1.245410910372872,0.20307159068759786,London
5.949659868232797,0.04331711552468986,-0.3315045874800715,-1.6122104665886499,London
5.4976543123283985,0.4415074060509627,-0.8691795186363307,-0.34601869761405074,London
6.219557093756504,-0.648737412893025,0.21770104283089856,-1.1875441914547769,London
4.311059938125879,0.5246480791964738,0.624877229049976,-2.0393730475571985,London
5.154366181168432,-0.12889981442663542,0.6218598260169831,-1.0341256770282528,London
4.224005653308924,1.1747952376847868,0.8036387898739629,-0.991340893524845,London
5.485443738021088,0.13278837413941666,0.2921934345897371,-1.7085499383184926,London
4.907585421991505,1.1561503407268403,0.5942443025104893,-2.0615902694416417,London
4.858720260910907,1.043539821948761,0.432684077087156,-1.384073883902429,London
4.239659810008819,0.7142167061641381,0.4467303426198476,-0.32592765010316804,London
5.615752706790712,0.9079787846782158,-0.633932605540093,-1.5025959524424495,London
3.8768901088490595,1.567831584724343,-0.7312636530762174,-2.575670292651336,London
4.503183034671938,0.2032882829915339,0.7566906386160503,-1.2076948328312742,London
4.564920365921454,0.7129378892639996,1.5172224684622293,-0.5064166156471281,London
4.208088702253949,0.6058155896890455,-0.6991257339691895,-0.6537786171970076,London
5.377671435558565,0.9489474053838552,0.198053912063941,-1.4755251709045443,London
5.3943787776457315,1.1510179077005087,-0.5105515696766018,-0.6186880890128231,London
6.207217595119375,-0.569990286318795,-1.1893002565870368,0.05146474656103397,London
2.4244606768107295,-0.687003864232034,-2.2649289006111335,3.0846541340199605,London
4.984402204475159,0.55472062592417,-1.696315713585883,1.1021805191284495,London
4.903003625582628,0.8352782954239789,0.0627070758280333,-0.7253115065957647,London
5.518500628497363,0.28824087243969726,-0.43435556346984283,-0.1817363419708085,London
3.6656995631399156,-1.5468282171292906,-1.4783598535386855,1.5656993409618771,London
4.9462581752026065,-1.687803104250576,0.6780967180664504,0.784894934210223,London
4.921442748615189,0.9129331154858289,-0.8432752993527075,0.24618554890915043,London
4.482799742668978,0.7032037062279666,-0.12094370964521625,-0.31743032513858077,London
4.959589240060952,0.5559869489285062,-0.9803213321327151,-1.4987900370589873,London
4.104271293665445,0.5521699529933168,-1.1922202920796203,-0.5515362255855892,London
5.161944900962195,-0.4039820243790199,-1.4455190074659356,-0.28160975168596314,London
1.1117203216869465,-4.897144557538753,5.4006676530167494,1.4422283259319784,Milton
3.138999643552588,-3.5774199796462836,6.153692062766668,1.037087672788613,Milton
3.5141248732410193,-3.023644823219634,7.512879849764559,1.1780701931971025,Milton
1.857595130872081,-4.005954193317342,6.383328542225144,1.7548625604621462,Milton
-1.8546770322265378,-6.240815733315315,5.665616308195006,1.2417367562370116,Milton
0.899701137544562,-4.847704138738194,6.559876366381353,2.4297238630596714,Milton
3.208152630428558,-3.212375053003575,3.7083330634254397,1.1112968863241115,Milton
1.932148733130225,-4.447830004834136,4.7310874094461655,1.5896220822842864,Milton
0.8685105440295597,-3.5553965894206176,6.582150432770805,1.4418881978648348,Milton
0.9261893636336135,-2.812391127467187,4.980196957703966,1.7921079908480142,Milton
4.425197853122797,-3.8568969666965525,5.982752105811604,3.2687024232783477,Milton
0.3736412775696754,-3.2542151502016052,4.334166716713501,2.9702258737264873,Milton
3.6264059090691725,-2.8726173430314486,4.617463264894794,2.102978088311476,Milton
-0.2146750981406947,-3.568209334057014,3.4885025392481914,1.7731531171997688,Milton
2.931071260684958,-4.41044531812166,6.530605704618007,2.1938586947240344,Milton
0.6848801323554814,-3.455386242283425,4.114354308545535,3.3573393666849958,Milton
0.8908972487060149,-3.9352007479912383,5.3917695851771175,2.025825469774538,Milton
1.3597950472287355,-3.642245281174277,6.152789109580643,3.762829727828796,Milton
-0.39584514160546425,-4.253129890601536,5.9769381115560725,1.2708788042059125,Milton
0.9352911605572011,-4.384031171566019,6.728533730498249,1.1529759465069636,Milton
2.827284684068382,-2.621873699481471,5.249883971480606,0.944895389280459,Milton
1.6954675207381438,-3.261850920349092,6.493068906222562,2.533288661524172,Milton
1.5921051701581563,-3.466022666715205,5.664884858506838,1.7006741215783387,Milton
2.968953681980743,-3.3064965255619714,5.838661907762259,2.054979571678214,Milton
1.683893001816168,-4.257831936262264,5.006134551140307,1.8712738558349669,Milton
5.283369375211293,-3.5997133596825655,4.522766972419368,1.3965361885930676,Milton
3.4336826211917457,-3.8917379095043825,5.3975709413365855,1.4486715411372801,Milton
0.22839462860229912,-2.9990875138696236,5.976760779770237,2.031657599373339,Milton
1.0801354458118582,-3.9218237871543917,6.139773929610546,2.398497799938271,Milton
0.488481372824781,-2.8891552537007263,5.517129188967151,2.3426342300247254,Milton
-0.2931951865077757,-3.7477056509074527,6.924078956499478,3.011759095638541,Milton
-0.8834474786203174,-3.5396410188785383,6.873078228717381,3.223958094958468,Milton
-0.4405436403923364,-3.106615690812831,4.801117027434296,1.221720043880175,Milton
-1.0876893262971576,-2.8495718287652467,5.00179948452773,2.035447780215237,Milton
-0.7691784217794455,-2.7519702143236797,4.888589882654373,0.5993475959135616,Milton
0.7832559332664586,-3.773891908177915,4.8980021562620255,1.620518950789519,Milton
3.160475670340885,-5.036682586900825,4.951318751563729,1.8692374082007368,Milton
2.4199444795379845,-3.974382484402159,5.722693394906882,3.228339912304042,Milton
-0.03282464208242295,-2.7054498024309357,5.806441014659521,3.413990182998238,Milton
-1.0709135302056614,-3.7619282796656437,6.045215466055978,1.63964354775018,Milton
1.7492435545692613,-3.4614304552940798,6.425090189209576,1.6668335458808698,Milton
2.218866262135545,-2.9718902960314924,5.571627254235282,1.3858228268801034,Milton
1.8315391399468195,-2.6611207791074563,5.103502312274671,1.4882344587670768,Milton
3.557458161129661,-3.2357633278281486,5.339545056021428,2.1042932388735633,Milton
2.517463037909056,-3.1433254730384035,6.682143694005035,1.615909620619349,Milton
1.503943073953253,-2.5282429311356642,5.680268164407387,0.5825930665122968,Milton
1.282932530555731,-4.360907246943086,5.10166998326237,0.9894666234111016,Milton
-0.46067373960128083,-3.1136058282710524,5.887322487413592,1.9827850388662116,Milton
0.30393857038109,-3.9059054572031626,5.414355963029562,3.6030271863411802,Milton
1.4119933896436285,-2.857232041217274,5.661681032835286,2.821745726914748,Milton
-0.6789649096509214,-3.2836513048818117,5.479492534113006,1.9024278083264454,Milton
0.1550089226933223,-3.6820486841032163,4.848569773070695,0.2991672068545626,Milton
2.271419439643735,-3.71937609986252,6.428726877918231,0.9862274883872562,Milton
0.35907822747844415,-4.042979528287073,6.172253876813282,1.221851053905134,Milton
1.1652889343222854,-3.2330716483182576,4.020586824906069,2.0054573333611443,Milton
-1.5227280312702365,-3.6811158604319663,0.3414071029040486,-1.279607392843764,Shakespeare
-0.35557403285249006,-3.6794596695160307,1.3048227876503122,-0.9526580212425906,Shakespeare
-1.2183465522038521,-3.6376910542628114,1.0233557200987184,0.45489544327429743,Shakespeare
-2.5105335129462647,-4.66973759768837,2.1478913817210157,-1.6738531087823652,Shakespeare
-4.041568979747608,-3.5723491350840493,1.0539913872159554,-0.3130252030905533,Shakespeare
-2.5683328566226717,-4.073176397937807,0.6517548463907731,-0.9529713261296192,Shakespeare
-1.589030948515389,-4.64483633056808,1.0584612169158107,-1.611575277291196,Shakespeare
-2.613544547017341,-3.8025397385167494,1.164829733923663,-1.0148117647208517,Shakespeare
-1.9833332863381445,-3.7069467432579066,-0.28337906711877064,0.1476112383126544,Shakespeare
-1.9197486453892079,-3.8141202388325914,0.6107459358331341,-1.5510316096914614,Shakespeare
-2.5426029853211816,-4.702839125690922,-2.2946300070685637,-1.750409307590581,Shakespeare
-2.2690881407541594,-2.9599632636141253,0.6728558800213611,-0.12166651761807015,Shakespeare
-3.6187687611994623,-4.455182960513974,-0.9255825540949547,0.2148886841319478,Shakespeare
-0.8441203845048587,-3.0682920212851466,1.463724844727646,-1.5901280430250675,Shakespeare
-2.378289712886124,-2.9975800415690412,0.024523983971117755,-0.8377272616071793,Shakespeare
-0.8073088223651832,-4.275921044183565,0.06261398734727565,0.10955889103817937,Shakespeare
-2.370195118226381,-3.015599108271606,-1.4304651799100752,0.5328176880666792,Shakespeare
-3.1116510276530205,-4.4136846342509815,-0.5994337359544302,-0.6604486302520153,Shakespeare
-1.2771139678105394,-3.1528672886422213,-1.9170347152374112,-0.542071001599987,Shakespeare
-1.8886104806511437,-4.1781968892316526,-2.3577448011187605,-0.25492341898139687,Shakespeare
-2.2075325369545626,-3.3456652054969074,-0.8984988320635017,-0.9959694619493907,Shakespeare
-2.0332388322160098,-2.168409791867217,-0.6203870881028732,-0.6090697235137508,Shakespeare
-1.4884041226249063,-2.4829068661042073,0.9411535318353246,-0.16788099800670828,Shakespeare
-3.6112095865563734,-2.4778484663603466,-1.0436116897002867,-0.1979186849685273,Shakespeare
-2.2062008765485763,-2.127346902809366,0.32515630576861554,0.0748828802401319,Shakespeare
-0.676448051219894,-3.2790556204895327,1.2909357276257136,-1.8233890106000743,Shakespeare
-2.5537383233595126,-4.596224341769148,-1.0743979543786772,-0.17825139099555226,Shakespeare
-3.378216766484465,-3.1669354190227637,-1.828540560511766,0.5552842775256023,Shakespeare
-0.6461843927374625,-3.6136006783263275,1.6223555780842016,-0.7753568501797785,Shakespeare
-2.6040279985553556,-2.4209034990076326,-0.4835421443559073,0.20147690434980178,Shakespeare
-3.102065631451669,-3.555671959026819,-2.3240218386884153,-1.6789276018483674,Shakespeare
-3.180919623224095,-3.859176323710766,-1.72104559053448,-0.3402566338786232,Shakespeare
-3.446143224477171,-1.8868430660127047,-0.9498547008343678,-0.1696194540462667,Shakespeare
-2.4538266618092717,-2.993070094807573,-1.8556365469762233,-0.41147524077475545,Shakespeare
-1.1951148533495104,-4.167110902512433,-3.1048505802344732,1.003160430840041,Shakespeare
-0.0370953192461572,-4.093090625822816,0.05896329951316824,-1.8968542671864785,Shakespeare
-3.671556108724767,-2.6576176833774356,-2.4058270604630754,-1.0907329247032787,Shakespeare
-1.4628128904259194,-2.854270970657972,-0.46258476441090396,-1.5387924421474324,Shakespeare
-1.9953668909426168,-5.678006852467304,1.1372630576976201,-2.423569432104813,Shakespeare
-2.7951439588997804,-4.191808309556047,-0.719071016587321,-0.982915086062966,Shakespeare
-1.0446832515183027,-4.412430414590196,0.6536886998801388,-0.6917812281683233,Shakespeare
-2.9111706201854686,-2.316751256783023,-0.3843886901449652,-0.2822045166870057,Shakespeare
-2.3720088882669286,-5.101760931604882,-0.36814024994512357,-1.0411619521555353,Shakespeare
-2.121426463126853,-3.2259612334167294,-1.254814241941898,0.39293182734719456,Shakespeare
-0.7153847219956992,-2.451630602920008,1.100932969159908,-1.663989778170672,Shakespeare
1.4691749419444293,-3.391287260179947,2.298161737872057,-1.5616327183325351,Shakespeare
-3.347045695405225,-3.909350215090239,0.4970677688057418,-0.924877645231116,Shakespeare
-2.282244825095964,-3.8243554083567504,0.8464565756678996,-2.106086857338744,Shakespeare
-0.37608219728407116,-3.110075090557762,-0.21194952049466534,-1.7137161955070448,Shakespeare
-1.6179020717344126,-2.9695605156989706,0.23936539497667952,-0.7446627228157408,Shakespeare
-0.1018719339226926,-5.480752615246158,-1.0290494369483025,-1.3398520973915358,Shakespeare
-2.999740982299201,-3.1274706731557895,-1.3143144137197316,-1.5896866656096376,Shakespeare
-1.516536023424489,-2.706357211182059,0.17412703806851043,-1.8211294286424018,Shakespeare
-3.830190490329747,-2.1403086451725994,-0.9342941692511794,-1.2368351145043528,Shakespeare
-1.987633846637107,-5.092339652215312,0.33145799083928956,-0.7980465800496362,Shakespeare
-1.176037926217981,-5.467184054952854,-0.11052646692753972,-0.6062356407689387,Shakespeare
-1.0893242386880244,-4.448793203335417,-0.4924947586309587,-1.860169808913329,Shakespeare
-1.9897846635979268,-3.5948149369065336,0.38127055055230585,-2.039933353743515,Shakespeare
-3.20692539231552,-4.286574066962484,-0.9786922679370663,-1.377904615303619,Shakespeare
-3.879492072804274,-3.5137105350082143,-3.447674522865363,-0.7621410675769773,Shakespeare
-3.2817904762675973,-3.572281338503561,-0.6098519240944732,-0.32352536310747515,Shakespeare
-2.8357604232057576,-1.7715662562396164,-0.7810371232505189,0.10492536545531751,Shakespeare
-2.812810497562564,-4.237787633303461,0.8677788627693942,-1.321260799401602,Shakespeare
-3.9073282960044113,-3.2064211086347156,-0.7823649513693803,-0.6200138585860693,Shakespeare
-3.4165258325929835,-3.426072115257634,-0.9563843384438013,-1.7748189366151692,Shakespeare
-4.4518950750537325,-3.5273382195216403,-1.8064279594268118,-0.322598396971438,Shakespeare
-3.264961369954444,-5.391791095363562,0.893917099460656,-1.6616218270626892,Shakespeare
-3.7254660430141624,-2.9720120522174565,-1.4304290605156917,-0.745507548937306,Shakespeare
-2.5068860285100913,-3.679278280874229,-0.5462079868078437,1.1401996064373208,Shakespeare
-4.889552408146428,-3.3206122038331682,-0.2558274622179638,-1.773106089111314,Shakespeare
-3.6880955225940606,-4.337454267259422,-1.8043064227630983,-0.9420407915233066,Shakespeare
-2.3175594690479318,-6.530352487692203,-1.1143155956828057,-0.8391555791887291,Shakespeare
-3.140270594872064,-1.8243895033222897,0.3421992955494401,-0.2599654947943415,Shakespeare
-3.572132192027854,-1.82629488685058,-3.02839035627028,0.388094074646772,Shakespeare
0.4504844053001851,-3.777578288171219,2.203180503463902,-1.2690321566603833,Shakespeare
-2.1794802789643,-4.171210839794956,2.041368915270508,-1.1318147279851747,Shakespeare
-3.9148315826746463,-3.3488582270504095,-1.6316861465429329,-0.3565616535865315,Shakespeare
-3.721704515462509,-3.512483928343561,-0.9183414819575496,-0.6955574988735794,Shakespeare
-4.099539037080455,-3.235421275280534,0.003022414464573502,-0.9261992719747378,Shakespeare
-5.594034084358885,-4.154870000713006,-1.3979457848996295,-0.49422018465383255,Shakespeare
-3.9934974119175695,-3.3269391815217153,1.1762295518729486,1.0629176749626144,Shakespeare
-1.5794770317177158,-2.521985636540155,-0.7672537720704394,-0.12465200934037504,Shakespeare
-4.022672768756205,-2.6113492948956445,-1.243972518050367,0.030711019307517053,Shakespeare
-2.7321164196594374,-4.023844006484301,0.05876315706288882,-0.10087123483321322,Shakespeare
-1.8330858909715615,-2.977946861551264,0.9705538742964402,-0.5770835316904444,Shakespeare
-3.504761266183887,-3.840947404241433,-0.28182766872820136,1.2754137411961735,Shakespeare
-3.9120824434022623,-3.817720626539122,-0.957949435910569,-0.7293153545685714,Shakespeare
-0.7994466207553044,-4.024100491554956,-2.7085854722556726,-0.435015084212926,Shakespeare
-0.7852876916861076,-3.530148840553276,1.0184234545845732,-0.44968482771444784,Shakespeare
-2.9866843976356323,-3.4406801499154014,-0.4990697911501797,-1.9924387742303604,Shakespeare
-2.1940600724855375,-3.2122035623410166,0.27039643418617637,-0.5571536176450977,Shakespeare
-1.5544252382410193,-3.932599452651826,-1.4872749134040715,-0.48023785672353136,Shakespeare
-2.3857709691428206,-3.5700130444498472,1.0702815332384163,-2.153849555470605,Shakespeare
-1.728708641163331,-4.382820868559963,-1.115742168779718,-0.025166146838216556,Shakespeare
-1.1907649127770443,-3.076534861327092,1.5735638195656447,-0.41711968354370266,Shakespeare
-4.67690015817697,-5.333127951162866,-1.8388978974908738,-0.36555733349380715,Shakespeare
-2.601651456961838,-2.205505118741611,-0.28759346120430335,-1.4132862517897726,Shakespeare
-3.016311454379849,-3.3665904380503178,0.44597283492878176,-0.5913260504420322,Shakespeare
-3.1863237464793914,-2.351165084467812,-0.9784711262427453,-0.4539249132458526,Shakespeare
-4.342345632981055,-0.7014645265394192,0.5849425099422022,-0.020632058115405857,Shakespeare
-4.913167640749734,-2.867834364914752,-1.8654136308296392,-0.4441330382574542,Shakespeare
-4.970323443381308,-2.0329637138081336,-0.360691895588539,0.3425182839586125,Shakespeare
-4.1075382848215085,-2.892769926939136,-2.4004430354388955,0.48876159101365707,Shakespeare
-5.259900109807504,-2.159737913159264,0.10824679029994573,-0.9117306206095092,Shakespeare
-3.9463161500761865,-2.218357252066352,1.405731934661807,-0.6280339336956263,Shakespeare
-2.0758858971186243,-2.9051639203435804,-0.5300522959576361,0.29032400090633825,Shakespeare
-4.611108649764255,-2.246463564040455,-0.8536036877244135,0.12347412256441265,Shakespeare
-3.875243987184491,-2.5705198237016074,-1.2585384145920995,-0.8006101595809348,Shakespeare
-3.9635172075617056,-2.848117820785831,0.14946407120370345,0.540655895457972,Shakespeare
-2.2620383348460487,-3.363879686386209,0.03058425949062403,-0.024440614417373437,Shakespeare
-4.28680735490789,-2.7303843026840022,1.253354064563505,0.31210182775083456,Shakespeare
-1.5040161467377717,-3.313605354001945,1.0377885007706933,0.771912671937578,Shakespeare
-3.3344391132404625,-2.2702187866607213,0.08364530727136159,-1.244088765740935,Shakespeare
-2.884816265763034,-2.880266221450026,0.6793091180129959,-1.0965822079949643,Shakespeare
-2.2684965908159294,-4.411101150775717,0.14752373730502163,-1.5756646137992725,Shakespeare
-2.9177553608172393,-2.573939513474419,-0.059342028039592466,0.21883641493243683,Shakespeare
-1.4326515943940892,-3.9809356490804095,0.27123024629483095,0.807082690352634,Shakespeare
-3.4530252308342417,-3.582036261084666,-0.1493810215209709,0.5483348012780732,Shakespeare
-3.743752712741399,-2.8188865783556105,-0.1999958178645199,-0.18233092926437997,Shakespeare
-3.2528560529080703,-3.6004679264030073,-2.5042646264475152,-0.6679540782434613,Shakespeare
-4.811246355692292,-3.728381379703848,-1.824003158143844,0.28884845738071313,Shakespeare
-3.726675438790909,-3.891021466919208,-2.3362919608128427,-0.6999139833978275,Shakespeare
-2.941422516924248,-5.05676422740627,0.6897147024669097,-0.08927988611654049,Shakespeare
-2.53984524768407,-4.637798798044039,0.2583050960834815,-0.378075029480568,Shakespeare
-2.5739871996793164,-3.0386710140235897,-0.7911792657364434,-1.8203679426336838,Shakespeare
-1.5923930879865333,-4.898462351186518,1.1321549907168487,-1.7984153719041873,Shakespeare
-3.39124339296369,-2.84509336257957,-1.1207323748393803,-0.7714548676903855,Shakespeare
-4.694317385530908,-3.2027255975282105,-0.0929281145828807,0.05306239187931071,Shakespeare
-2.6308999037824,-3.8194936780757134,-0.6406718892449103,-1.3170170577976354,Shakespeare
-3.499467705457997,-3.579736610537135,1.5222359696508194,-0.3083475755838927,Shakespeare
-4.008389478104266,-4.068539415759131,-2.219889701653876,-1.6165423629578444,Shakespeare
-1.3657755998103451,-3.1284634931697797,-1.5106447347814953,-0.2488551128093216,Shakespeare
-3.7721356804377426,-3.172500505382832,0.6343804956914405,-0.8499003612612421,Shakespeare
-4.397273707552813,-3.2496175052992213,-2.1791175937318443,-0.5501531257601696,Shakespeare
-4.043320242017204,-5.121253810720878,-2.2592295187630422,-0.15371179285964337,Shakespeare
-3.6339648485514733,-4.8256078920686525,-0.8667536411518673,0.3577113112707449,Shakespeare
-2.714537069254611,-2.893887253730944,-1.040559311514029,0.11364329086908877,Shakespeare
-3.2331909983310587,-2.700826944396833,-0.9798272047048311,0.4959062719471196,Shakespeare
-3.7035631075752096,-3.690387278813957,-0.4863885150848189,0.505924461674202,Shakespeare
-4.986678031949922,-3.4238706381893,-1.361780708705496,-1.3703488894967066,Shakespeare
-3.202046004949015,-2.2503927542611875,-2.4295265647445285,-1.0600496675550488,Shakespeare
-3.100381041142288,-3.2061182421249725,-0.9787694193524399,-0.8607702753170756,Shakespeare
-3.6172670771190516,-4.4632071048869495,-2.0032486425020215,0.1814521814282925,Shakespeare
-3.2982334199436676,-5.6039497501873505,2.011888909151655,-0.3162873309551332,Shakespeare
-4.961668808621302,-2.714048183960225,-0.7038297409600106,-1.086848769099087,Shakespeare
-3.711511566189409,-3.857747563190525,-1.3858444849575067,-0.1607549907086014,Shakespeare
-4.4305228757636135,-2.836972777166512,-1.262436588846635,-0.9269906836690613,Shakespeare
-5.144102632899751,-4.2171968199558645,-1.1133086493812623,0.1138678090862133,Shakespeare
-2.427699232390358,-3.3691118898568324,0.15305839948677277,-0.7804190094226988,Shakespeare
-3.826801925725806,-3.9923204112126327,-1.5763168733888957,0.9877484937193775,Shakespeare
-3.429700957759928,-3.4729823230227352,0.22450364305835754,-0.41895636527529523,Shakespeare
-1.349177632336562,-3.602726429151717,-0.9261277494604652,-0.8615588406898875,Shakespeare
-2.8490768989530935,-4.586692164979071,-1.0974031224596008,0.04450631066606391,Shakespeare
-2.8774742808424727,-3.966853370855788,-1.953202410097237,0.06287321310269672,Shakespeare
-2.7342848284090775,-4.486476869410851,-0.6897957948990293,0.521748019409042,Shakespeare
-1.6560151297744803,-3.8625922035840556,-2.929645949671639,-0.3048084815417216,Shakespeare
-3.3779061721611616,-4.260329869631087,-0.8822884766405414,-0.6020265644904547,Shakespeare
-3.0279602490517723,-4.776879958618143,-1.1142549621245204,-1.665379157744172,Shakespeare
-1.4090294239782488,-3.9262446880122455,1.1281160624034086,1.5654303013972326,Shakespeare
-3.464093037839973,-3.3526902343611087,-0.06144338979523928,0.5367636271035856,Shakespeare
-0.5046780963250272,-3.844604875846313,-1.0161756571668688,0.23309608981643065,Shakespeare
-3.5338192366761896,-3.883715799496391,-1.0501291531720045,0.23443253743845613,Shakespeare
-4.502194739943794,-1.5509208627054403,-0.972665480582848,-0.4833888807490472,Shakespeare
-1.74679847995183,-3.376869450258658,-1.0894639785723292,0.7409824313571161,Shakespeare
-4.534149693073455,-2.097953953184974,-3.2935606107499935,0.828363523690177,Shakespeare
-2.575685676034669,-3.0365527167410056,-0.9053604511848219,0.3571499699158988,Shakespeare
-4.10131114605038,-3.4479836464050884,-1.4268839713698172,0.3958909612762887,Shakespeare
-2.7269407675246713,-3.478967485244435,-1.6674528387930605,0.6617872456626976,Shakespeare
-5.281878840140418,-3.6179578328654896,-1.92416373351838,0.7663762473041095,Shakespeare
-4.850629117986898,-5.02025919180991,0.8630669346455115,0.6318981818778299,Shakespeare
-3.059061922907686,-5.137982935332479,-2.2296709009480336,1.2640550855872863,Shakespeare
-3.5299789636679546,-4.792952812633578,-1.5793834539085292,0.5393879963950098,Shakespeare
-2.001983525241089,-5.033981057596972,-1.3830042549433645,-0.712713884423745,Shakespeare
