LOC_BLANK,BRANCH_COUNT,CALL_PAIRS,LOC_CODE_AND_COMMENT,LOC_COMMENTS,CONDITION_COUNT,CYCLOMATIC_COMPLEXITY,CYCLOMATIC_DENSITY,DECISION_COUNT,DECISION_DENSITY,DESIGN_COMPLEXITY,DESIGN_DENSITY,EDGE_COUNT,ESSENTIAL_COMPLEXITY,ESSENTIAL_DENSITY,LOC_EXECUTABLE,PARAMETER_COUNT,HALSTEAD_CONTENT,HALSTEAD_DIFFICULTY,HALSTEAD_EFFORT,HALSTEAD_ERROR_EST,HALSTEAD_LENGTH,HALSTEAD_LEVEL,HALSTEAD_PROG_TIME,HALSTEAD_VOLUME,MAINTENANCE_SEVERITY,MODIFIED_CONDITION_COUNT,MULTIPLE_CONDITION_COUNT,NODE_COUNT,NORMALIZED_CYLOMATIC_COMPLEXITY,NUM_OPERANDS,NUM_OPERATORS,NUM_UNIQUE_OPERANDS,NUM_UNIQUE_OPERATORS,NUMBER_OF_LINES,PERCENT_COMMENTS,LOC_TOTAL,c
1.0,7.0,4.0,0.0,0.0,0.0,4.0,0.33,0.0,0.0,3.0,0.75,20.0,3.0,0.0,12.0,2.0,19.48,11.92,2766.96,0.08,50.0,0.08,153.72,232.19,0.75,0.0,0.0,18.0,0.29,22.0,28.0,12.0,13.0,14.0,0.0,12.0,FALSE
27.0,5.0,1.0,5.0,25.0,8.0,3.0,0.09,4.0,2.0,3.0,1.0,31.0,1.0,0.0,30.0,0.0,51.95,30.8,49286.33,0.53,323.0,0.03,2738.13,1600.21,0.33,2.0,4.0,30.0,0.03,112.0,211.0,20.0,11.0,89.0,50.0,35.0,TRUE
3.0,1.0,1.0,0.0,0.0,0.0,1.0,0.33,0.0,0.0,1.0,1.0,2.0,1.0,0.0,3.0,0.0,8.15,3.5,99.85,0.01,9.0,0.29,5.55,28.53,1.0,0.0,0.0,3.0,0.13,2.0,7.0,2.0,7.0,8.0,0.0,3.0,FALSE
4.0,1.0,2.0,0.0,0.0,0.0,1.0,0.25,0.0,0.0,1.0,1.0,3.0,1.0,0.0,4.0,1.0,16.5,2.0,66.0,0.01,11.0,0.5,3.67,33.0,1.0,0.0,0.0,4.0,0.1,4.0,7.0,4.0,4.0,10.0,0.0,4.0,FALSE
7.0,1.0,1.0,8.0,6.0,0.0,1.0,0.07,0.0,0.0,1.0,1.0,2.0,1.0,0.0,6.0,0.0,21.37,13.3,3780.76,0.09,62.0,0.08,210.04,284.27,1.0,0.0,0.0,3.0,0.03,19.0,43.0,10.0,14.0,29.0,70.0,14.0,TRUE
4.0,1.0,2.0,1.0,1.0,0.0,1.0,0.17,0.0,0.0,1.0,1.0,3.0,1.0,0.0,5.0,1.0,14.51,4.2,255.97,0.02,17.0,0.24,14.22,60.94,1.0,0.0,0.0,4.0,0.08,6.0,11.0,5.0,7.0,13.0,28.57,6.0,FALSE
8.0,3.0,0.0,1.0,7.0,4.0,2.0,0.13,2.0,2.0,1.0,0.5,7.0,1.0,0.0,15.0,1.0,20.68,12.5,3231.69,0.09,62.0,0.08,179.54,258.54,0.5,1.0,2.0,7.0,0.06,25.0,37.0,9.0,9.0,33.0,34.78,16.0,TRUE
5.0,5.0,1.0,1.0,0.0,8.0,3.0,0.21,4.0,2.0,1.0,0.33,10.0,1.0,0.0,13.0,1.0,19.01,14.67,4089.46,0.09,58.0,0.07,227.19,278.83,0.33,2.0,4.0,9.0,0.14,22.0,36.0,12.0,16.0,21.0,7.14,14.0,TRUE
3.0,5.0,1.0,2.0,1.0,6.0,3.0,0.33,2.0,3.0,2.0,0.67,8.0,3.0,1.0,7.0,0.0,22.4,7.33,1204.38,0.05,38.0,0.14,66.91,164.23,1.0,2.0,3.0,7.0,0.2,12.0,26.0,9.0,11.0,15.0,30.0,9.0,TRUE
0.0,46.0,19.0,0.0,0.0,82.0,29.0,1.0,34.0,2.0,26.0,0.9,96.0,5.0,0.0,0.0,0.0,0.0,0.0,0.0,0.0,0.0,0.0,0.0,0.0,0.17,24.0,41.0,69.0,0.16,0.0,0.0,0.0,0.0,176.0,0.0,0.0,FALSE
11.0,7.0,1.0,1.0,11.0,12.0,4.0,0.13,6.0,2.0,1.0,0.25,20.0,1.0,0.0,31.0,0.0,51.31,17.5,15713.29,0.3,178.0,0.06,872.96,897.9,0.25,3.0,6.0,18.0,0.07,70.0,108.0,22.0,11.0,56.0,27.91,32.0,TRUE
10.0,5.0,4.0,3.0,6.0,8.0,3.0,0.12,4.0,2.0,3.0,1.0,17.0,1.0,0.0,22.0,0.0,30.3,16.5,8249.42,0.17,104.0,0.06,458.3,499.96,0.33,2.0,4.0,16.0,0.07,44.0,60.0,16.0,12.0,43.0,29.03,25.0,TRUE
1.0,5.0,2.0,0.0,0.0,0.0,3.0,0.27,0.0,0.0,3.0,1.0,12.0,1.0,0.0,11.0,0.0,17.11,11.67,2329.28,0.07,47.0,0.09,129.4,199.65,0.33,0.0,0.0,11.0,0.21,21.0,26.0,9.0,10.0,14.0,0.0,11.0,FALSE
11.0,9.0,3.0,0.0,4.0,16.0,5.0,0.23,8.0,2.0,3.0,0.6,21.0,1.0,0.0,22.0,0.0,25.42,17.34,7647.27,0.15,89.0,0.06,424.85,440.92,0.2,4.0,8.0,18.0,0.13,37.0,52.0,16.0,15.0,39.0,15.38,22.0,FALSE
9.0,17.0,1.0,5.0,6.0,30.0,9.0,0.15,14.0,2.0,2.0,0.22,36.0,4.0,0.0,54.0,0.0,36.36,38.32,53395.15,0.46,241.0,0.03,2966.4,1393.31,0.44,8.0,15.0,29.0,0.12,99.0,142.0,31.0,24.0,76.0,16.92,59.0,TRUE
10.0,49.0,12.0,2.0,4.0,0.0,25.0,0.18,0.0,0.0,22.0,0.88,135.0,19.0,0.0,139.0,2.0,81.59,55.46,250956.7,1.51,706.0,0.02,13942.04,4525.03,0.76,0.0,0.0,112.0,0.16,299.0,407.0,62.0,23.0,156.0,4.14,141.0,FALSE
13.0,11.0,2.0,1.0,0.0,20.0,6.0,0.25,10.0,2.0,2.0,0.33,24.0,1.0,0.0,23.0,2.0,14.74,29.17,12541.67,0.14,86.0,0.03,696.76,430.0,0.17,5.0,10.0,20.0,0.15,35.0,51.0,12.0,20.0,39.0,4.17,24.0,FALSE
14.0,1.0,0.0,62.0,13.0,0.0,1.0,0.01,0.0,0.0,1.0,1.0,1.0,1.0,0.0,133.0,0.0,257.7,73.75,1401719.45,6.34,2867.0,0.01,77873.3,19006.37,1.0,0.0,0.0,2.0,0.0,1180.0,1687.0,88.0,11.0,224.0,36.06,195.0,TRUE
1.0,1.0,0.0,6.0,0.0,0.0,1.0,0.03,0.0,0.0,1.0,1.0,1.0,1.0,0.0,34.0,0.0,132.54,12.21,19761.56,0.54,293.0,0.08,1097.86,1618.4,1.0,0.0,0.0,2.0,0.02,116.0,177.0,38.0,8.0,43.0,15.0,40.0,FALSE
13.0,19.0,4.0,1.0,17.0,32.0,10.0,0.26,12.0,2.0,6.0,0.6,45.0,8.0,0.0,37.0,3.0,64.06,30.39,59183.26,0.65,331.0,0.03,3287.96,1947.15,0.8,10.0,16.0,37.0,0.14,110.0,221.0,38.0,21.0,71.0,32.72,38.0,FALSE
4.0,3.0,1.0,1.0,1.0,4.0,2.0,0.2,2.0,2.0,2.0,1.0,5.0,1.0,0.0,9.0,0.0,11.2,8.0,716.99,0.03,25.0,0.13,39.83,89.62,0.5,1.0,2.0,5.0,0.12,8.0,17.0,4.0,8.0,17.0,18.18,10.0,TRUE
30.0,11.0,3.0,9.0,27.0,18.0,6.0,0.17,8.0,2.0,4.0,0.67,23.0,4.0,0.0,26.0,1.0,31.74,23.96,18214.54,0.25,141.0,0.04,1011.92,760.32,0.67,5.0,9.0,19.0,0.06,58.0,83.0,23.0,19.0,93.0,58.06,35.0,FALSE
2.0,1.0,0.0,0.0,0.0,0.0,1.0,0.33,0.0,0.0,1.0,1.0,1.0,1.0,0.0,3.0,0.0,8.98,2.5,56.15,0.01,8.0,0.4,3.12,22.46,1.0,0.0,0.0,2.0,0.14,2.0,6.0,2.0,5.0,7.0,0.0,3.0,FALSE
8.0,6.0,1.0,2.0,0.0,0.0,5.0,0.25,0.0,0.0,1.0,0.2,12.0,1.0,0.0,18.0,2.0,26.73,9.21,2266.4,0.08,53.0,0.11,125.91,246.12,0.2,0.0,0.0,9.0,0.17,17.0,36.0,12.0,13.0,30.0,10.0,20.0,TRUE
10.0,13.0,1.0,3.0,7.0,20.0,7.0,0.19,8.0,2.0,2.0,0.29,22.0,1.0,0.0,33.0,0.0,13.97,46.44,30142.12,0.22,135.0,0.02,1674.56,648.99,0.14,6.0,10.0,17.0,0.13,44.0,91.0,9.0,19.0,55.0,23.26,36.0,TRUE
28.0,31.0,6.0,5.0,35.0,54.0,16.0,0.16,24.0,2.0,9.0,0.56,59.0,8.0,0.0,95.0,2.0,50.7,37.73,72190.59,0.64,334.0,0.03,4010.59,1913.13,0.5,15.0,27.0,45.0,0.1,115.0,219.0,32.0,21.0,166.0,29.63,100.0,FALSE
2.0,3.0,1.0,0.0,0.0,4.0,2.0,0.29,2.0,2.0,1.0,0.5,7.0,1.0,0.0,7.0,2.0,11.44,10.71,1313.83,0.04,30.0,0.09,72.99,122.62,0.5,1.0,2.0,7.0,0.17,15.0,15.0,7.0,10.0,12.0,0.0,7.0,FALSE
2.0,33.0,6.0,2.0,0.0,0.0,17.0,0.47,0.0,0.0,7.0,0.41,68.0,14.0,0.0,34.0,1.0,23.0,44.18,44903.55,0.34,184.0,0.02,2494.64,1016.34,0.82,0.0,0.0,53.0,0.44,81.0,103.0,22.0,24.0,39.0,5.56,36.0,FALSE
8.0,1.0,0.0,4.0,1.0,0.0,1.0,0.05,0.0,0.0,1.0,1.0,1.0,1.0,0.0,18.0,0.0,17.87,28.58,14596.38,0.17,138.0,0.03,810.91,510.66,1.0,0.0,0.0,2.0,0.03,49.0,89.0,6.0,7.0,33.0,21.74,22.0,TRUE
3.0,7.0,1.0,3.0,0.0,8.0,4.0,0.4,2.0,4.0,2.0,0.5,9.0,4.0,1.0,7.0,0.0,18.39,9.17,1545.09,0.06,39.0,0.11,85.84,168.56,1.0,3.0,4.0,7.0,0.27,15.0,24.0,9.0,11.0,15.0,30.0,10.0,TRUE
0.0,1.0,1.0,0.0,0.0,0.0,1.0,0.2,0.0,0.0,1.0,1.0,2.0,1.0,0.0,5.0,1.0,8.51,8.0,544.91,0.02,19.0,0.13,30.27,68.11,1.0,0.0,0.0,3.0,0.14,8.0,11.0,4.0,8.0,7.0,0.0,5.0,FALSE
20.0,7.0,6.0,11.0,8.0,4.0,5.0,0.13,2.0,2.0,5.0,1.0,21.0,1.0,0.0,29.0,0.0,43.45,17.02,12581.62,0.25,131.0,0.06,698.98,739.35,0.2,1.0,2.0,18.0,0.07,47.0,84.0,29.0,21.0,70.0,39.58,40.0,TRUE
10.0,3.0,0.0,1.0,0.0,4.0,2.0,0.22,2.0,2.0,1.0,0.5,6.0,1.0,0.0,8.0,1.0,12.69,7.58,729.6,0.03,26.0,0.13,40.53,96.21,0.5,1.0,2.0,6.0,0.1,13.0,13.0,6.0,7.0,21.0,11.11,9.0,FALSE
54.0,15.0,5.0,12.0,27.0,28.0,8.0,0.07,14.0,2.0,3.0,0.38,54.0,1.0,0.0,105.0,0.0,108.11,36.96,147695.29,1.33,666.0,0.03,8205.29,3996.0,0.13,7.0,14.0,48.0,0.04,290.0,376.0,51.0,13.0,200.0,27.08,117.0,TRUE
27.0,15.0,4.0,10.0,13.0,28.0,8.0,0.12,14.0,2.0,6.0,0.75,39.0,1.0,0.0,56.0,5.0,34.93,44.48,69108.13,0.52,290.0,0.02,3839.34,1553.69,0.13,7.0,14.0,33.0,0.07,139.0,151.0,25.0,16.0,112.0,29.11,66.0,TRUE
5.0,5.0,0.0,9.0,1.0,8.0,3.0,0.18,4.0,2.0,1.0,0.33,12.0,1.0,0.0,8.0,0.0,27.73,19.25,10275.27,0.18,118.0,0.05,570.85,533.78,0.33,2.0,4.0,11.0,0.12,42.0,76.0,12.0,11.0,25.0,55.56,17.0,TRUE
26.0,5.0,1.0,10.0,7.0,8.0,3.0,0.06,4.0,2.0,1.0,0.33,17.0,1.0,0.0,38.0,0.0,30.09,43.27,56334.14,0.43,277.0,0.02,3129.67,1302.02,0.33,2.0,4.0,16.0,0.04,118.0,159.0,15.0,11.0,83.0,30.91,48.0,TRUE
0.0,6.0,1.0,0.0,0.0,0.0,5.0,0.26,0.0,0.0,5.0,1.0,12.0,1.0,0.0,19.0,4.0,25.77,10.18,2670.15,0.09,54.0,0.1,148.34,262.33,0.2,0.0,0.0,9.0,0.25,19.0,35.0,14.0,15.0,20.0,0.0,19.0,FALSE
6.0,3.0,4.0,8.0,5.0,4.0,2.0,0.07,2.0,2.0,2.0,1.0,24.0,1.0,0.0,20.0,0.0,38.14,38.52,56592.42,0.49,282.0,0.03,3144.02,1469.07,0.5,1.0,2.0,24.0,0.05,113.0,169.0,22.0,15.0,41.0,39.39,28.0,TRUE
12.0,23.0,2.0,13.0,11.0,40.0,12.0,0.22,18.0,2.0,2.0,0.17,47.0,3.0,0.0,41.0,0.0,60.51,22.95,31869.45,0.46,250.0,0.04,1770.53,1388.65,0.25,11.0,20.0,37.0,0.15,81.0,169.0,30.0,17.0,79.0,36.92,54.0,TRUE
3.0,5.0,1.0,1.0,0.0,8.0,3.0,0.27,4.0,2.0,2.0,0.67,8.0,1.0,0.0,10.0,0.0,22.99,4.44,454.16,0.03,25.0,0.23,25.23,102.19,0.33,2.0,4.0,7.0,0.19,10.0,15.0,9.0,8.0,16.0,9.09,11.0,TRUE
3.0,7.0,2.0,17.0,1.0,8.0,4.0,0.21,2.0,4.0,2.0,0.5,11.0,4.0,1.0,2.0,1.0,21.96,14.0,4304.47,0.1,70.0,0.07,239.14,307.46,1.0,3.0,4.0,9.0,0.16,21.0,49.0,9.0,12.0,25.0,90.0,19.0,TRUE
1.0,3.0,0.0,0.0,0.0,4.0,2.0,0.4,2.0,2.0,1.0,0.5,6.0,1.0,0.0,5.0,1.0,7.92,6.0,285.29,0.02,15.0,0.17,15.85,47.55,0.5,1.0,2.0,6.0,0.25,6.0,9.0,3.0,6.0,8.0,0.0,5.0,FALSE
2.0,1.0,3.0,0.0,6.0,0.0,1.0,0.07,0.0,0.0,1.0,1.0,10.0,1.0,0.0,14.0,0.0,41.04,6.42,1689.97,0.09,62.0,0.16,93.89,263.37,1.0,0.0,0.0,11.0,0.04,22.0,40.0,12.0,7.0,24.0,30.0,14.0,FALSE
3.0,11.0,4.0,0.0,0.0,0.0,6.0,0.46,0.0,0.0,5.0,0.83,26.0,1.0,0.0,13.0,0.0,26.14,14.06,5163.5,0.12,85.0,0.07,286.86,367.36,0.17,0.0,0.0,22.0,0.27,23.0,62.0,9.0,11.0,22.0,0.0,13.0,FALSE
2.0,1.0,0.0,3.0,0.0,0.0,1.0,0.17,0.0,0.0,1.0,1.0,1.0,1.0,0.0,3.0,0.0,17.58,6.0,632.92,0.04,27.0,0.17,35.16,105.49,1.0,0.0,0.0,2.0,0.1,8.0,19.0,6.0,9.0,10.0,50.0,6.0,TRUE
23.0,23.0,10.0,8.0,19.0,42.0,12.0,0.21,20.0,2.0,6.0,0.5,67.0,6.0,0.0,50.0,2.0,117.86,30.67,110843.58,1.2,533.0,0.03,6157.98,3614.46,0.5,11.0,21.0,57.0,0.11,232.0,301.0,87.0,23.0,105.0,35.06,58.0,TRUE
25.0,15.0,14.0,9.0,5.0,26.0,8.0,0.1,12.0,2.0,6.0,0.75,47.0,4.0,0.0,73.0,2.0,76.97,31.91,78348.5,0.82,398.0,0.03,4352.69,2455.63,0.5,7.0,13.0,41.0,0.07,178.0,220.0,53.0,19.0,115.0,16.09,82.0,TRUE
3.0,3.0,1.0,1.0,0.0,4.0,2.0,0.25,2.0,2.0,2.0,1.0,5.0,1.0,0.0,7.0,1.0,17.84,6.19,682.86,0.04,27.0,0.16,37.94,110.36,0.5,1.0,2.0,5.0,0.15,11.0,16.0,8.0,9.0,13.0,12.5,8.0,TRUE
1.0,3.0,2.0,0.0,0.0,4.0,2.0,0.25,2.0,2.0,2.0,1.0,6.0,1.0,0.0,8.0,1.0,20.45,10.23,2140.43,0.07,44.0,0.1,118.91,209.22,0.5,1.0,2.0,6.0,0.18,19.0,25.0,13.0,14.0,11.0,0.0,8.0,FALSE
8.0,3.0,4.0,0.0,16.0,4.0,2.0,0.18,2.0,2.0,2.0,1.0,9.0,1.0,0.0,11.0,0.0,25.93,6.0,933.54,0.05,36.0,0.17,51.86,155.59,0.5,1.0,2.0,9.0,0.05,12.0,24.0,10.0,10.0,37.0,59.26,11.0,FALSE
1.0,3.0,1.0,0.0,0.0,4.0,2.0,0.5,2.0,2.0,1.0,0.5,6.0,1.0,0.0,4.0,0.0,16.07,4.5,325.53,0.02,19.0,0.22,18.08,72.34,0.5,1.0,2.0,6.0,0.18,5.0,14.0,5.0,9.0,11.0,0.0,4.0,FALSE
2.0,5.0,2.0,0.0,0.0,8.0,3.0,0.5,4.0,2.0,2.0,0.67,11.0,1.0,0.0,6.0,0.0,17.34,8.25,1180.25,0.05,35.0,0.12,65.57,143.06,0.33,2.0,4.0,10.0,0.21,9.0,26.0,6.0,11.0,14.0,0.0,6.0,FALSE
4.0,5.0,0.0,2.0,2.0,8.0,3.0,0.15,4.0,2.0,1.0,0.33,10.0,1.0,0.0,18.0,0.0,20.53,12.14,3027.64,0.08,61.0,0.08,168.2,249.34,0.33,2.0,4.0,9.0,0.11,17.0,44.0,7.0,10.0,28.0,18.18,20.0,TRUE
1.0,5.0,2.0,0.0,0.0,0.0,3.0,0.5,0.0,0.0,3.0,1.0,8.0,3.0,1.0,6.0,0.0,19.38,5.06,496.63,0.03,24.0,0.2,27.59,98.1,1.0,0.0,0.0,7.0,0.3,9.0,15.0,8.0,9.0,10.0,0.0,6.0,FALSE
15.0,15.0,12.0,0.0,50.0,28.0,8.0,0.11,14.0,2.0,6.0,0.75,41.0,1.0,0.0,73.0,1.0,134.45,7.83,8234.67,0.35,182.0,0.13,457.48,1052.21,0.13,7.0,14.0,35.0,0.06,80.0,102.0,46.0,9.0,140.0,40.65,73.0,FALSE
3.0,7.0,2.0,20.0,5.0,12.0,4.0,0.18,6.0,2.0,4.0,1.0,15.0,1.0,0.0,2.0,0.0,21.59,13.59,3988.08,0.1,64.0,0.07,221.56,293.44,0.25,3.0,6.0,13.0,0.13,23.0,41.0,11.0,13.0,32.0,92.59,22.0,TRUE
33.0,29.0,7.0,9.0,20.0,52.0,15.0,0.25,24.0,2.0,8.0,0.53,67.0,3.0,0.0,51.0,0.0,34.92,44.83,70169.94,0.52,272.0,0.02,3898.33,1565.33,0.2,14.0,26.0,54.0,0.13,104.0,168.0,29.0,25.0,115.0,36.25,60.0,FALSE
8.0,5.0,0.0,2.0,9.0,8.0,3.0,0.09,4.0,2.0,1.0,0.33,11.0,1.0,0.0,32.0,5.0,17.32,73.18,92777.91,0.42,273.0,0.01,5154.33,1267.77,0.33,2.0,4.0,10.0,0.05,115.0,158.0,11.0,14.0,60.0,25.58,34.0,TRUE
2.0,9.0,3.0,0.0,0.0,0.0,5.0,0.5,0.0,0.0,4.0,0.8,21.0,1.0,0.0,10.0,0.0,19.67,13.36,3508.99,0.09,63.0,0.07,194.94,262.71,0.2,0.0,0.0,18.0,0.28,17.0,46.0,7.0,11.0,18.0,0.0,10.0,FALSE
11.0,7.0,3.0,1.0,8.0,12.0,4.0,0.17,6.0,2.0,2.0,0.5,17.0,1.0,0.0,23.0,0.0,23.89,23.0,12637.26,0.18,108.0,0.04,702.07,549.45,0.25,3.0,6.0,15.0,0.09,46.0,62.0,17.0,17.0,45.0,28.13,24.0,TRUE
9.0,7.0,3.0,1.0,5.0,12.0,4.0,0.15,6.0,2.0,4.0,1.0,16.0,1.0,0.0,26.0,0.0,23.42,21.94,11272.23,0.17,101.0,0.05,626.23,513.83,0.25,3.0,6.0,14.0,0.09,39.0,62.0,16.0,18.0,43.0,18.75,27.0,TRUE
1.0,5.0,1.0,0.0,0.0,0.0,3.0,0.5,0.0,0.0,2.0,0.67,10.0,3.0,1.0,6.0,2.0,8.38,10.0,837.62,0.03,22.0,0.1,46.53,83.76,1.0,0.0,0.0,9.0,0.33,8.0,14.0,4.0,10.0,9.0,0.0,6.0,FALSE
11.0,7.0,0.0,15.0,8.0,12.0,4.0,0.16,6.0,2.0,1.0,0.25,16.0,1.0,0.0,10.0,0.0,25.55,25.31,16365.59,0.22,136.0,0.04,909.2,646.66,0.25,3.0,6.0,14.0,0.09,47.0,89.0,13.0,14.0,46.0,69.7,25.0,TRUE
6.0,3.0,1.0,1.0,1.0,4.0,2.0,0.2,2.0,2.0,1.0,0.5,6.0,1.0,0.0,9.0,1.0,22.66,10.31,2409.37,0.08,55.0,0.1,133.85,233.64,0.5,1.0,2.0,6.0,0.11,15.0,40.0,8.0,11.0,19.0,18.18,10.0,TRUE
6.0,3.0,1.0,16.0,3.0,4.0,2.0,0.09,2.0,2.0,2.0,1.0,7.0,1.0,0.0,7.0,0.0,102.56,11.0,12409.79,0.38,202.0,0.09,689.43,1128.16,0.5,1.0,2.0,7.0,0.06,74.0,128.0,37.0,11.0,34.0,73.08,23.0,TRUE
10.0,1.0,9.0,0.0,22.0,0.0,1.0,0.06,0.0,0.0,1.0,1.0,17.0,1.0,0.0,18.0,0.0,71.72,5.25,1976.72,0.13,76.0,0.19,109.82,376.52,1.0,0.0,0.0,18.0,0.02,36.0,40.0,24.0,7.0,52.0,55.0,18.0,FALSE
4.0,1.0,3.0,0.0,9.0,0.0,1.0,0.2,0.0,0.0,1.0,1.0,4.0,1.0,0.0,5.0,0.0,18.91,5.5,572.0,0.03,26.0,0.18,31.78,104.0,1.0,0.0,0.0,5.0,0.05,11.0,15.0,8.0,8.0,20.0,64.29,5.0,FALSE
0.0,1.0,1.0,1.0,0.0,0.0,1.0,0.33,0.0,0.0,1.0,1.0,2.0,1.0,0.0,2.0,0.0,9.05,2.0,36.19,0.01,7.0,0.5,2.0,18.09,1.0,0.0,0.0,3.0,0.17,2.0,5.0,2.0,4.0,6.0,33.33,3.0,FALSE
7.0,13.0,5.0,9.0,9.0,24.0,7.0,0.22,12.0,2.0,6.0,0.86,30.0,1.0,0.0,23.0,0.0,33.28,16.03,8555.65,0.18,111.0,0.06,475.31,533.62,0.14,6.0,12.0,25.0,0.14,37.0,74.0,15.0,13.0,50.0,43.9,32.0,TRUE
3.0,3.0,1.0,0.0,1.0,4.0,2.0,0.17,2.0,2.0,1.0,0.5,8.0,1.0,0.0,12.0,0.0,15.49,22.5,7840.29,0.12,76.0,0.04,435.57,348.46,0.5,1.0,2.0,8.0,0.11,27.0,49.0,9.0,15.0,18.0,7.69,12.0,FALSE
3.0,3.0,2.0,0.0,0.0,4.0,2.0,0.25,2.0,2.0,2.0,1.0,7.0,1.0,0.0,8.0,0.0,18.89,5.63,597.79,0.04,26.0,0.18,33.21,106.27,0.5,1.0,2.0,7.0,0.15,10.0,16.0,8.0,9.0,13.0,0.0,8.0,FALSE
2.0,1.0,0.0,0.0,2.0,0.0,1.0,0.02,0.0,0.0,1.0,1.0,1.0,1.0,0.0,54.0,0.0,215.91,13.45,39084.89,0.97,486.0,0.07,2171.38,2904.96,1.0,0.0,0.0,2.0,0.02,185.0,301.0,55.0,8.0,60.0,3.57,54.0,FALSE
1.0,3.0,1.0,0.0,0.0,0.0,2.0,0.5,0.0,0.0,1.0,0.5,6.0,1.0,0.0,4.0,0.0,15.63,5.0,390.69,0.03,20.0,0.2,21.7,78.14,0.5,0.0,0.0,6.0,0.18,5.0,15.0,5.0,10.0,11.0,0.0,4.0,FALSE
9.0,1.0,4.0,0.0,3.0,0.0,1.0,0.13,0.0,0.0,1.0,1.0,5.0,1.0,0.0,8.0,1.0,21.89,4.0,350.28,0.03,23.0,0.25,19.46,87.57,1.0,0.0,0.0,6.0,0.05,8.0,15.0,7.0,7.0,22.0,27.27,8.0,FALSE
2.0,1.0,0.0,1.0,0.0,0.0,1.0,0.25,0.0,0.0,1.0,1.0,1.0,1.0,0.0,3.0,0.0,11.58,2.67,82.35,0.01,11.0,0.38,4.57,30.88,1.0,0.0,0.0,2.0,0.11,4.0,7.0,3.0,4.0,9.0,25.0,4.0,TRUE
31.0,7.0,4.0,8.0,23.0,10.0,4.0,0.14,4.0,2.0,3.0,0.75,16.0,3.0,0.0,21.0,2.0,30.02,21.27,13585.43,0.21,120.0,0.05,754.75,638.63,0.75,3.0,5.0,14.0,0.05,52.0,68.0,22.0,18.0,84.0,59.62,29.0,FALSE
4.0,1.0,1.0,1.0,2.0,0.0,1.0,0.33,0.0,0.0,1.0,1.0,2.0,1.0,0.0,2.0,1.0,11.62,3.0,104.61,0.01,11.0,0.33,5.81,34.87,1.0,0.0,0.0,3.0,0.09,3.0,8.0,3.0,6.0,11.0,60.0,3.0,TRUE
3.0,5.0,1.0,4.0,0.0,8.0,3.0,0.27,4.0,2.0,2.0,0.67,9.0,1.0,0.0,7.0,1.0,20.85,5.0,521.24,0.03,25.0,0.2,28.96,104.25,0.33,2.0,4.0,8.0,0.19,10.0,15.0,9.0,9.0,16.0,36.36,11.0,TRUE
9.0,17.0,1.0,11.0,2.0,22.0,9.0,0.2,6.0,3.0,2.0,0.22,29.0,7.0,0.0,33.0,0.0,21.71,36.56,29017.62,0.26,156.0,0.03,1612.09,793.64,0.78,8.0,11.0,22.0,0.16,65.0,91.0,16.0,18.0,57.0,28.26,44.0,TRUE
10.0,3.0,5.0,0.0,4.0,4.0,2.0,0.12,2.0,2.0,2.0,1.0,10.0,1.0,0.0,17.0,1.0,45.17,6.32,1801.85,0.1,60.0,0.16,100.1,285.29,0.5,1.0,2.0,10.0,0.06,30.0,30.0,19.0,8.0,33.0,19.05,17.0,FALSE
31.0,23.0,15.0,11.0,17.0,42.0,12.0,0.14,20.0,2.0,10.0,0.83,61.0,4.0,0.0,74.0,0.0,71.39,24.46,42701.09,0.58,291.0,0.04,2372.28,1746.0,0.33,11.0,21.0,51.0,0.09,125.0,166.0,46.0,18.0,135.0,27.45,85.0,TRUE
3.0,1.0,1.0,0.0,0.0,0.0,1.0,0.33,0.0,0.0,1.0,1.0,2.0,1.0,0.0,3.0,0.0,9.05,2.0,36.19,0.01,7.0,0.5,2.0,18.09,1.0,0.0,0.0,3.0,0.13,2.0,5.0,2.0,4.0,8.0,0.0,3.0,FALSE
8.0,5.0,2.0,3.0,5.0,8.0,3.0,0.07,4.0,2.0,2.0,0.67,14.0,1.0,0.0,40.0,0.0,29.0,28.53,23605.34,0.28,174.0,0.04,1311.41,827.35,0.33,2.0,4.0,13.0,0.05,83.0,91.0,16.0,11.0,59.0,16.67,43.0,TRUE
0.0,3.0,1.0,0.0,0.0,0.0,2.0,0.29,0.0,0.0,1.0,0.5,6.0,1.0,0.0,7.0,0.0,16.92,4.5,342.66,0.03,20.0,0.22,19.04,76.15,0.5,0.0,0.0,6.0,0.22,5.0,15.0,5.0,9.0,9.0,0.0,7.0,FALSE
0.0,3.0,1.0,0.0,0.0,4.0,2.0,0.22,2.0,2.0,2.0,1.0,7.0,1.0,0.0,9.0,0.0,11.16,10.5,1230.67,0.04,30.0,0.1,68.37,117.21,0.5,1.0,2.0,7.0,0.18,14.0,16.0,6.0,9.0,11.0,0.0,9.0,FALSE
0.0,1.0,0.0,0.0,0.0,0.0,1.0,1.0,0.0,0.0,1.0,1.0,1.0,1.0,0.0,0.0,0.0,0.0,0.0,0.0,0.0,2.0,0.0,0.0,2.0,1.0,0.0,0.0,2.0,1.0,0.0,2.0,0.0,2.0,1.0,0.0,0.0,FALSE
12.0,5.0,3.0,2.0,13.0,8.0,3.0,0.06,4.0,2.0,3.0,1.0,13.0,1.0,0.0,51.0,4.0,104.59,33.49,117276.02,1.17,545.0,0.03,6515.33,3502.31,0.33,2.0,4.0,12.0,0.04,253.0,292.0,68.0,18.0,83.0,22.73,53.0,TRUE
14.0,5.0,0.0,10.0,5.0,8.0,3.0,0.12,4.0,2.0,1.0,0.33,13.0,1.0,0.0,16.0,0.0,34.59,16.0,8854.91,0.18,126.0,0.06,491.94,553.43,0.33,2.0,4.0,12.0,0.06,52.0,74.0,13.0,8.0,47.0,48.39,26.0,TRUE
0.0,1.0,0.0,0.0,0.0,0.0,1.0,0.5,0.0,0.0,1.0,1.0,1.0,1.0,0.0,2.0,0.0,14.8,4.0,236.83,0.02,16.0,0.25,13.16,59.21,1.0,0.0,0.0,2.0,0.25,5.0,11.0,5.0,8.0,4.0,0.0,2.0,FALSE
20.0,9.0,1.0,9.0,14.0,14.0,5.0,0.11,6.0,2.0,1.0,0.2,18.0,3.0,0.0,36.0,1.0,36.38,29.0,30595.0,0.35,211.0,0.03,1699.72,1055.0,0.6,4.0,7.0,15.0,0.06,58.0,153.0,16.0,16.0,81.0,38.98,45.0,TRUE
16.0,15.0,6.0,4.0,9.0,24.0,8.0,0.18,10.0,2.0,4.0,0.5,35.0,1.0,0.0,41.0,1.0,25.3,43.81,48552.55,0.37,203.0,0.02,2697.36,1108.26,0.13,7.0,12.0,29.0,0.11,80.0,123.0,21.0,23.0,72.0,24.07,45.0,TRUE
8.0,143.0,14.0,3.0,0.0,0.0,73.0,0.51,0.0,0.0,60.0,0.82,357.0,15.0,0.0,139.0,0.0,104.26,72.74,551711.63,2.53,1052.0,0.01,30650.65,7584.34,0.21,0.0,0.0,286.0,0.48,507.0,545.0,115.0,33.0,151.0,2.11,142.0,FALSE
4.0,9.0,2.0,14.0,3.0,16.0,5.0,0.15,8.0,2.0,4.0,0.8,19.0,1.0,0.0,20.0,0.0,15.65,31.06,15095.42,0.16,109.0,0.03,838.63,486.08,0.2,4.0,8.0,16.0,0.12,43.0,66.0,9.0,13.0,43.0,45.95,34.0,TRUE
1.0,11.0,2.0,0.0,0.0,0.0,6.0,0.33,0.0,0.0,2.0,0.33,21.0,6.0,1.0,18.0,4.0,19.44,20.64,8283.77,0.13,81.0,0.05,460.21,401.29,1.0,0.0,0.0,17.0,0.3,34.0,47.0,14.0,17.0,20.0,0.0,18.0,FALSE
19.0,15.0,1.0,6.0,11.0,22.0,8.0,0.12,8.0,2.0,5.0,0.63,31.0,8.0,1.0,60.0,1.0,41.36,32.0,42352.03,0.44,256.0,0.03,2352.89,1323.5,1.0,7.0,11.0,25.0,0.08,80.0,176.0,20.0,16.0,98.0,22.08,66.0,TRUE
16.0,3.0,14.0,12.0,12.0,4.0,2.0,0.1,2.0,2.0,2.0,1.0,19.0,1.0,0.0,9.0,0.0,57.37,6.72,2590.56,0.13,74.0,0.15,143.92,385.5,0.5,1.0,2.0,19.0,0.04,28.0,46.0,25.0,12.0,51.0,72.73,21.0,TRUE
8.0,3.0,0.0,0.0,3.0,4.0,2.0,0.11,2.0,2.0,1.0,0.5,7.0,1.0,0.0,19.0,0.0,59.53,8.08,3883.41,0.16,93.0,0.12,215.74,480.8,0.5,1.0,2.0,7.0,0.06,42.0,51.0,26.0,10.0,32.0,13.64,19.0,TRUE
20.0,5.0,11.0,4.0,10.0,8.0,3.0,0.14,4.0,2.0,2.0,0.67,20.0,1.0,0.0,18.0,0.0,39.64,11.0,4795.88,0.15,85.0,0.09,266.44,435.99,0.33,2.0,4.0,19.0,0.06,33.0,52.0,21.0,14.0,54.0,43.75,22.0,TRUE
21.0,15.0,3.0,14.0,14.0,28.0,8.0,0.17,14.0,2.0,4.0,0.5,36.0,1.0,0.0,33.0,0.0,67.61,22.34,33751.49,0.5,265.0,0.04,1875.08,1510.62,0.13,7.0,14.0,30.0,0.1,92.0,173.0,35.0,17.0,84.0,45.9,47.0,TRUE
7.0,7.0,4.0,0.0,3.0,4.0,5.0,0.14,2.0,2.0,5.0,1.0,16.0,1.0,0.0,36.0,1.0,30.33,17.78,9587.04,0.18,106.0,0.06,532.61,539.27,0.2,1.0,2.0,13.0,0.1,40.0,66.0,18.0,16.0,48.0,7.69,36.0,FALSE
9.0,15.0,1.0,15.0,3.0,28.0,8.0,0.14,14.0,2.0,1.0,0.13,33.0,1.0,0.0,41.0,1.0,28.48,37.78,40642.28,0.36,205.0,0.03,2257.9,1075.83,0.13,7.0,14.0,27.0,0.11,68.0,137.0,18.0,20.0,70.0,30.51,56.0,TRUE
2.0,1.0,0.0,0.0,0.0,0.0,1.0,0.33,0.0,0.0,1.0,1.0,1.0,1.0,0.0,3.0,0.0,8.98,2.5,56.15,0.01,8.0,0.4,3.12,22.46,1.0,0.0,0.0,2.0,0.14,2.0,6.0,2.0,5.0,7.0,0.0,3.0,FALSE
2.0,3.0,2.0,0.0,0.0,4.0,2.0,0.14,2.0,2.0,2.0,1.0,8.0,1.0,0.0,14.0,0.0,17.84,13.33,3171.79,0.08,56.0,0.08,176.21,237.88,0.5,1.0,2.0,8.0,0.11,24.0,32.0,9.0,10.0,18.0,0.0,14.0,FALSE
0.0,9.0,1.0,0.0,0.0,0.0,5.0,1.0,0.0,0.0,4.0,0.8,18.0,4.0,0.0,0.0,1.0,0.0,0.0,0.0,0.0,0.0,0.0,0.0,0.0,0.8,0.0,0.0,15.0,0.45,0.0,0.0,0.0,0.0,11.0,0.0,0.0,FALSE
4.0,25.0,7.0,1.0,0.0,0.0,13.0,0.45,0.0,0.0,12.0,0.92,61.0,1.0,0.0,28.0,0.0,42.71,21.6,19924.88,0.31,194.0,0.05,1106.94,922.45,0.08,0.0,0.0,50.0,0.33,54.0,140.0,15.0,12.0,39.0,3.45,29.0,FALSE
1.0,3.0,0.0,1.0,0.0,0.0,2.0,0.17,0.0,0.0,1.0,0.5,6.0,1.0,0.0,11.0,1.0,10.7,9.0,867.02,0.03,29.0,0.11,48.17,96.34,0.5,0.0,0.0,6.0,0.14,12.0,17.0,4.0,6.0,14.0,8.33,12.0,FALSE
19.0,39.0,5.0,6.0,21.0,76.0,20.0,0.2,38.0,2.0,2.0,0.1,93.0,1.0,0.0,96.0,1.0,29.39,91.11,243939.5,0.89,472.0,0.01,13552.19,2677.38,0.05,19.0,38.0,75.0,0.14,205.0,267.0,27.0,24.0,144.0,21.95,102.0,TRUE
8.0,15.0,3.0,2.0,2.0,26.0,8.0,0.4,10.0,2.0,4.0,0.5,26.0,5.0,0.0,18.0,1.0,18.74,26.0,12669.33,0.16,95.0,0.04,703.85,487.28,0.63,8.0,13.0,20.0,0.2,39.0,56.0,15.0,20.0,41.0,18.18,20.0,FALSE
2.0,3.0,1.0,0.0,0.0,0.0,2.0,0.22,0.0,0.0,2.0,1.0,7.0,1.0,0.0,9.0,3.0,16.35,6.75,744.94,0.04,27.0,0.15,41.39,110.36,0.5,0.0,0.0,7.0,0.17,12.0,15.0,8.0,9.0,12.0,0.0,9.0,FALSE
15.0,13.0,2.0,40.0,9.0,22.0,7.0,0.1,10.0,2.0,4.0,0.57,30.0,5.0,0.0,27.0,0.0,35.15,40.38,57328.2,0.47,257.0,0.02,3184.9,1419.56,0.71,6.0,11.0,25.0,0.08,105.0,152.0,26.0,20.0,93.0,64.47,67.0,TRUE
9.0,3.0,3.0,10.0,5.0,4.0,2.0,0.07,2.0,2.0,2.0,1.0,9.0,1.0,0.0,20.0,0.0,30.43,17.19,8989.71,0.17,110.0,0.06,499.43,523.03,0.5,1.0,2.0,9.0,0.04,50.0,60.0,16.0,11.0,46.0,42.86,30.0,TRUE
6.0,9.0,3.0,2.0,6.0,16.0,5.0,0.19,8.0,2.0,3.0,0.6,21.0,1.0,0.0,25.0,0.0,28.01,16.89,7990.71,0.16,93.0,0.06,443.93,473.13,0.2,4.0,8.0,18.0,0.12,38.0,55.0,18.0,16.0,41.0,24.24,27.0,TRUE
3.0,9.0,0.0,2.0,0.0,10.0,5.0,0.5,2.0,5.0,1.0,0.2,11.0,5.0,1.0,8.0,0.0,18.06,8.94,1442.7,0.05,38.0,0.11,80.15,161.42,1.0,4.0,5.0,8.0,0.33,13.0,25.0,8.0,11.0,15.0,20.0,10.0,TRUE
3.0,1.0,1.0,1.0,2.0,0.0,1.0,0.25,0.0,0.0,1.0,1.0,2.0,1.0,0.0,3.0,0.0,15.36,3.5,188.21,0.02,15.0,0.29,10.46,53.77,1.0,0.0,0.0,3.0,0.09,5.0,10.0,5.0,7.0,11.0,50.0,4.0,TRUE
3.0,5.0,0.0,2.0,5.0,8.0,3.0,0.38,4.0,2.0,1.0,0.33,10.0,1.0,0.0,6.0,3.0,11.15,13.0,1884.3,0.05,33.0,0.08,104.68,144.95,0.33,2.0,4.0,9.0,0.15,13.0,20.0,7.0,14.0,20.0,53.85,8.0,TRUE
0.0,5.0,1.0,0.0,0.0,8.0,3.0,0.18,4.0,2.0,1.0,0.33,9.0,1.0,0.0,17.0,3.0,17.05,11.25,2157.94,0.06,46.0,0.09,119.89,191.82,0.33,2.0,4.0,8.0,0.14,18.0,28.0,8.0,10.0,21.0,0.0,17.0,TRUE
11.0,9.0,3.0,6.0,11.0,16.0,5.0,0.11,8.0,2.0,4.0,0.8,23.0,1.0,0.0,40.0,1.0,32.18,22.75,16658.75,0.24,154.0,0.04,925.49,732.25,0.2,4.0,8.0,20.0,0.07,49.0,105.0,14.0,13.0,70.0,29.82,46.0,TRUE
2.0,5.0,2.0,0.0,0.0,4.0,3.0,0.33,2.0,2.0,2.0,0.67,10.0,1.0,0.0,9.0,0.0,12.8,5.6,401.52,0.02,20.0,0.18,22.31,71.7,0.33,1.0,2.0,9.0,0.23,8.0,12.0,5.0,7.0,13.0,0.0,9.0,FALSE
7.0,5.0,1.0,1.0,3.0,8.0,3.0,0.13,4.0,2.0,3.0,1.0,12.0,1.0,0.0,22.0,2.0,22.3,13.8,4246.27,0.1,69.0,0.07,235.9,307.7,0.33,2.0,4.0,11.0,0.08,23.0,46.0,10.0,12.0,37.0,15.38,23.0,TRUE
17.0,9.0,8.0,6.0,11.0,16.0,5.0,0.18,8.0,2.0,5.0,1.0,22.0,1.0,0.0,22.0,0.0,41.03,12.75,6670.63,0.17,102.0,0.08,370.59,523.19,0.2,4.0,8.0,19.0,0.09,34.0,68.0,20.0,15.0,58.0,43.59,28.0,TRUE
50.0,9.0,1.0,37.0,18.0,16.0,5.0,0.03,8.0,2.0,1.0,0.2,27.0,1.0,0.0,155.0,0.0,132.94,61.45,501990.12,2.72,1235.0,0.02,27888.34,8169.17,0.2,4.0,8.0,24.0,0.02,511.0,724.0,79.0,19.0,262.0,26.19,192.0,TRUE
11.0,7.0,1.0,3.0,6.0,10.0,4.0,0.18,4.0,2.0,2.0,0.5,12.0,3.0,0.0,19.0,0.0,16.85,18.91,6024.01,0.11,67.0,0.05,334.67,318.58,0.75,3.0,5.0,10.0,0.1,26.0,41.0,11.0,16.0,42.0,32.14,22.0,TRUE
4.0,1.0,1.0,1.0,1.0,0.0,1.0,0.17,0.0,0.0,1.0,1.0,2.0,1.0,0.0,5.0,1.0,13.88,5.6,435.17,0.03,21.0,0.18,24.18,77.71,1.0,0.0,0.0,3.0,0.08,7.0,14.0,5.0,8.0,13.0,28.57,6.0,TRUE
0.0,5.0,1.0,0.0,0.0,0.0,3.0,0.6,0.0,0.0,2.0,0.67,11.0,1.0,0.0,5.0,1.0,4.61,13.5,840.64,0.02,18.0,0.07,46.7,62.27,0.33,0.0,0.0,10.0,0.5,6.0,12.0,2.0,9.0,6.0,0.0,5.0,FALSE
15.0,5.0,5.0,4.0,6.0,8.0,3.0,0.12,4.0,2.0,3.0,1.0,17.0,1.0,0.0,21.0,3.0,50.5,9.52,4580.38,0.16,99.0,0.11,254.47,480.94,0.33,2.0,4.0,16.0,0.06,50.0,49.0,21.0,8.0,50.0,32.25,25.0,FALSE
1.0,1.0,0.0,0.0,0.0,0.0,1.0,0.5,0.0,0.0,1.0,1.0,1.0,1.0,0.0,2.0,1.0,5.33,1.5,12.0,0.0,4.0,0.67,0.67,8.0,1.0,0.0,0.0,2.0,0.2,1.0,3.0,1.0,3.0,5.0,0.0,2.0,FALSE
4.0,11.0,2.0,12.0,0.0,20.0,6.0,0.18,10.0,2.0,2.0,0.33,27.0,3.0,0.0,22.0,3.0,18.18,29.14,15444.09,0.18,108.0,0.03,858.0,529.94,0.5,5.0,10.0,23.0,0.14,51.0,57.0,14.0,16.0,42.0,35.29,34.0,TRUE
31.0,25.0,3.0,19.0,29.0,38.0,13.0,0.22,14.0,2.0,3.0,0.23,45.0,9.0,0.0,39.0,0.0,36.37,41.48,62590.96,0.5,266.0,0.02,3477.28,1508.87,0.69,12.0,19.0,34.0,0.11,101.0,165.0,28.0,23.0,120.0,55.17,58.0,TRUE
27.0,37.0,9.0,68.0,28.0,70.0,19.0,0.12,34.0,2.0,5.0,0.26,114.0,3.0,0.0,92.0,0.0,85.05,84.51,607387.78,2.4,1094.0,0.01,33743.77,7187.42,0.16,18.0,35.0,97.0,0.09,500.0,594.0,71.0,24.0,217.0,51.06,160.0,TRUE
1.0,107.0,7.0,0.0,0.0,0.0,54.0,0.72,0.0,0.0,24.0,0.44,219.0,25.0,0.0,75.0,3.0,46.04,88.2,358147.97,1.35,656.0,0.01,19897.11,4060.52,0.46,0.0,0.0,167.0,0.7,239.0,417.0,42.0,31.0,77.0,0.0,75.0,FALSE
29.0,7.0,1.0,10.0,30.0,12.0,4.0,0.1,6.0,2.0,4.0,1.0,42.0,1.0,0.0,31.0,0.0,90.42,23.23,48777.92,0.7,392.0,0.04,2709.88,2100.16,0.25,3.0,6.0,40.0,0.04,144.0,248.0,31.0,10.0,102.0,56.34,41.0,TRUE
0.0,72.0,10.0,0.0,0.0,0.0,53.0,1.0,0.0,0.0,43.0,0.81,249.0,1.0,0.0,0.0,3.0,0.0,0.0,0.0,0.0,0.0,0.0,0.0,0.0,0.02,0.0,0.0,198.0,0.3,0.0,0.0,0.0,0.0,174.0,0.0,0.0,FALSE
1.0,19.0,3.0,0.0,0.0,0.0,10.0,0.77,0.0,0.0,5.0,0.5,35.0,6.0,0.0,13.0,3.0,19.75,20.46,8269.85,0.13,85.0,0.05,459.44,404.17,0.6,0.0,0.0,27.0,0.67,38.0,47.0,13.0,14.0,15.0,0.0,13.0,FALSE
7.0,3.0,0.0,1.0,0.0,4.0,2.0,0.13,2.0,2.0,1.0,0.5,6.0,1.0,0.0,14.0,6.0,20.48,14.77,4470.34,0.1,66.0,0.07,248.35,302.61,0.5,1.0,2.0,6.0,0.07,25.0,41.0,11.0,13.0,30.0,6.67,15.0,TRUE
0.0,9.0,0.0,0.0,0.0,0.0,8.0,1.0,0.0,0.0,1.0,0.13,17.0,1.0,0.0,0.0,1.0,0.0,0.0,0.0,0.0,0.0,0.0,0.0,0.0,0.13,0.0,0.0,11.0,0.13,0.0,0.0,0.0,0.0,63.0,0.0,0.0,FALSE
2.0,5.0,1.0,14.0,4.0,8.0,3.0,0.17,4.0,2.0,1.0,0.33,11.0,1.0,0.0,4.0,0.0,12.12,13.2,2112.0,0.05,40.0,0.08,117.33,160.0,0.33,2.0,4.0,10.0,0.12,12.0,28.0,5.0,11.0,26.0,81.82,18.0,TRUE
4.0,3.0,1.0,1.0,0.0,4.0,2.0,0.2,2.0,2.0,1.0,0.5,6.0,1.0,0.0,9.0,0.0,15.16,15.0,3411.47,0.08,51.0,0.07,189.53,227.43,0.5,1.0,2.0,6.0,0.13,14.0,37.0,7.0,15.0,16.0,10.0,10.0,TRUE
1.0,5.0,2.0,0.0,0.0,0.0,3.0,0.3,0.0,0.0,2.0,0.67,10.0,3.0,1.0,10.0,2.0,14.55,10.11,1487.96,0.05,33.0,0.1,82.66,147.16,1.0,0.0,0.0,9.0,0.25,14.0,19.0,9.0,13.0,12.0,0.0,10.0,FALSE
0.0,13.0,3.0,0.0,0.0,0.0,7.0,1.0,0.0,0.0,4.0,0.57,29.0,1.0,0.0,0.0,0.0,0.0,0.0,0.0,0.0,0.0,0.0,0.0,0.0,0.14,0.0,0.0,24.0,0.54,0.0,0.0,0.0,0.0,13.0,0.0,0.0,FALSE
14.0,6.0,4.0,2.0,4.0,4.0,4.0,0.13,2.0,2.0,4.0,1.0,15.0,1.0,0.0,29.0,1.0,29.51,15.0,6639.14,0.15,87.0,0.07,368.84,442.61,0.25,1.0,2.0,13.0,0.08,30.0,57.0,17.0,17.0,51.0,17.14,31.0,TRUE
3.0,15.0,8.0,0.0,0.0,0.0,8.0,0.4,0.0,0.0,6.0,0.75,36.0,5.0,0.0,20.0,0.0,44.13,16.55,12089.65,0.24,133.0,0.06,671.65,730.42,0.63,0.0,0.0,30.0,0.15,60.0,73.0,29.0,16.0,55.0,0.0,20.0,FALSE
0.0,3.0,0.0,0.0,0.0,0.0,2.0,1.0,0.0,0.0,1.0,0.5,6.0,1.0,0.0,0.0,1.0,0.0,0.0,0.0,0.0,0.0,0.0,0.0,0.0,0.5,0.0,0.0,6.0,0.2,0.0,0.0,0.0,0.0,10.0,0.0,0.0,FALSE
8.0,3.0,0.0,0.0,0.0,4.0,2.0,0.13,2.0,2.0,1.0,0.5,7.0,1.0,0.0,15.0,0.0,12.49,28.7,10288.84,0.12,100.0,0.03,571.6,358.5,0.5,1.0,2.0,7.0,0.08,41.0,59.0,5.0,7.0,25.0,0.0,15.0,FALSE
12.0,9.0,5.0,15.0,13.0,16.0,5.0,0.11,8.0,2.0,3.0,0.6,26.0,1.0,0.0,30.0,0.0,34.26,27.0,24973.53,0.31,175.0,0.04,1387.42,924.95,0.2,4.0,8.0,23.0,0.07,63.0,112.0,21.0,18.0,72.0,48.28,45.0,TRUE
14.0,5.0,1.0,2.0,2.0,8.0,3.0,0.02,4.0,2.0,2.0,0.67,11.0,1.0,0.0,196.0,0.0,201.95,50.69,518878.57,3.41,1472.0,0.02,28826.59,10236.58,0.33,2.0,4.0,10.0,0.01,597.0,875.0,106.0,18.0,216.0,2.0,198.0,TRUE
15.0,11.0,4.0,0.0,0.0,20.0,6.0,0.33,10.0,2.0,5.0,0.83,28.0,1.0,0.0,18.0,0.0,26.43,17.45,8053.59,0.15,102.0,0.06,447.42,461.4,0.17,5.0,10.0,24.0,0.15,32.0,70.0,11.0,12.0,39.0,0.0,18.0,FALSE
18.0,9.0,1.0,2.0,7.0,16.0,5.0,0.1,8.0,2.0,1.0,0.2,18.0,1.0,0.0,49.0,1.0,30.75,35.76,39329.66,0.37,218.0,0.03,2184.98,1099.68,0.2,4.0,8.0,15.0,0.06,76.0,142.0,17.0,16.0,78.0,15.52,51.0,TRUE
6.0,3.0,1.0,1.0,1.0,4.0,2.0,0.17,2.0,2.0,1.0,0.5,6.0,1.0,0.0,11.0,1.0,22.46,10.39,2424.6,0.08,54.0,0.1,134.7,233.38,0.5,1.0,2.0,6.0,0.1,17.0,37.0,9.0,11.0,21.0,15.38,12.0,TRUE
1.0,1.0,0.0,6.0,1.0,0.0,1.0,0.13,0.0,0.0,1.0,1.0,1.0,1.0,0.0,2.0,0.0,25.9,5.14,685.11,0.04,36.0,0.19,38.06,133.22,1.0,0.0,0.0,2.0,0.08,12.0,24.0,7.0,6.0,12.0,77.78,8.0,FALSE
12.0,13.0,9.0,8.0,10.0,24.0,7.0,0.19,12.0,2.0,6.0,0.86,31.0,1.0,0.0,28.0,0.0,60.82,9.92,5988.69,0.2,115.0,0.1,332.71,603.51,0.14,6.0,12.0,26.0,0.12,43.0,72.0,26.0,12.0,60.0,39.13,36.0,TRUE
1.0,3.0,0.0,0.0,0.0,0.0,2.0,0.4,0.0,0.0,1.0,0.5,5.0,1.0,0.0,5.0,1.0,6.77,9.0,548.5,0.02,17.0,0.11,30.47,60.94,0.5,0.0,0.0,5.0,0.25,6.0,11.0,3.0,9.0,8.0,0.0,5.0,FALSE
1.0,1.0,0.0,1.0,2.0,0.0,1.0,0.33,0.0,0.0,1.0,1.0,1.0,1.0,0.0,2.0,1.0,9.0,3.0,81.0,0.01,9.0,0.33,4.5,27.0,1.0,0.0,0.0,2.0,0.13,2.0,7.0,2.0,6.0,8.0,60.0,3.0,TRUE
8.0,1.0,4.0,1.0,4.0,0.0,1.0,0.17,0.0,0.0,1.0,1.0,5.0,1.0,0.0,5.0,0.0,22.5,2.0,90.0,0.02,15.0,0.5,5.0,45.0,1.0,0.0,0.0,6.0,0.05,4.0,11.0,4.0,4.0,20.0,50.0,6.0,TRUE
3.0,5.0,0.0,1.0,0.0,8.0,3.0,0.25,4.0,2.0,1.0,0.33,9.0,1.0,0.0,11.0,5.0,14.12,11.0,1708.56,0.05,38.0,0.09,94.92,155.32,0.33,2.0,4.0,8.0,0.14,12.0,26.0,6.0,11.0,22.0,8.33,12.0,TRUE
6.0,3.0,2.0,3.0,2.0,4.0,2.0,0.15,2.0,2.0,2.0,1.0,9.0,1.0,0.0,10.0,0.0,16.6,14.06,3280.34,0.08,54.0,0.07,182.24,233.38,0.5,1.0,2.0,9.0,0.09,23.0,31.0,9.0,11.0,23.0,33.33,13.0,TRUE
4.0,7.0,2.0,3.0,2.0,12.0,4.0,0.15,6.0,2.0,2.0,0.5,15.0,1.0,0.0,23.0,0.0,12.12,25.67,7986.92,0.1,72.0,0.04,443.72,311.18,0.25,3.0,6.0,13.0,0.12,22.0,50.0,6.0,14.0,34.0,17.86,26.0,TRUE
38.0,7.0,15.0,19.0,34.0,12.0,4.0,0.09,6.0,2.0,2.0,0.5,29.0,1.0,0.0,24.0,0.0,79.68,11.59,10705.07,0.31,157.0,0.09,594.73,923.57,0.25,3.0,6.0,27.0,0.03,68.0,89.0,44.0,15.0,117.0,68.83,43.0,TRUE
1.0,1.0,0.0,1.0,0.0,0.0,1.0,0.33,0.0,0.0,1.0,1.0,1.0,1.0,0.0,2.0,1.0,9.05,2.0,36.19,0.01,7.0,0.5,2.0,18.09,1.0,0.0,0.0,2.0,0.17,2.0,5.0,2.0,4.0,6.0,33.33,3.0,FALSE
7.0,9.0,1.0,6.0,2.0,14.0,5.0,0.15,6.0,2.0,3.0,0.6,18.0,4.0,0.0,28.0,2.0,27.03,17.77,8533.56,0.16,101.0,0.06,474.09,480.24,0.8,4.0,7.0,15.0,0.11,33.0,68.0,13.0,14.0,46.0,22.22,34.0,TRUE
3.0,1.0,0.0,1.0,0.0,0.0,1.0,0.25,0.0,0.0,1.0,1.0,1.0,1.0,0.0,3.0,0.0,16.5,2.0,66.0,0.01,11.0,0.5,3.67,33.0,1.0,0.0,0.0,2.0,0.1,4.0,7.0,4.0,4.0,10.0,25.0,4.0,TRUE
8.0,5.0,3.0,2.0,6.0,8.0,3.0,0.14,4.0,2.0,3.0,1.0,13.0,1.0,0.0,20.0,1.0,30.43,15.17,6999.51,0.15,96.0,0.07,388.86,461.51,0.33,2.0,4.0,12.0,0.08,35.0,61.0,15.0,13.0,38.0,28.57,22.0,TRUE
21.0,16.0,4.0,1.0,0.0,0.0,15.0,0.17,0.0,0.0,15.0,1.0,55.0,1.0,0.0,89.0,0.0,47.97,41.21,81451.08,0.66,336.0,0.02,4525.06,1976.57,0.07,0.0,0.0,42.0,0.13,129.0,207.0,36.0,23.0,113.0,1.11,90.0,FALSE
7.0,11.0,1.0,17.0,7.0,18.0,6.0,0.26,8.0,2.0,2.0,0.33,19.0,1.0,0.0,6.0,1.0,25.52,13.0,4312.2,0.11,69.0,0.08,239.57,331.71,0.17,5.0,9.0,15.0,0.15,26.0,43.0,14.0,14.0,39.0,80.0,23.0,TRUE
9.0,3.0,0.0,1.0,7.0,6.0,2.0,0.4,2.0,3.0,1.0,0.5,5.0,1.0,0.0,4.0,0.0,11.72,8.0,750.12,0.03,24.0,0.13,41.67,93.77,0.5,2.0,3.0,5.0,0.09,8.0,16.0,5.0,10.0,23.0,66.67,5.0,FALSE
6.0,5.0,1.0,1.0,5.0,8.0,3.0,0.19,4.0,2.0,2.0,0.67,10.0,1.0,0.0,15.0,1.0,16.6,11.38,2148.39,0.06,43.0,0.09,119.36,188.87,0.33,2.0,4.0,9.0,0.1,14.0,29.0,8.0,13.0,29.0,28.57,16.0,TRUE
1.0,1.0,2.0,0.0,0.0,0.0,1.0,0.17,0.0,0.0,1.0,1.0,4.0,1.0,0.0,6.0,0.0,19.41,7.22,1012.42,0.05,33.0,0.14,56.25,140.18,1.0,0.0,0.0,5.0,0.11,13.0,20.0,9.0,10.0,9.0,0.0,6.0,FALSE
2.0,5.0,5.0,0.0,0.0,0.0,3.0,0.18,0.0,0.0,3.0,1.0,13.0,1.0,0.0,17.0,0.0,33.91,8.29,2327.82,0.09,63.0,0.12,129.32,280.94,0.33,0.0,0.0,12.0,0.14,29.0,34.0,14.0,8.0,21.0,0.0,17.0,FALSE
0.0,3.0,1.0,0.0,0.0,6.0,2.0,1.0,2.0,3.0,1.0,0.5,6.0,1.0,0.0,2.0,0.0,9.49,3.5,116.27,0.01,10.0,0.29,6.46,33.22,0.5,2.0,3.0,6.0,0.5,3.0,7.0,3.0,7.0,4.0,0.0,2.0,FALSE
6.0,3.0,0.0,0.0,0.0,4.0,2.0,0.18,2.0,2.0,1.0,0.5,7.0,1.0,0.0,11.0,0.0,12.36,20.3,5094.23,0.08,70.0,0.05,283.01,250.95,0.5,1.0,2.0,7.0,0.11,29.0,41.0,5.0,7.0,19.0,0.0,11.0,FALSE
6.0,1.0,2.0,0.0,2.0,0.0,1.0,0.13,0.0,0.0,1.0,1.0,3.0,1.0,0.0,8.0,1.0,25.29,7.22,1319.22,0.06,43.0,0.14,73.29,182.66,1.0,0.0,0.0,4.0,0.06,13.0,30.0,9.0,10.0,18.0,20.0,8.0,FALSE
0.0,3.0,1.0,0.0,0.0,4.0,2.0,0.33,2.0,2.0,2.0,1.0,5.0,1.0,0.0,6.0,1.0,18.96,7.64,1105.39,0.05,32.0,0.13,61.41,144.75,0.5,1.0,2.0,5.0,0.25,14.0,18.0,11.0,12.0,8.0,0.0,6.0,FALSE
15.0,31.0,7.0,0.0,0.0,60.0,16.0,0.48,30.0,2.0,15.0,0.94,76.0,1.0,0.0,33.0,0.0,35.6,30.0,32042.61,0.36,230.0,0.03,1780.14,1068.09,0.06,15.0,30.0,62.0,0.3,65.0,165.0,13.0,12.0,54.0,0.0,33.0,FALSE
5.0,5.0,1.0,10.0,4.0,8.0,3.0,0.25,4.0,2.0,1.0,0.33,10.0,1.0,0.0,2.0,0.0,20.67,7.94,1304.74,0.05,38.0,0.13,72.49,164.23,0.33,2.0,4.0,9.0,0.13,13.0,25.0,9.0,11.0,23.0,87.5,12.0,TRUE
6.0,17.0,1.0,1.0,6.0,22.0,9.0,0.31,6.0,3.0,2.0,0.22,25.0,7.0,0.0,28.0,0.0,13.48,33.0,14676.46,0.15,97.0,0.03,815.36,444.74,0.78,8.0,11.0,18.0,0.21,33.0,64.0,8.0,16.0,43.0,20.0,29.0,TRUE
12.0,7.0,4.0,25.0,8.0,12.0,4.0,0.09,6.0,2.0,3.0,0.75,18.0,1.0,0.0,20.0,0.0,41.64,16.78,11718.04,0.23,141.0,0.06,651.0,698.54,0.25,3.0,6.0,16.0,0.06,61.0,80.0,20.0,11.0,67.0,62.26,45.0,TRUE
5.0,3.0,1.0,0.0,2.0,4.0,2.0,0.13,2.0,2.0,1.0,0.5,6.0,1.0,0.0,16.0,1.0,24.76,11.0,2995.56,0.09,62.0,0.09,166.42,272.32,0.5,1.0,2.0,6.0,0.08,20.0,42.0,10.0,11.0,25.0,11.11,16.0,FALSE
3.0,7.0,3.0,0.0,0.0,12.0,4.0,0.5,6.0,2.0,3.0,0.75,16.0,1.0,0.0,8.0,0.0,20.0,10.21,2087.05,0.07,49.0,0.1,115.95,204.33,0.25,3.0,6.0,14.0,0.24,13.0,36.0,7.0,11.0,17.0,0.0,8.0,FALSE
5.0,7.0,0.0,6.0,2.0,12.0,4.0,0.17,6.0,2.0,1.0,0.25,13.0,1.0,0.0,17.0,0.0,18.32,13.44,3312.04,0.08,57.0,0.07,184.0,246.35,0.25,3.0,6.0,11.0,0.13,22.0,35.0,9.0,11.0,32.0,32.0,23.0,TRUE
8.0,3.0,0.0,0.0,8.0,4.0,2.0,0.4,2.0,2.0,1.0,0.5,5.0,1.0,0.0,5.0,0.0,16.18,6.43,668.57,0.03,26.0,0.16,37.14,104.0,0.5,1.0,2.0,5.0,0.09,10.0,16.0,7.0,9.0,22.0,61.54,5.0,FALSE
1.0,9.0,4.0,0.0,0.0,0.0,5.0,0.5,0.0,0.0,4.0,0.8,21.0,1.0,0.0,10.0,0.0,23.26,11.69,3177.45,0.09,64.0,0.09,176.52,271.87,0.2,0.0,0.0,18.0,0.29,17.0,47.0,8.0,11.0,17.0,0.0,10.0,FALSE
3.0,1.0,1.0,0.0,2.0,0.0,1.0,0.33,0.0,0.0,1.0,1.0,2.0,1.0,0.0,3.0,0.0,8.72,4.0,139.48,0.01,11.0,0.25,7.75,34.87,1.0,0.0,0.0,3.0,0.1,4.0,7.0,3.0,6.0,10.0,40.0,3.0,FALSE
18.0,15.0,5.0,7.0,11.0,26.0,8.0,0.14,12.0,2.0,4.0,0.5,33.0,1.0,0.0,51.0,0.0,28.26,46.75,61762.26,0.44,245.0,0.02,3431.24,1321.12,0.13,7.0,13.0,27.0,0.09,85.0,160.0,20.0,22.0,89.0,26.09,58.0,TRUE
11.0,3.0,1.0,0.0,4.0,4.0,2.0,0.1,2.0,2.0,1.0,0.5,7.0,1.0,0.0,21.0,0.0,22.1,19.17,8119.88,0.14,95.0,0.05,451.1,423.65,0.5,1.0,2.0,7.0,0.05,46.0,49.0,12.0,10.0,38.0,16.0,21.0,FALSE
1.0,1.0,0.0,0.0,1.0,0.0,1.0,0.05,0.0,0.0,1.0,1.0,1.0,1.0,0.0,20.0,3.0,20.26,91.87,171052.56,0.62,489.0,0.01,9502.92,1861.8,1.0,0.0,0.0,2.0,0.04,245.0,244.0,8.0,6.0,27.0,4.76,20.0,FALSE
0.0,1.0,0.0,0.0,0.0,0.0,1.0,0.5,0.0,0.0,1.0,1.0,1.0,1.0,0.0,2.0,2.0,5.33,1.5,12.0,0.0,4.0,0.67,0.67,8.0,1.0,0.0,0.0,2.0,0.2,1.0,3.0,1.0,3.0,5.0,0.0,2.0,FALSE
4.0,11.0,3.0,0.0,0.0,18.0,6.0,0.5,8.0,2.0,3.0,0.5,22.0,6.0,1.0,12.0,0.0,17.88,18.4,6054.17,0.11,70.0,0.05,336.34,329.03,1.0,5.0,9.0,18.0,0.27,23.0,47.0,10.0,16.0,22.0,0.0,12.0,FALSE
2.0,1.0,0.0,1.0,1.0,0.0,1.0,0.2,0.0,0.0,1.0,1.0,1.0,1.0,0.0,4.0,0.0,15.5,7.5,872.01,0.04,35.0,0.13,48.44,116.27,1.0,0.0,0.0,2.0,0.1,10.0,25.0,4.0,6.0,10.0,33.33,5.0,TRUE
5.0,33.0,2.0,7.0,6.0,58.0,17.0,0.27,26.0,2.0,7.0,0.41,69.0,9.0,0.0,55.0,1.0,34.37,67.83,158152.05,0.78,409.0,0.01,8786.22,2331.48,0.53,16.0,29.0,54.0,0.23,185.0,224.0,30.0,22.0,75.0,19.12,62.0,FALSE
1.0,5.0,2.0,0.0,0.0,0.0,3.0,0.5,0.0,0.0,2.0,0.67,11.0,1.0,0.0,6.0,0.0,18.13,7.5,1020.0,0.05,34.0,0.13,56.67,136.0,0.33,0.0,0.0,10.0,0.23,9.0,25.0,6.0,10.0,13.0,0.0,6.0,FALSE
10.0,15.0,2.0,23.0,5.0,28.0,8.0,0.16,14.0,2.0,3.0,0.38,36.0,1.0,0.0,27.0,1.0,34.3,29.36,29575.64,0.34,188.0,0.03,1643.09,1007.22,0.13,7.0,14.0,30.0,0.12,68.0,120.0,22.0,19.0,67.0,50.91,50.0,TRUE
12.0,15.0,0.0,3.0,12.0,0.0,8.0,0.21,0.0,0.0,1.0,0.13,30.0,5.0,0.0,36.0,0.0,42.42,18.67,14780.96,0.26,152.0,0.05,821.16,791.84,0.63,0.0,0.0,24.0,0.12,49.0,103.0,21.0,16.0,65.0,29.41,39.0,FALSE
8.0,3.0,7.0,0.0,8.0,4.0,2.0,0.15,2.0,2.0,2.0,1.0,11.0,1.0,0.0,13.0,0.0,35.04,3.85,519.3,0.04,33.0,0.26,28.85,134.89,0.5,1.0,2.0,11.0,0.06,11.0,22.0,10.0,7.0,31.0,38.1,13.0,TRUE
6.0,3.0,1.0,1.0,1.0,4.0,2.0,0.12,2.0,2.0,1.0,0.5,7.0,1.0,0.0,16.0,1.0,23.3,10.39,2514.4,0.08,56.0,0.1,139.69,242.03,0.5,1.0,2.0,7.0,0.08,17.0,39.0,9.0,11.0,26.0,11.11,17.0,TRUE
0.0,5.0,0.0,0.0,0.0,0.0,3.0,0.6,0.0,0.0,1.0,0.33,7.0,3.0,1.0,5.0,1.0,13.11,4.8,301.96,0.02,17.0,0.21,16.78,62.91,1.0,0.0,0.0,6.0,0.5,6.0,11.0,5.0,8.0,6.0,0.0,5.0,FALSE
40.0,11.0,2.0,10.0,27.0,18.0,6.0,0.12,8.0,2.0,5.0,0.83,23.0,6.0,1.0,42.0,1.0,33.65,30.68,31677.57,0.34,194.0,0.03,1759.86,1032.45,1.0,5.0,9.0,19.0,0.05,75.0,119.0,22.0,18.0,120.0,46.84,52.0,FALSE
33.0,16.0,9.0,12.0,23.0,16.0,10.0,0.23,6.0,2.0,8.0,0.8,33.0,5.0,0.0,32.0,0.0,43.97,20.29,18111.12,0.3,153.0,0.05,1006.17,892.43,0.5,5.0,8.0,25.0,0.1,60.0,93.0,34.0,23.0,102.0,52.24,44.0,FALSE
3.0,3.0,0.0,2.0,0.0,4.0,2.0,0.25,2.0,2.0,1.0,0.5,6.0,1.0,0.0,6.0,0.0,10.38,9.9,1017.71,0.03,27.0,0.1,56.54,102.8,0.5,1.0,2.0,6.0,0.15,11.0,16.0,5.0,9.0,13.0,25.0,8.0,TRUE
0.0,1.0,1.0,0.0,0.0,0.0,1.0,0.2,0.0,0.0,1.0,1.0,2.0,1.0,0.0,5.0,0.0,13.32,3.5,163.12,0.02,13.0,0.29,9.06,46.6,1.0,0.0,0.0,3.0,0.14,5.0,8.0,5.0,7.0,7.0,0.0,5.0,FALSE
1.0,5.0,2.0,0.0,0.0,0.0,3.0,0.5,0.0,0.0,2.0,0.67,11.0,1.0,0.0,6.0,0.0,18.13,7.5,1020.0,0.05,34.0,0.13,56.67,136.0,0.33,0.0,0.0,10.0,0.23,9.0,25.0,6.0,10.0,13.0,0.0,6.0,FALSE
0.0,1.0,0.0,0.0,0.0,0.0,1.0,1.0,0.0,0.0,1.0,1.0,1.0,1.0,0.0,0.0,0.0,0.0,0.0,0.0,0.0,2.0,0.0,0.0,2.0,1.0,0.0,0.0,2.0,1.0,0.0,2.0,0.0,2.0,1.0,0.0,0.0,FALSE
13.0,1.0,6.0,1.0,6.0,0.0,1.0,0.13,0.0,0.0,1.0,1.0,7.0,1.0,0.0,7.0,0.0,29.83,3.89,451.11,0.04,29.0,0.26,25.06,116.0,1.0,0.0,0.0,8.0,0.03,10.0,19.0,9.0,7.0,29.0,50.0,8.0,TRUE
7.0,3.0,0.0,7.0,4.0,4.0,2.0,0.17,2.0,2.0,1.0,0.5,6.0,1.0,0.0,5.0,3.0,15.69,10.29,1660.33,0.05,38.0,0.1,92.24,161.42,0.5,1.0,2.0,6.0,0.07,12.0,26.0,7.0,12.0,27.0,68.75,12.0,TRUE
3.0,7.0,3.0,0.0,0.0,12.0,4.0,0.5,6.0,2.0,3.0,0.75,16.0,1.0,0.0,8.0,0.0,21.13,9.29,1821.84,0.07,48.0,0.11,101.21,196.2,0.25,3.0,6.0,14.0,0.24,13.0,35.0,7.0,10.0,17.0,0.0,8.0,FALSE
19.0,17.0,10.0,14.0,10.0,28.0,9.0,0.19,12.0,2.0,6.0,0.67,36.0,1.0,0.0,33.0,0.0,53.47,15.83,13404.4,0.28,157.0,0.06,744.69,846.59,0.11,8.0,14.0,29.0,0.12,57.0,100.0,27.0,15.0,78.0,42.11,47.0,TRUE
4.0,7.0,0.0,1.0,3.0,12.0,4.0,0.21,6.0,2.0,1.0,0.25,14.0,1.0,0.0,18.0,0.0,10.95,15.79,2728.99,0.06,40.0,0.06,151.61,172.88,0.25,3.0,6.0,12.0,0.14,17.0,23.0,7.0,13.0,28.0,18.18,19.0,TRUE
1.0,7.0,2.0,0.0,0.0,0.0,4.0,0.4,0.0,0.0,3.0,0.75,17.0,4.0,1.0,10.0,1.0,14.59,15.89,3684.48,0.08,52.0,0.06,204.69,231.89,1.0,0.0,0.0,15.0,0.31,22.0,30.0,9.0,13.0,13.0,0.0,10.0,FALSE
4.0,6.0,1.0,8.0,0.0,4.0,4.0,0.09,2.0,2.0,2.0,0.5,15.0,1.0,0.0,37.0,1.0,35.88,23.06,19076.12,0.28,164.0,0.04,1059.78,827.28,0.25,1.0,2.0,13.0,0.08,49.0,115.0,17.0,16.0,51.0,17.78,45.0,TRUE
1.0,5.0,2.0,0.0,0.0,6.0,3.0,0.23,2.0,3.0,2.0,0.67,9.0,3.0,1.0,13.0,0.0,20.14,10.5,2220.96,0.07,45.0,0.1,123.39,211.52,1.0,2.0,3.0,8.0,0.19,18.0,27.0,12.0,14.0,16.0,0.0,13.0,FALSE
0.0,1.0,0.0,0.0,0.0,0.0,1.0,0.5,0.0,0.0,1.0,1.0,1.0,1.0,0.0,2.0,0.0,12.06,1.5,27.14,0.01,7.0,0.67,1.51,18.09,1.0,0.0,0.0,2.0,0.25,3.0,4.0,3.0,3.0,4.0,0.0,2.0,FALSE
6.0,3.0,1.0,1.0,4.0,4.0,2.0,0.15,2.0,2.0,2.0,1.0,5.0,1.0,0.0,12.0,0.0,18.1,9.63,1676.34,0.06,41.0,0.1,93.13,174.17,0.5,1.0,2.0,5.0,0.08,14.0,27.0,8.0,11.0,25.0,29.41,13.0,TRUE
0.0,1.0,1.0,0.0,0.0,0.0,1.0,0.33,0.0,0.0,1.0,1.0,3.0,1.0,0.0,3.0,0.0,11.63,2.0,46.53,0.01,9.0,0.5,2.58,23.26,1.0,0.0,0.0,4.0,0.2,4.0,5.0,3.0,3.0,5.0,0.0,3.0,FALSE
4.0,1.0,1.0,0.0,1.0,0.0,1.0,0.14,0.0,0.0,1.0,1.0,2.0,1.0,0.0,7.0,1.0,18.28,7.5,1027.99,0.05,36.0,0.13,57.11,137.06,1.0,0.0,0.0,3.0,0.07,15.0,21.0,7.0,7.0,14.0,12.5,7.0,FALSE
17.0,7.0,4.0,4.0,11.0,12.0,4.0,0.15,6.0,2.0,3.0,0.75,20.0,1.0,0.0,23.0,0.0,18.2,36.93,24819.33,0.22,130.0,0.03,1378.85,672.09,0.25,3.0,6.0,18.0,0.07,47.0,83.0,14.0,22.0,57.0,39.47,27.0,TRUE
0.0,12.0,1.0,3.0,0.0,14.0,7.0,0.44,6.0,2.0,2.0,0.29,19.0,5.0,0.0,13.0,2.0,22.03,12.0,3172.85,0.09,55.0,0.08,176.27,264.4,0.71,4.0,7.0,14.0,0.39,18.0,37.0,12.0,16.0,18.0,18.75,16.0,FALSE
14.0,9.0,1.0,6.0,12.0,16.0,5.0,0.13,8.0,2.0,2.0,0.4,18.0,1.0,0.0,32.0,0.0,16.9,44.55,33544.41,0.25,152.0,0.02,1863.58,753.04,0.2,4.0,8.0,15.0,0.08,49.0,103.0,11.0,20.0,66.0,36.0,38.0,TRUE
2.0,1.0,2.0,4.0,0.0,0.0,1.0,0.17,0.0,0.0,1.0,1.0,3.0,1.0,0.0,2.0,1.0,16.78,6.29,663.06,0.04,27.0,0.16,36.84,105.49,1.0,0.0,0.0,4.0,0.1,11.0,16.0,7.0,8.0,10.0,66.67,6.0,FALSE
6.0,5.0,1.0,1.0,2.0,8.0,3.0,0.2,4.0,2.0,2.0,0.67,11.0,1.0,0.0,14.0,0.0,12.24,14.57,2599.73,0.06,42.0,0.07,144.43,178.41,0.33,2.0,4.0,10.0,0.12,17.0,25.0,7.0,12.0,25.0,17.65,15.0,TRUE
15.0,6.0,1.0,0.0,6.0,0.0,5.0,0.17,0.0,0.0,5.0,1.0,16.0,1.0,0.0,30.0,1.0,25.36,25.88,16988.95,0.22,126.0,0.04,943.83,656.39,0.2,0.0,0.0,13.0,0.09,44.0,82.0,17.0,20.0,53.0,16.67,30.0,FALSE
5.0,7.0,1.0,21.0,1.0,12.0,4.0,0.1,6.0,2.0,1.0,0.25,15.0,1.0,0.0,20.0,1.0,42.54,15.53,10260.06,0.22,136.0,0.06,570.0,660.69,0.25,3.0,6.0,13.0,0.08,44.0,92.0,17.0,12.0,49.0,52.38,41.0,TRUE
4.0,13.0,1.0,9.0,0.0,18.0,7.0,0.26,6.0,3.0,4.0,0.57,25.0,7.0,1.0,18.0,1.0,18.44,22.5,9335.36,0.14,96.0,0.04,518.63,414.91,1.0,6.0,9.0,20.0,0.21,30.0,66.0,8.0,12.0,33.0,33.33,27.0,TRUE
14.0,13.0,3.0,3.0,12.0,24.0,7.0,0.17,12.0,2.0,4.0,0.57,28.0,1.0,0.0,39.0,1.0,22.53,28.41,18190.55,0.21,122.0,0.04,1010.59,640.25,0.14,6.0,12.0,23.0,0.1,46.0,76.0,17.0,21.0,70.0,27.78,42.0,TRUE
23.0,9.0,4.0,5.0,11.0,16.0,5.0,0.12,8.0,2.0,5.0,1.0,24.0,1.0,0.0,36.0,1.0,30.9,39.09,47217.09,0.4,224.0,0.03,2623.17,1207.88,0.2,4.0,8.0,21.0,0.06,86.0,138.0,22.0,20.0,77.0,30.77,41.0,TRUE
7.0,5.0,2.0,1.0,2.0,8.0,3.0,0.18,4.0,2.0,3.0,1.0,12.0,1.0,0.0,16.0,1.0,17.66,17.5,5408.68,0.1,65.0,0.06,300.48,309.07,0.33,2.0,4.0,11.0,0.11,28.0,37.0,12.0,15.0,28.0,15.79,17.0,TRUE
15.0,19.0,2.0,22.0,18.0,32.0,10.0,0.24,14.0,2.0,3.0,0.3,38.0,6.0,0.0,19.0,1.0,15.64,64.91,65882.72,0.34,203.0,0.02,3660.15,1015.0,0.6,9.0,16.0,30.0,0.13,68.0,135.0,11.0,21.0,76.0,67.8,41.0,TRUE
21.0,9.0,9.0,3.0,13.0,16.0,5.0,0.15,8.0,2.0,5.0,1.0,28.0,1.0,0.0,30.0,0.0,56.41,11.81,7874.42,0.22,127.0,0.08,437.47,666.49,0.2,4.0,8.0,25.0,0.07,58.0,69.0,27.0,11.0,69.0,34.78,33.0,TRUE
17.0,9.0,3.0,9.0,8.0,14.0,5.0,0.11,6.0,2.0,3.0,0.6,21.0,3.0,0.0,38.0,0.0,27.67,39.26,42651.03,0.36,207.0,0.03,2369.5,1086.32,0.6,4.0,7.0,18.0,0.07,97.0,110.0,21.0,17.0,74.0,30.91,47.0,TRUE
0.0,1.0,0.0,0.0,0.0,0.0,1.0,1.0,0.0,0.0,1.0,1.0,1.0,1.0,0.0,0.0,0.0,5.8,2.0,23.22,0.0,5.0,0.5,1.29,11.61,1.0,0.0,0.0,2.0,1.0,1.0,4.0,1.0,4.0,1.0,0.0,0.0,FALSE
25.0,16.0,8.0,13.0,9.0,16.0,11.0,0.17,8.0,2.0,9.0,0.82,33.0,1.0,0.0,53.0,0.0,34.84,35.0,42678.84,0.41,197.0,0.03,2371.05,1219.4,0.09,4.0,8.0,24.0,0.11,76.0,121.0,38.0,35.0,102.0,29.33,66.0,TRUE
1.0,1.0,0.0,0.0,0.0,0.0,1.0,0.13,0.0,0.0,1.0,1.0,1.0,1.0,0.0,8.0,2.0,8.77,10.13,899.21,0.03,24.0,0.1,49.96,88.81,1.0,0.0,0.0,2.0,0.09,9.0,15.0,4.0,9.0,11.0,0.0,8.0,FALSE
3.0,3.0,1.0,1.0,0.0,4.0,2.0,0.25,2.0,2.0,2.0,1.0,5.0,1.0,0.0,7.0,0.0,17.09,4.57,357.2,0.03,20.0,0.22,19.84,78.14,0.5,1.0,2.0,5.0,0.15,8.0,12.0,7.0,8.0,13.0,12.5,8.0,TRUE
6.0,5.0,3.0,0.0,0.0,8.0,3.0,0.19,4.0,2.0,3.0,1.0,13.0,1.0,0.0,16.0,0.0,35.26,7.71,2098.48,0.09,61.0,0.13,116.58,272.03,0.33,2.0,4.0,12.0,0.13,27.0,34.0,14.0,8.0,24.0,0.0,16.0,FALSE
8.0,15.0,1.0,4.0,8.0,20.0,8.0,0.36,6.0,3.0,2.0,0.25,22.0,1.0,0.0,18.0,1.0,26.2,18.41,8874.62,0.16,94.0,0.05,493.03,482.15,0.13,7.0,10.0,16.0,0.2,31.0,63.0,16.0,19.0,40.0,40.0,22.0,TRUE
6.0,6.0,2.0,4.0,10.0,0.0,5.0,0.19,0.0,0.0,5.0,1.0,13.0,1.0,0.0,23.0,2.0,27.77,18.5,9505.92,0.17,101.0,0.05,528.11,513.83,0.2,0.0,0.0,10.0,0.11,37.0,64.0,17.0,17.0,45.0,37.84,27.0,FALSE
0.0,1.0,2.0,0.0,0.0,0.0,1.0,0.2,0.0,0.0,1.0,1.0,3.0,1.0,0.0,5.0,1.0,18.28,5.0,456.88,0.03,24.0,0.2,25.38,91.38,1.0,0.0,0.0,4.0,0.14,10.0,14.0,7.0,7.0,7.0,0.0,5.0,FALSE
11.0,3.0,1.0,1.0,4.0,4.0,2.0,0.1,2.0,2.0,1.0,0.5,7.0,1.0,0.0,20.0,0.0,22.1,19.17,8119.88,0.14,95.0,0.05,451.1,423.65,0.5,1.0,2.0,7.0,0.05,46.0,49.0,12.0,10.0,38.0,20.0,21.0,FALSE
11.0,29.0,3.0,27.0,11.0,50.0,15.0,0.19,22.0,2.0,9.0,0.6,61.0,10.0,0.0,51.0,1.0,32.25,50.79,83227.41,0.55,295.0,0.02,4623.75,1638.6,0.67,14.0,25.0,48.0,0.15,106.0,189.0,24.0,23.0,102.0,42.7,78.0,TRUE
2.0,3.0,1.0,1.0,0.0,4.0,2.0,0.33,2.0,2.0,2.0,1.0,5.0,1.0,0.0,5.0,0.0,16.5,4.5,334.04,0.02,19.0,0.22,18.56,74.23,0.5,1.0,2.0,5.0,0.2,6.0,13.0,6.0,9.0,10.0,16.67,6.0,TRUE
15.0,7.0,5.0,8.0,6.0,12.0,4.0,0.15,6.0,2.0,2.0,0.5,18.0,1.0,0.0,19.0,0.0,31.79,15.24,7382.54,0.16,93.0,0.07,410.14,484.48,0.25,3.0,6.0,16.0,0.08,40.0,53.0,21.0,16.0,50.0,42.42,27.0,TRUE
1.0,3.0,1.0,0.0,0.0,0.0,2.0,1.0,0.0,0.0,2.0,1.0,7.0,1.0,0.0,2.0,0.0,5.33,1.5,12.0,0.0,4.0,0.67,0.67,8.0,0.5,0.0,0.0,7.0,0.4,1.0,3.0,1.0,3.0,5.0,0.0,2.0,FALSE
0.0,1.0,3.0,0.0,0.0,0.0,1.0,0.17,0.0,0.0,1.0,1.0,4.0,1.0,0.0,6.0,0.0,15.36,4.2,271.02,0.02,18.0,0.24,15.06,64.53,1.0,0.0,0.0,5.0,0.13,6.0,12.0,5.0,7.0,8.0,0.0,6.0,FALSE
13.0,18.0,7.0,18.0,7.0,26.0,10.0,0.16,12.0,2.0,8.0,0.8,43.0,1.0,0.0,44.0,0.0,41.18,29.46,35752.82,0.4,215.0,0.03,1986.27,1213.43,0.1,7.0,13.0,35.0,0.12,75.0,140.0,28.0,22.0,84.0,36.23,62.0,TRUE
18.0,9.0,2.0,5.0,8.0,16.0,5.0,0.17,8.0,2.0,2.0,0.4,19.0,1.0,0.0,25.0,0.0,20.05,21.25,9053.79,0.14,86.0,0.05,502.99,426.06,0.2,4.0,8.0,16.0,0.09,35.0,51.0,14.0,17.0,58.0,34.21,30.0,TRUE
0.0,3.0,0.0,0.0,0.0,4.0,2.0,0.33,2.0,2.0,1.0,0.5,6.0,1.0,0.0,6.0,2.0,9.25,8.0,592.07,0.02,20.0,0.13,32.89,74.01,0.5,1.0,2.0,6.0,0.25,10.0,10.0,5.0,8.0,8.0,0.0,6.0,FALSE
3.0,3.0,0.0,3.0,1.0,4.0,2.0,0.17,2.0,2.0,1.0,0.5,6.0,1.0,0.0,9.0,0.0,13.83,7.0,677.56,0.03,27.0,0.14,37.64,96.79,0.5,1.0,2.0,6.0,0.11,10.0,17.0,5.0,7.0,19.0,30.77,12.0,TRUE
10.0,3.0,2.0,0.0,2.0,4.0,2.0,0.2,2.0,2.0,2.0,1.0,9.0,1.0,0.0,10.0,0.0,17.77,9.0,1439.2,0.05,37.0,0.11,79.96,159.91,0.5,1.0,2.0,9.0,0.08,12.0,25.0,8.0,12.0,24.0,16.67,10.0,FALSE
14.0,25.0,9.0,11.0,16.0,44.0,13.0,0.21,20.0,2.0,6.0,0.46,54.0,5.0,0.0,52.0,0.0,27.67,49.46,67672.14,0.46,245.0,0.02,3759.56,1368.32,0.38,12.0,22.0,43.0,0.14,91.0,154.0,23.0,25.0,95.0,34.18,63.0,TRUE
36.0,21.0,1.0,18.0,43.0,38.0,11.0,0.16,18.0,2.0,3.0,0.27,42.0,1.0,0.0,51.0,0.0,15.89,87.82,122506.36,0.47,279.0,0.01,6805.91,1395.0,0.09,10.0,19.0,33.0,0.07,92.0,187.0,11.0,21.0,150.0,54.46,69.0,TRUE
6.0,3.0,0.0,0.0,4.0,4.0,2.0,0.22,2.0,2.0,1.0,0.5,6.0,1.0,0.0,9.0,0.0,13.67,8.0,875.14,0.04,28.0,0.13,48.62,109.39,0.5,1.0,2.0,6.0,0.1,8.0,20.0,5.0,10.0,21.0,30.77,9.0,FALSE
3.0,7.0,2.0,0.0,0.0,12.0,4.0,0.33,6.0,2.0,2.0,0.5,14.0,1.0,0.0,12.0,0.0,13.06,15.94,3316.34,0.07,46.0,0.06,184.24,208.08,0.25,3.0,6.0,12.0,0.19,17.0,29.0,8.0,15.0,21.0,0.0,12.0,FALSE
0.0,1.0,0.0,0.0,0.0,0.0,1.0,1.0,0.0,0.0,1.0,1.0,1.0,1.0,0.0,0.0,0.0,0.0,0.0,0.0,0.0,2.0,0.0,0.0,2.0,1.0,0.0,0.0,2.0,1.0,0.0,2.0,0.0,2.0,1.0,0.0,0.0,FALSE
23.0,3.0,9.0,0.0,11.0,4.0,2.0,0.06,2.0,2.0,2.0,1.0,15.0,1.0,0.0,31.0,1.0,53.71,11.17,6703.96,0.2,112.0,0.09,372.44,600.05,0.5,1.0,2.0,15.0,0.03,54.0,58.0,29.0,12.0,67.0,26.19,31.0,TRUE
1.0,3.0,1.0,0.0,0.0,0.0,2.0,0.22,0.0,0.0,2.0,1.0,9.0,1.0,0.0,9.0,1.0,15.43,14.95,3448.99,0.08,51.0,0.07,191.61,230.7,0.5,0.0,0.0,9.0,0.17,23.0,28.0,10.0,13.0,12.0,0.0,9.0,FALSE
0.0,1.0,0.0,0.0,0.0,0.0,1.0,0.1,0.0,0.0,1.0,1.0,1.0,1.0,0.0,10.0,0.0,20.25,7.2,1049.88,0.05,46.0,0.14,58.33,145.82,1.0,0.0,0.0,2.0,0.08,18.0,28.0,5.0,4.0,12.0,0.0,10.0,FALSE
5.0,5.0,3.0,2.0,1.0,8.0,3.0,0.2,4.0,2.0,3.0,1.0,11.0,1.0,0.0,13.0,0.0,26.41,6.0,950.74,0.05,38.0,0.17,52.82,158.46,0.33,2.0,4.0,10.0,0.13,12.0,26.0,9.0,9.0,23.0,18.75,15.0,FALSE
14.0,25.0,8.0,3.0,21.0,0.0,13.0,0.16,0.0,0.0,8.0,0.62,61.0,7.0,0.0,76.0,0.0,57.88,39.06,88285.54,0.75,391.0,0.03,4904.75,2260.51,0.54,0.0,0.0,50.0,0.11,148.0,243.0,36.0,19.0,119.0,24.0,79.0,FALSE
0.0,1.0,0.0,0.0,0.0,0.0,1.0,1.0,0.0,0.0,1.0,1.0,1.0,1.0,0.0,0.0,0.0,0.0,0.0,0.0,0.0,2.0,0.0,0.0,2.0,1.0,0.0,0.0,2.0,1.0,0.0,2.0,0.0,2.0,1.0,0.0,0.0,FALSE
9.0,7.0,3.0,1.0,5.0,12.0,4.0,0.15,6.0,2.0,4.0,1.0,16.0,1.0,0.0,26.0,0.0,23.42,21.94,11272.23,0.17,101.0,0.05,626.23,513.83,0.25,3.0,6.0,14.0,0.09,39.0,62.0,16.0,18.0,43.0,18.75,27.0,TRUE
9.0,5.0,4.0,1.0,9.0,8.0,3.0,0.08,4.0,2.0,2.0,0.67,23.0,1.0,0.0,37.0,0.0,43.31,28.5,35176.89,0.41,221.0,0.04,1954.27,1234.28,0.33,2.0,4.0,22.0,0.05,95.0,126.0,30.0,18.0,58.0,21.28,38.0,TRUE
1.0,1.0,0.0,0.0,0.0,0.0,1.0,0.25,0.0,0.0,1.0,1.0,1.0,1.0,0.0,4.0,0.0,10.81,8.1,709.31,0.03,23.0,0.12,39.41,87.57,1.0,0.0,0.0,2.0,0.14,9.0,14.0,5.0,9.0,7.0,0.0,4.0,FALSE
20.0,3.0,6.0,1.0,10.0,4.0,2.0,0.07,2.0,2.0,2.0,1.0,16.0,1.0,0.0,28.0,0.0,49.24,12.67,7899.91,0.21,118.0,0.08,438.88,623.68,0.5,1.0,2.0,16.0,0.03,57.0,61.0,27.0,12.0,61.0,28.21,29.0,TRUE
12.0,21.0,2.0,15.0,10.0,40.0,11.0,0.16,20.0,2.0,2.0,0.18,59.0,1.0,0.0,53.0,5.0,30.35,65.33,129533.9,0.66,355.0,0.02,7196.33,1982.66,0.09,10.0,20.0,50.0,0.11,168.0,187.0,27.0,21.0,97.0,32.04,68.0,TRUE
24.0,31.0,6.0,25.0,22.0,54.0,16.0,0.18,24.0,2.0,4.0,0.25,62.0,4.0,0.0,64.0,0.0,40.24,43.62,76555.91,0.59,316.0,0.02,4253.11,1755.25,0.25,15.0,27.0,48.0,0.12,108.0,208.0,26.0,21.0,137.0,42.34,89.0,TRUE
1.0,3.0,1.0,0.0,0.0,4.0,2.0,0.29,2.0,2.0,1.0,0.5,7.0,1.0,0.0,7.0,0.0,13.2,6.67,586.67,0.03,22.0,0.15,32.59,88.0,0.5,1.0,2.0,7.0,0.2,8.0,14.0,6.0,10.0,10.0,0.0,7.0,FALSE
2.0,1.0,1.0,0.0,0.0,0.0,1.0,0.14,0.0,0.0,1.0,1.0,2.0,1.0,0.0,7.0,0.0,13.3,6.4,544.7,0.03,23.0,0.16,30.26,85.11,1.0,0.0,0.0,3.0,0.09,8.0,15.0,5.0,8.0,11.0,0.0,7.0,FALSE
4.0,5.0,3.0,1.0,2.0,8.0,3.0,0.19,4.0,2.0,3.0,1.0,12.0,1.0,0.0,15.0,0.0,24.04,10.4,2599.82,0.08,52.0,0.1,144.43,249.98,0.33,2.0,4.0,11.0,0.13,24.0,28.0,15.0,13.0,24.0,16.67,16.0,TRUE
0.0,1.0,1.0,1.0,0.0,0.0,1.0,0.5,0.0,0.0,1.0,1.0,2.0,1.0,0.0,1.0,0.0,5.33,1.5,12.0,0.0,4.0,0.67,0.67,8.0,1.0,0.0,0.0,3.0,0.2,1.0,3.0,1.0,3.0,5.0,50.0,2.0,FALSE
0.0,3.0,2.0,0.0,0.0,0.0,2.0,1.0,0.0,0.0,2.0,1.0,7.0,1.0,0.0,0.0,1.0,0.0,0.0,0.0,0.0,0.0,0.0,0.0,0.0,0.5,0.0,0.0,7.0,0.12,0.0,0.0,0.0,0.0,17.0,0.0,0.0,FALSE
0.0,46.0,19.0,0.0,0.0,82.0,29.0,1.0,34.0,2.0,26.0,0.9,96.0,5.0,0.0,0.0,0.0,0.0,0.0,0.0,0.0,0.0,0.0,0.0,0.0,0.17,24.0,41.0,69.0,0.16,0.0,0.0,0.0,0.0,176.0,0.0,0.0,FALSE
8.0,5.0,3.0,1.0,1.0,6.0,3.0,0.12,2.0,3.0,2.0,0.67,12.0,3.0,1.0,24.0,3.0,18.24,30.58,17051.32,0.19,116.0,0.03,947.3,557.65,1.0,2.0,3.0,11.0,0.08,53.0,63.0,13.0,15.0,38.0,7.69,25.0,TRUE
2.0,15.0,4.0,3.0,0.0,0.0,9.0,0.43,0.0,0.0,7.0,0.78,33.0,4.0,0.0,18.0,2.0,18.28,23.38,9996.98,0.14,88.0,0.04,555.39,427.5,0.44,0.0,0.0,26.0,0.2,38.0,50.0,13.0,16.0,44.0,14.29,21.0,FALSE
21.0,13.0,8.0,7.0,11.0,22.0,7.0,0.21,10.0,2.0,5.0,0.71,30.0,1.0,0.0,26.0,0.0,34.86,26.4,24294.51,0.31,178.0,0.04,1349.7,920.25,0.14,6.0,11.0,25.0,0.1,66.0,112.0,20.0,16.0,67.0,40.91,33.0,TRUE
17.0,11.0,1.0,6.0,10.0,20.0,6.0,0.14,10.0,2.0,3.0,0.5,24.0,1.0,0.0,37.0,0.0,51.72,17.7,16202.08,0.31,172.0,0.06,900.12,915.37,0.17,5.0,10.0,20.0,0.08,59.0,113.0,25.0,15.0,72.0,30.19,43.0,TRUE
20.0,11.0,3.0,24.0,10.0,10.0,7.0,0.13,4.0,2.0,5.0,0.71,24.0,4.0,0.0,31.0,0.0,66.27,30.44,61416.25,0.67,335.0,0.03,3412.01,2017.49,0.57,3.0,5.0,19.0,0.08,119.0,216.0,43.0,22.0,87.0,52.31,55.0,TRUE
3.0,1.0,0.0,1.0,1.0,0.0,1.0,0.04,0.0,0.0,1.0,1.0,1.0,1.0,0.0,23.0,0.0,52.34,13.11,8997.69,0.23,146.0,0.08,499.87,686.26,1.0,0.0,0.0,2.0,0.03,59.0,87.0,18.0,8.0,30.0,8.0,24.0,TRUE
9.0,11.0,3.0,16.0,7.0,20.0,6.0,0.13,10.0,2.0,2.0,0.33,25.0,1.0,0.0,31.0,1.0,33.43,24.17,19526.57,0.27,148.0,0.04,1084.81,808.0,0.17,5.0,10.0,21.0,0.09,58.0,90.0,24.0,20.0,65.0,42.59,47.0,TRUE
6.0,17.0,2.0,4.0,5.0,26.0,9.0,0.27,10.0,2.0,3.0,0.33,29.0,1.0,0.0,29.0,0.0,20.17,30.46,18713.14,0.2,124.0,0.03,1039.61,614.32,0.11,8.0,13.0,22.0,0.2,44.0,80.0,13.0,18.0,46.0,23.68,33.0,TRUE
17.0,11.0,3.0,13.0,6.0,16.0,6.0,0.17,6.0,2.0,4.0,0.67,21.0,5.0,0.0,23.0,1.0,24.52,21.38,11200.69,0.17,103.0,0.05,622.26,524.01,0.83,5.0,8.0,17.0,0.1,38.0,65.0,16.0,18.0,61.0,45.24,36.0,TRUE
4.0,3.0,2.0,1.0,1.0,4.0,2.0,0.13,2.0,2.0,2.0,1.0,6.0,1.0,0.0,15.0,0.0,23.33,6.0,840.0,0.05,35.0,0.17,46.67,140.0,0.5,1.0,2.0,6.0,0.09,12.0,23.0,8.0,8.0,23.0,11.76,16.0,TRUE
22.0,21.0,9.0,38.0,12.0,40.0,11.0,0.12,20.0,2.0,9.0,0.82,55.0,1.0,0.0,51.0,4.0,63.24,30.76,59840.57,0.65,328.0,0.03,3324.48,1945.28,0.09,10.0,20.0,46.0,0.09,136.0,192.0,42.0,19.0,128.0,49.5,89.0,TRUE
7.0,3.0,4.0,1.0,3.0,4.0,2.0,0.17,2.0,2.0,2.0,1.0,10.0,1.0,0.0,11.0,0.0,25.79,5.0,644.64,0.04,33.0,0.2,35.81,128.93,0.5,1.0,2.0,10.0,0.08,15.0,18.0,9.0,6.0,24.0,26.67,12.0,FALSE
9.0,17.0,4.0,3.0,4.0,0.0,10.0,0.32,0.0,0.0,7.0,0.7,38.0,1.0,0.0,28.0,0.0,23.15,29.25,19806.66,0.23,138.0,0.03,1100.37,677.15,0.1,0.0,0.0,30.0,0.2,39.0,99.0,12.0,18.0,50.0,20.0,31.0,FALSE
24.0,21.0,5.0,7.0,19.0,40.0,11.0,0.19,20.0,2.0,5.0,0.45,45.0,1.0,0.0,52.0,0.0,55.47,20.81,24023.97,0.38,209.0,0.05,1334.67,1154.42,0.09,10.0,20.0,36.0,0.11,71.0,138.0,29.0,17.0,104.0,33.33,59.0,FALSE
15.0,7.0,0.0,3.0,7.0,12.0,4.0,0.17,6.0,2.0,1.0,0.25,14.0,1.0,0.0,21.0,2.0,21.19,14.3,4333.9,0.1,69.0,0.07,240.77,303.07,0.25,3.0,6.0,12.0,0.08,26.0,43.0,10.0,11.0,50.0,32.25,24.0,FALSE
1.0,1.0,1.0,0.0,0.0,0.0,1.0,0.2,0.0,0.0,1.0,1.0,2.0,1.0,0.0,5.0,0.0,13.32,3.5,163.12,0.02,13.0,0.29,9.06,46.6,1.0,0.0,0.0,3.0,0.13,5.0,8.0,5.0,7.0,8.0,0.0,5.0,FALSE
7.0,5.0,4.0,1.0,41.0,8.0,3.0,0.3,4.0,2.0,3.0,1.0,13.0,1.0,0.0,9.0,0.0,46.31,7.38,2523.1,0.11,69.0,0.14,140.17,341.84,0.33,2.0,4.0,12.0,0.05,31.0,38.0,21.0,10.0,60.0,82.35,10.0,FALSE
1.0,3.0,0.0,4.0,0.0,4.0,2.0,0.18,2.0,2.0,1.0,0.5,6.0,1.0,0.0,7.0,5.0,25.36,8.18,1697.34,0.07,48.0,0.12,94.3,207.45,0.5,1.0,2.0,6.0,0.11,20.0,28.0,11.0,9.0,18.0,36.36,11.0,FALSE
1.0,7.0,2.0,0.0,0.0,0.0,4.0,0.36,0.0,0.0,4.0,1.0,16.0,1.0,0.0,11.0,1.0,24.43,13.09,4186.77,0.11,74.0,0.08,232.6,319.82,0.25,0.0,0.0,14.0,0.31,32.0,42.0,11.0,9.0,13.0,0.0,11.0,FALSE
1.0,11.0,4.0,0.0,0.0,0.0,6.0,0.5,0.0,0.0,5.0,0.83,26.0,1.0,0.0,12.0,0.0,22.95,14.44,4783.7,0.11,78.0,0.07,265.76,331.34,0.17,0.0,0.0,22.0,0.32,21.0,57.0,8.0,11.0,19.0,0.0,12.0,FALSE
9.0,7.0,3.0,3.0,6.0,12.0,4.0,0.33,6.0,2.0,4.0,1.0,14.0,1.0,0.0,9.0,0.0,14.8,10.0,1480.0,0.05,37.0,0.1,82.22,148.0,0.25,3.0,6.0,12.0,0.14,12.0,25.0,6.0,10.0,29.0,50.0,12.0,FALSE
5.0,9.0,2.0,1.0,20.0,0.0,5.0,0.28,0.0,0.0,4.0,0.8,17.0,1.0,0.0,17.0,0.0,17.71,13.85,3394.73,0.08,51.0,0.07,188.6,245.18,0.2,0.0,0.0,14.0,0.11,24.0,27.0,13.0,15.0,45.0,55.26,18.0,FALSE
26.0,9.0,3.0,7.0,25.0,16.0,5.0,0.17,8.0,2.0,3.0,0.6,22.0,1.0,0.0,22.0,0.0,29.78,16.47,8078.25,0.16,99.0,0.06,448.79,490.47,0.2,4.0,8.0,19.0,0.06,40.0,59.0,17.0,14.0,81.0,59.26,29.0,FALSE
1.0,7.0,3.0,0.0,0.0,0.0,4.0,0.5,0.0,0.0,3.0,0.75,16.0,1.0,0.0,8.0,0.0,20.0,10.21,2087.05,0.07,49.0,0.1,115.95,204.33,0.25,0.0,0.0,14.0,0.27,13.0,36.0,7.0,11.0,15.0,0.0,8.0,FALSE
27.0,9.0,0.0,7.0,9.0,16.0,5.0,0.23,8.0,2.0,1.0,0.2,17.0,1.0,0.0,15.0,0.0,19.42,18.42,6585.38,0.12,77.0,0.05,365.85,357.58,0.2,4.0,8.0,14.0,0.08,34.0,43.0,12.0,13.0,59.0,51.61,22.0,FALSE
3.0,5.0,1.0,1.0,0.0,8.0,3.0,0.25,4.0,2.0,2.0,0.67,9.0,1.0,0.0,11.0,1.0,15.97,11.05,1949.43,0.06,39.0,0.09,108.3,176.42,0.33,2.0,4.0,8.0,0.18,17.0,22.0,10.0,13.0,17.0,8.33,12.0,TRUE
4.0,1.0,1.0,1.0,0.0,0.0,1.0,0.17,0.0,0.0,1.0,1.0,2.0,1.0,0.0,5.0,1.0,16.3,4.08,271.98,0.02,18.0,0.24,15.11,66.61,1.0,0.0,0.0,3.0,0.08,7.0,11.0,6.0,7.0,12.0,16.67,6.0,TRUE
42.0,27.0,11.0,0.0,9.0,0.0,14.0,0.31,0.0,0.0,4.0,0.29,63.0,9.0,0.0,45.0,1.0,67.49,20.98,29713.51,0.47,224.0,0.05,1650.75,1416.11,0.64,0.0,0.0,51.0,0.07,104.0,120.0,57.0,23.0,211.0,16.67,45.0,FALSE
5.0,1.0,0.0,0.0,0.0,0.0,1.0,0.17,0.0,0.0,1.0,1.0,1.0,1.0,0.0,6.0,0.0,21.49,6.6,936.12,0.05,41.0,0.15,52.01,141.84,1.0,0.0,0.0,2.0,0.08,11.0,30.0,5.0,6.0,13.0,0.0,6.0,FALSE
2.0,1.0,3.0,0.0,6.0,0.0,1.0,0.07,0.0,0.0,1.0,1.0,10.0,1.0,0.0,14.0,0.0,41.04,6.42,1689.97,0.09,62.0,0.16,93.89,263.37,1.0,0.0,0.0,11.0,0.04,22.0,40.0,12.0,7.0,24.0,30.0,14.0,FALSE
4.0,3.0,1.0,1.0,0.0,4.0,2.0,0.2,2.0,2.0,1.0,0.5,7.0,1.0,0.0,9.0,1.0,16.64,8.94,1328.8,0.05,35.0,0.11,73.82,148.68,0.5,1.0,2.0,7.0,0.13,13.0,22.0,8.0,11.0,16.0,10.0,10.0,TRUE
8.0,3.0,4.0,9.0,5.0,4.0,2.0,0.11,2.0,2.0,2.0,1.0,8.0,1.0,0.0,10.0,1.0,33.28,9.97,3306.02,0.11,69.0,0.1,183.67,331.71,0.5,1.0,2.0,8.0,0.06,23.0,46.0,15.0,13.0,34.0,58.33,19.0,TRUE
27.0,3.0,1.0,1.0,23.0,4.0,2.0,0.06,2.0,2.0,2.0,1.0,32.0,1.0,0.0,33.0,0.0,73.68,23.6,41036.32,0.58,339.0,0.04,2279.8,1738.83,0.5,1.0,2.0,32.0,0.02,118.0,221.0,25.0,10.0,86.0,42.11,34.0,TRUE
16.0,11.0,10.0,9.0,9.0,20.0,6.0,0.15,10.0,2.0,6.0,1.0,29.0,1.0,0.0,31.0,0.0,39.1,16.0,10008.97,0.21,121.0,0.06,556.05,625.56,0.17,5.0,10.0,25.0,0.09,40.0,81.0,20.0,16.0,67.0,36.73,40.0,TRUE
14.0,5.0,0.0,3.0,2.0,8.0,3.0,0.04,4.0,2.0,1.0,0.33,10.0,1.0,0.0,64.0,0.0,44.68,37.34,62299.43,0.56,340.0,0.03,3461.08,1668.34,0.33,2.0,4.0,9.0,0.04,129.0,211.0,19.0,11.0,85.0,7.25,67.0,TRUE
1.0,1.0,0.0,0.0,0.0,0.0,1.0,0.05,0.0,0.0,1.0,1.0,1.0,1.0,0.0,19.0,2.0,10.42,45.0,21097.27,0.16,167.0,0.02,1172.07,468.83,1.0,0.0,0.0,2.0,0.05,36.0,131.0,2.0,5.0,22.0,0.0,19.0,FALSE
5.0,5.0,1.0,2.0,2.0,8.0,3.0,0.1,4.0,2.0,1.0,0.33,11.0,1.0,0.0,27.0,1.0,31.25,16.0,7999.44,0.17,104.0,0.06,444.41,499.96,0.33,2.0,4.0,10.0,0.08,32.0,72.0,14.0,14.0,38.0,12.9,29.0,TRUE
3.0,1.0,1.0,0.0,2.0,0.0,1.0,0.33,0.0,0.0,1.0,1.0,2.0,1.0,0.0,3.0,0.0,8.72,4.0,139.48,0.01,11.0,0.25,7.75,34.87,1.0,0.0,0.0,3.0,0.1,4.0,7.0,3.0,6.0,10.0,40.0,3.0,FALSE
6.0,3.0,2.0,2.0,4.0,4.0,2.0,0.11,2.0,2.0,2.0,1.0,8.0,1.0,0.0,16.0,0.0,26.74,12.83,4403.53,0.11,73.0,0.08,244.64,343.13,0.5,1.0,2.0,8.0,0.07,22.0,51.0,12.0,14.0,30.0,27.27,18.0,TRUE
8.0,13.0,1.0,7.0,2.0,18.0,7.0,0.19,6.0,3.0,2.0,0.29,24.0,5.0,0.0,29.0,0.0,22.98,22.76,11910.2,0.17,102.0,0.04,661.68,523.19,0.71,6.0,9.0,19.0,0.15,43.0,59.0,17.0,18.0,48.0,23.68,36.0,TRUE
1.0,5.0,1.0,0.0,0.0,4.0,3.0,0.23,2.0,2.0,2.0,0.67,10.0,1.0,0.0,13.0,1.0,17.72,8.91,1406.67,0.05,34.0,0.11,78.15,157.89,0.33,1.0,2.0,9.0,0.19,14.0,20.0,11.0,14.0,16.0,0.0,13.0,FALSE
3.0,1.0,1.0,0.0,2.0,0.0,1.0,0.33,0.0,0.0,1.0,1.0,2.0,1.0,0.0,3.0,0.0,8.72,4.0,139.48,0.01,11.0,0.25,7.75,34.87,1.0,0.0,0.0,3.0,0.1,4.0,7.0,3.0,6.0,10.0,40.0,3.0,FALSE
21.0,7.0,13.0,5.0,9.0,12.0,4.0,0.12,6.0,2.0,4.0,1.0,26.0,1.0,0.0,28.0,0.0,81.88,7.97,5199.37,0.22,121.0,0.13,288.85,652.47,0.25,3.0,6.0,24.0,0.06,51.0,70.0,32.0,10.0,65.0,33.33,33.0,TRUE
23.0,5.0,1.0,24.0,19.0,8.0,3.0,0.04,4.0,2.0,2.0,0.67,11.0,1.0,0.0,55.0,0.0,74.79,38.6,111439.21,0.96,483.0,0.03,6191.07,2887.03,0.33,2.0,4.0,10.0,0.02,193.0,290.0,45.0,18.0,123.0,43.88,79.0,TRUE
2.0,1.0,0.0,0.0,1.0,0.0,1.0,0.07,0.0,0.0,1.0,1.0,1.0,1.0,0.0,14.0,2.0,20.1,20.0,8039.07,0.13,121.0,0.05,446.61,401.95,1.0,0.0,0.0,2.0,0.05,60.0,61.0,6.0,4.0,20.0,6.67,14.0,FALSE
14.0,1.0,9.0,3.0,9.0,0.0,1.0,0.08,0.0,0.0,1.0,1.0,10.0,1.0,0.0,10.0,0.0,45.63,4.38,873.48,0.07,47.0,0.23,48.53,199.65,1.0,0.0,0.0,11.0,0.03,15.0,32.0,12.0,7.0,38.0,54.55,13.0,TRUE
0.0,13.0,0.0,0.0,0.0,0.0,7.0,1.0,0.0,0.0,1.0,0.14,19.0,7.0,1.0,7.0,1.0,23.57,7.11,1191.72,0.06,41.0,0.14,66.21,167.59,1.0,0.0,0.0,14.0,0.88,16.0,25.0,9.0,8.0,8.0,0.0,7.0,FALSE
11.0,13.0,4.0,1.0,3.0,18.0,7.0,0.32,6.0,3.0,4.0,0.57,23.0,1.0,0.0,21.0,0.0,48.64,9.91,4779.6,0.16,94.0,0.1,265.53,482.15,0.14,6.0,9.0,18.0,0.18,38.0,56.0,23.0,12.0,38.0,16.0,22.0,TRUE
34.0,15.0,5.0,9.0,52.0,20.0,8.0,0.2,6.0,3.0,4.0,0.5,27.0,1.0,0.0,32.0,0.0,40.58,25.19,25740.38,0.34,184.0,0.04,1430.02,1022.04,0.13,7.0,10.0,21.0,0.06,68.0,116.0,27.0,20.0,138.0,65.59,41.0,FALSE
0.0,3.0,0.0,0.0,0.0,4.0,2.0,0.5,2.0,2.0,1.0,0.5,5.0,1.0,0.0,4.0,1.0,3.4,22.5,1719.1,0.03,23.0,0.04,95.51,76.4,0.5,1.0,2.0,5.0,0.33,5.0,18.0,1.0,9.0,6.0,0.0,4.0,FALSE
0.0,13.0,0.0,1.0,2.0,24.0,7.0,0.7,12.0,2.0,1.0,0.14,31.0,1.0,0.0,9.0,0.0,13.5,17.0,3900.44,0.08,64.0,0.06,216.69,229.44,0.14,6.0,12.0,26.0,0.5,34.0,30.0,6.0,6.0,14.0,25.0,10.0,FALSE
4.0,3.0,1.0,2.0,0.0,4.0,2.0,0.15,2.0,2.0,1.0,0.5,6.0,1.0,0.0,11.0,1.0,28.24,7.14,1440.99,0.07,44.0,0.14,80.05,201.74,0.5,1.0,2.0,6.0,0.11,20.0,24.0,14.0,10.0,19.0,15.38,13.0,FALSE
9.0,11.0,3.0,3.0,10.0,20.0,6.0,0.16,10.0,2.0,6.0,1.0,24.0,1.0,0.0,35.0,1.0,34.2,29.65,30059.84,0.34,201.0,0.03,1669.99,1013.92,0.17,5.0,10.0,20.0,0.1,63.0,138.0,17.0,16.0,59.0,27.08,38.0,TRUE
7.0,5.0,1.0,3.0,3.0,8.0,3.0,0.27,4.0,2.0,2.0,0.67,10.0,1.0,0.0,8.0,0.0,8.09,21.0,3568.26,0.06,40.0,0.05,198.24,169.92,0.33,2.0,4.0,9.0,0.13,15.0,25.0,5.0,14.0,23.0,42.86,11.0,TRUE
3.0,1.0,0.0,1.0,0.0,0.0,1.0,0.25,0.0,0.0,1.0,1.0,1.0,1.0,0.0,3.0,0.0,11.58,2.67,82.35,0.01,11.0,0.38,4.57,30.88,1.0,0.0,0.0,2.0,0.1,4.0,7.0,3.0,4.0,10.0,25.0,4.0,TRUE
0.0,5.0,1.0,0.0,0.0,0.0,3.0,1.0,0.0,0.0,1.0,0.33,10.0,1.0,0.0,0.0,1.0,0.0,0.0,0.0,0.0,0.0,0.0,0.0,0.0,0.33,0.0,0.0,9.0,0.3,0.0,0.0,0.0,0.0,10.0,0.0,0.0,FALSE
8.0,11.0,2.0,0.0,4.0,18.0,6.0,0.19,8.0,2.0,4.0,0.67,23.0,5.0,0.0,32.0,0.0,34.06,15.11,7772.08,0.17,102.0,0.07,431.78,514.53,0.83,5.0,9.0,19.0,0.13,41.0,61.0,19.0,14.0,46.0,11.11,32.0,FALSE
2.0,3.0,1.0,0.0,1.0,0.0,2.0,0.29,0.0,0.0,2.0,1.0,5.0,1.0,0.0,7.0,3.0,17.79,5.63,562.94,0.03,24.0,0.18,31.27,100.08,0.5,0.0,0.0,5.0,0.18,9.0,15.0,8.0,10.0,11.0,12.5,7.0,FALSE
7.0,3.0,2.0,3.0,2.0,4.0,2.0,0.17,2.0,2.0,2.0,1.0,8.0,1.0,0.0,9.0,1.0,18.89,9.82,1820.94,0.06,41.0,0.1,101.16,185.47,0.5,1.0,2.0,8.0,0.09,18.0,23.0,11.0,12.0,23.0,35.71,12.0,TRUE
23.0,21.0,2.0,13.0,15.0,40.0,11.0,0.14,20.0,2.0,8.0,0.73,44.0,1.0,0.0,66.0,0.0,44.4,36.47,59060.03,0.54,321.0,0.03,3281.11,1619.25,0.09,10.0,20.0,35.0,0.09,99.0,222.0,19.0,14.0,119.0,29.79,79.0,TRUE
11.0,3.0,3.0,3.0,10.0,4.0,2.0,0.08,2.0,2.0,2.0,1.0,8.0,1.0,0.0,21.0,1.0,23.75,19.5,9030.08,0.15,101.0,0.05,501.67,463.08,0.5,1.0,2.0,8.0,0.04,39.0,62.0,12.0,12.0,47.0,38.24,24.0,TRUE
1.0,1.0,1.0,0.0,0.0,0.0,1.0,0.2,0.0,0.0,1.0,1.0,3.0,1.0,0.0,5.0,0.0,9.88,7.0,484.32,0.02,20.0,0.14,26.91,69.19,1.0,0.0,0.0,4.0,0.13,8.0,12.0,4.0,7.0,8.0,0.0,5.0,FALSE
2.0,1.0,2.0,2.0,0.0,0.0,1.0,0.2,0.0,0.0,1.0,1.0,3.0,1.0,0.0,3.0,1.0,11.59,4.38,221.89,0.02,16.0,0.23,12.33,50.72,1.0,0.0,0.0,4.0,0.11,7.0,9.0,4.0,5.0,9.0,40.0,5.0,FALSE
14.0,1.0,1.0,55.0,0.0,0.0,1.0,0.0,0.0,0.0,1.0,1.0,196.0,1.0,0.0,155.0,0.0,2246.32,11.67,306039.54,8.74,2833.0,0.09,17002.2,26219.5,1.0,0.0,0.0,197.0,0.0,1403.0,1430.0,601.0,10.0,226.0,26.19,210.0,TRUE
2.0,1.0,1.0,0.0,0.0,0.0,1.0,0.5,0.0,0.0,1.0,1.0,2.0,1.0,0.0,2.0,0.0,7.74,1.5,17.41,0.0,5.0,0.67,0.97,11.61,1.0,0.0,0.0,3.0,0.17,2.0,3.0,2.0,3.0,6.0,0.0,2.0,FALSE
10.0,7.0,1.0,1.0,2.0,4.0,5.0,0.19,2.0,2.0,2.0,0.4,15.0,1.0,0.0,26.0,1.0,27.87,12.27,4193.22,0.11,69.0,0.08,232.96,341.84,0.2,1.0,2.0,12.0,0.12,23.0,46.0,15.0,16.0,41.0,10.34,27.0,TRUE
0.0,27.0,0.0,0.0,0.0,0.0,14.0,1.0,0.0,0.0,1.0,0.07,46.0,9.0,0.0,0.0,2.0,0.0,0.0,0.0,0.0,0.0,0.0,0.0,0.0,0.64,0.0,0.0,34.0,0.45,0.0,0.0,0.0,0.0,31.0,0.0,0.0,FALSE
3.0,5.0,2.0,0.0,0.0,6.0,3.0,0.33,2.0,3.0,3.0,1.0,9.0,3.0,1.0,9.0,1.0,16.47,9.33,1434.82,0.05,35.0,0.11,79.71,153.73,1.0,2.0,3.0,8.0,0.21,14.0,21.0,9.0,12.0,14.0,0.0,9.0,FALSE
19.0,13.0,3.0,4.0,21.0,24.0,7.0,0.23,12.0,2.0,4.0,0.57,29.0,5.0,0.0,26.0,0.0,13.72,40.09,22050.0,0.18,110.0,0.02,1225.0,550.0,0.71,6.0,12.0,24.0,0.1,42.0,68.0,11.0,21.0,72.0,49.02,30.0,FALSE
0.0,1.0,0.0,0.0,0.0,0.0,1.0,0.5,0.0,0.0,1.0,1.0,1.0,1.0,0.0,2.0,1.0,7.75,2.0,31.02,0.01,6.0,0.5,1.72,15.51,1.0,0.0,0.0,2.0,0.25,2.0,4.0,2.0,4.0,4.0,0.0,2.0,FALSE
6.0,37.0,2.0,6.0,4.0,60.0,19.0,0.23,24.0,2.0,2.0,0.11,63.0,18.0,0.0,75.0,1.0,38.0,40.44,62131.34,0.51,267.0,0.02,3451.74,1536.55,0.95,18.0,30.0,46.0,0.2,109.0,158.0,31.0,23.0,93.0,11.76,81.0,FALSE
2.0,3.0,4.0,1.0,0.0,4.0,2.0,0.17,2.0,2.0,2.0,1.0,8.0,1.0,0.0,11.0,1.0,27.68,8.25,1884.3,0.08,52.0,0.12,104.68,228.4,0.5,1.0,2.0,8.0,0.13,15.0,37.0,10.0,11.0,16.0,8.33,12.0,TRUE
22.0,15.0,9.0,4.0,11.0,26.0,8.0,0.22,12.0,2.0,5.0,0.63,35.0,1.0,0.0,32.0,0.0,43.42,14.61,9265.54,0.21,120.0,0.07,514.75,634.25,0.13,7.0,13.0,29.0,0.11,42.0,78.0,23.0,16.0,71.0,31.91,36.0,TRUE
13.0,17.0,6.0,14.0,10.0,26.0,9.0,0.35,10.0,2.0,2.0,0.22,33.0,1.0,0.0,12.0,0.0,27.0,19.97,10770.44,0.18,100.0,0.05,598.36,539.23,0.11,8.0,13.0,26.0,0.18,33.0,67.0,19.0,23.0,51.0,66.67,26.0,TRUE
9.0,7.0,5.0,5.0,4.0,12.0,4.0,0.22,6.0,2.0,3.0,0.75,18.0,1.0,0.0,13.0,0.0,23.66,13.46,4289.42,0.11,67.0,0.07,238.3,318.58,0.25,3.0,6.0,16.0,0.12,29.0,38.0,14.0,13.0,33.0,40.91,18.0,TRUE
9.0,11.0,1.0,5.0,3.0,20.0,6.0,0.15,10.0,2.0,1.0,0.17,25.0,1.0,0.0,35.0,1.0,28.15,27.0,20519.43,0.25,147.0,0.04,1139.97,759.98,0.17,5.0,10.0,21.0,0.11,54.0,93.0,18.0,18.0,54.0,18.6,40.0,TRUE
10.0,5.0,1.0,2.0,4.0,8.0,3.0,0.09,4.0,2.0,3.0,1.0,13.0,1.0,0.0,31.0,1.0,32.42,21.5,14986.93,0.23,145.0,0.05,832.61,697.07,0.33,2.0,4.0,12.0,0.06,43.0,102.0,14.0,14.0,49.0,16.21,33.0,FALSE
0.0,3.0,1.0,0.0,0.0,0.0,2.0,1.0,0.0,0.0,1.0,0.5,6.0,1.0,0.0,0.0,1.0,0.0,0.0,0.0,0.0,0.0,0.0,0.0,0.0,0.5,0.0,0.0,6.0,0.29,0.0,0.0,0.0,0.0,7.0,0.0,0.0,FALSE
18.0,15.0,12.0,10.0,9.0,26.0,8.0,0.11,12.0,2.0,4.0,0.5,43.0,3.0,0.0,60.0,0.0,57.8,36.88,78609.33,0.71,358.0,0.03,4367.19,2131.6,0.38,7.0,13.0,37.0,0.08,144.0,214.0,41.0,21.0,99.0,24.05,70.0,TRUE
1.0,3.0,1.0,0.0,0.0,0.0,2.0,0.18,0.0,0.0,2.0,1.0,8.0,1.0,0.0,11.0,1.0,18.29,7.0,896.0,0.04,32.0,0.14,49.78,128.0,0.5,0.0,0.0,8.0,0.15,14.0,18.0,8.0,8.0,13.0,0.0,11.0,FALSE
12.0,1.0,5.0,3.0,5.0,0.0,1.0,0.1,0.0,0.0,1.0,1.0,8.0,1.0,0.0,7.0,0.0,33.33,5.4,972.0,0.06,45.0,0.19,54.0,180.0,1.0,0.0,0.0,9.0,0.03,18.0,27.0,10.0,6.0,29.0,53.33,10.0,TRUE
2.0,13.0,0.0,0.0,1.0,24.0,7.0,0.41,12.0,2.0,1.0,0.14,31.0,1.0,0.0,17.0,3.0,23.2,19.0,8375.9,0.15,102.0,0.05,465.33,440.84,0.14,6.0,12.0,26.0,0.28,57.0,45.0,12.0,8.0,25.0,5.56,17.0,FALSE
19.0,29.0,3.0,20.0,20.0,54.0,15.0,0.15,26.0,2.0,7.0,0.47,62.0,3.0,0.0,82.0,1.0,23.98,98.43,232360.35,0.79,425.0,0.01,12908.91,2360.7,0.2,14.0,27.0,49.0,0.1,159.0,266.0,21.0,26.0,143.0,32.79,102.0,TRUE
14.0,1.0,10.0,3.0,7.0,0.0,1.0,0.07,0.0,0.0,1.0,1.0,11.0,1.0,0.0,11.0,0.0,59.86,4.16,1034.06,0.08,55.0,0.24,57.45,248.8,1.0,0.0,0.0,12.0,0.03,19.0,36.0,16.0,7.0,37.0,47.62,14.0,TRUE
10.0,3.0,0.0,0.0,4.0,4.0,2.0,0.14,2.0,2.0,1.0,0.5,7.0,1.0,0.0,14.0,2.0,18.81,17.05,5466.9,0.11,73.0,0.06,303.72,320.64,0.5,1.0,2.0,7.0,0.06,31.0,42.0,10.0,11.0,31.0,22.22,14.0,FALSE
4.0,3.0,2.0,0.0,12.0,4.0,2.0,0.29,2.0,2.0,2.0,1.0,6.0,1.0,0.0,7.0,0.0,14.1,5.4,411.19,0.03,20.0,0.19,22.84,76.15,0.5,1.0,2.0,6.0,0.08,6.0,14.0,5.0,9.0,25.0,63.16,7.0,FALSE
24.0,31.0,8.0,52.0,21.0,52.0,16.0,0.15,22.0,2.0,10.0,0.63,61.0,9.0,0.0,52.0,1.0,45.07,43.48,85224.2,0.65,339.0,0.02,4734.68,1959.88,0.56,15.0,26.0,47.0,0.11,121.0,218.0,32.0,23.0,151.0,58.4,104.0,TRUE
