loc,v(g),ev(g),iv(g),n,v,l,d,i,e,b,t,lOCode,lOComment,lOBlank,lOCodeAndComment,uniq_Op,uniq_Opnd,total_Op,total_Opnd,branchCount
1.237335802662861,1.2896186457164056,1.7797470243313613,1.4063358712022724,1.2630456626720465,1.2630456626720465,-0.8517259806982665,0.9036195275140563,1.5461608427953877,1.141838570145516,1.2124187877842671,1.141838570145516,1.3753786498834617,0.3481872925165802,0.6561352756118646,-5.199337582605575,0.31091065437940385,1.164722210836303,1.2896186457164054,1.237335802662861,1.2896186457164056
-0.41143830150201166,-0.33571048035200285,-5.199337582605575,-0.20141308200387656,-0.4436757985571845,-0.43719238618455963,0.4242801658692169,-0.2924363072946526,-0.5778279520282654,-0.41143830150201166,-0.5163158858752855,-0.41143830150201166,-0.3859542976636214,-5.199337582605575,-0.41143830150201166,-5.199337582605575,-0.36071854601173053,-0.5917909108838713,-0.41143830150201166,-0.5163158858752855,-0.32949173827431244
1.188232598287375,1.1306178708516468,1.2762195085596786,1.4063358712022724,0.9580685976089729,0.9580685976089729,-0.5433999500473384,0.7699752841789089,1.164722210836303,0.9396096191602995,0.9304992040482307,0.9396096191602995,1.0765303368163022,1.2630456626720465,1.2002379297468397,-5.199337582605575,0.8266231281397208,1.0977802227040943,0.9487986970572456,0.9125061236623734,1.153204904155107
-0.011768479506540534,0.41143830150201166,-5.199337582605575,0.0942851711969144,-0.017653228648661298,-0.04120038062784789,0.27406124145209654,-0.15954508992311342,0.3170921134278671,-0.10019716911239164,-0.04709022934421194,-0.10019716911239164,0.02353858919571012,-5.199337582605575,0.41785061995716233,-5.199337582605575,-0.2557782547079564,-0.017653228648661298,0.011768479506540813,0.011768479506540813,0.42428016586921724
0.2924363072946526,-0.0942851711969144,-5.199337582605575,0.0942851711969144,0.32949173827431244,0.30474105269084517,0.19541200066782957,-0.029424765179935395,0.6343972616258936,0.14763718410457638,0.27406124145209654,0.14763718410457638,0.2924363072946526,-5.199337582605575,0.41785061995716233,-5.199337582605575,-0.17147566282747315,0.30474105269084517,0.31091065437940385,0.2801756816848518,-0.07656810099366816
-1.7517767325964833,-5.199337582605575,-5.199337582605575,-5.199337582605575,-5.199337582605575,-5.199337582605575,-5.199337582605575,-5.199337582605575,-5.199337582605575,-5.199337582605575,-5.199337582605575,-5.199337582605575,-1.8732572954147062,-5.199337582605575,-5.199337582605575,-5.199337582605575,-5.199337582605575,-5.199337582605575,-5.199337582605575,-5.199337582605575,-5.199337582605575
1.005712287665531,1.455467410332299,1.2762195085596786,1.0977802227040943,1.0455374359127296,1.0354271248336868,-0.8517259806982665,1.2630456626720465,0.810173656886858,1.164722210836303,1.015517613293485,1.164722210836303,0.9960027144534012,0.810173656886858,1.2002379297468397,1.4726513521641156,1.005712287665531,0.8602135051065599,1.0557557657869332,1.0354271248336868,1.455467410332299
-0.24363730038469736,-0.33571048035200285,-5.199337582605575,-5.199337582605575,-0.4436757985571845,-0.41785061995716233,0.7779139932047426,-0.6129549871932499,-0.26795703033347446,-0.4962496149299904,-0.5163158858752855,-0.4962496149299904,-0.6200706601124467,-5.199337582605575,-5.199337582605575,-5.199337582605575,-0.36071854601173053,0.0942851711969144,-0.231532154296155,-0.14763718410457624,-0.32949173827431244
1.164722210836303,1.345686146905198,1.5083874268195065,1.5659048595991722,1.237335802662861,1.345686146905198,-0.8517259806982665,1.0660855379029155,1.472651352164115,1.2630456626720465,1.2896186457164056,1.2630456626720465,1.2630456626720465,0.3481872925165802,0.810173656886858,1.8732572954147062,1.345686146905198,1.7251133770389853,1.1763961244428374,1.3753786498834617,1.345686146905198
-1.1195377438602052,-5.199337582605575,-5.199337582605575,-5.199337582605575,-1.3906906674595174,-1.3906906674595174,1.3753786498834617,-1.0977802227040943,-1.2762195085596786,-1.2762195085596786,-5.199337582605575,-1.345686146905198,-1.066085537902915,-5.199337582605575,-5.199337582605575,-5.199337582605575,-1.0977802227040943,-1.2247822432989568,-1.1763961244428374,-1.2247822432989568,-5.199337582605575
-0.5433999500473384,-5.199337582605575,-5.199337582605575,-5.199337582605575,-0.6856121044129418,-0.6781878705856446,0.7156970969546974,-0.5502329235462904,-0.6708008312765313,-0.6200706601124467,-0.730984316847628,-0.6200706601124467,-0.6200706601124467,-5.199337582605575,-0.41143830150201166,-5.199337582605575,-0.6634502165382117,-0.6634502165382117,-0.7156970969546974,-0.6856121044129418,-5.199337582605575
-1.1195377438602052,-5.199337582605575,-5.199337582605575,-5.199337582605575,-1.3906906674595174,-1.3906906674595174,1.3753786498834617,-1.0977802227040943,-1.2762195085596786,-1.2762195085596786,-5.199337582605575,-1.345686146905198,-1.066085537902915,-5.199337582605575,-5.199337582605575,-5.199337582605575,-1.0977802227040943,-1.2247822432989568,-1.1763961244428374,-1.2247822432989568,-5.199337582605575
-1.1195377438602052,-5.199337582605575,-5.199337582605575,-5.199337582605575,-1.3906906674595174,-1.3906906674595174,1.3753786498834617,-1.0977802227040943,-1.2762195085596786,-1.2762195085596786,-5.199337582605575,-1.345686146905198,-1.066085537902915,-5.199337582605575,-5.199337582605575,-5.199337582605575,-1.0977802227040943,-1.2247822432989568,-1.1763961244428374,-1.2247822432989568,-5.199337582605575
1.8402761875098597,1.7797470243313613,1.1418385701455152,1.6751912508818056,1.908411681888471,1.908411681888471,-1.164722210836303,1.4387028137748752,2.194924499305056,1.7251133770389853,1.8402761875098597,1.7251133770389853,1.8402761875098597,1.7251133770389853,1.908411681888471,1.6751912508818056,1.345686146905198,1.9867657945821415,1.908411681888471,1.7797470243313793,1.7797470243313613
-0.7939405408106652,-5.199337582605575,-5.199337582605575,-5.199337582605575,-0.9863861436902606,-0.9863861436902606,1.3753786498834617,-1.0977802227040943,-0.8432993739622964,-0.9304992040482307,-5.199337582605575,-0.9768599379419292,-1.066085537902915,-5.199337582605575,-0.41143830150201166,-5.199337582605575,-1.0977802227040943,-0.8183707123886019,-1.1763961244428374,-0.8432993739622964,-5.199337582605575
0.5847951795549954,0.41143830150201166,-5.199337582605575,0.6708008312765316,0.6930743226183035,0.6488552762353474,-0.5433999500473384,0.6634502165382117,0.5502329235462904,0.6200706601124427,0.627217868539979,0.6200706601124424,0.5502329235462904,1.1418385701455152,0.20141308200387673,-5.199337582605575,0.31091065437940385,0.41785061995716233,0.6930743226183035,0.5917909108838713,0.42428016586921724
-1.1195377438602052,-5.199337582605575,-5.199337582605575,-5.199337582605575,-0.9863861436902606,-0.9863861436902606,1.3753786498834617,-1.0977802227040943,-0.8432993739622964,-0.9304992040482307,-5.199337582605575,-0.9768599379419292,-1.066085537902915,-5.199337582605575,-5.199337582605575,-5.199337582605575,-1.0977802227040943,-0.8183707123886019,-1.1763961244428374,-0.8432993739622964,-5.199337582605575
0.8517259806982667,1.0765303368163022,1.005712287665531,0.8687634548202497,0.8687634548202494,0.8860569224058212,-0.5433999500473384,0.7233195768091407,0.9580685976089729,0.8687634548202494,0.8517259806982667,0.8687634548202494,0.8517259806982667,1.0354271248336868,1.0455374359127296,1.1195377438602057,1.005712287665531,1.141838570145516,0.8602135051065599,0.8860569224058212,1.0977802227040943
1.345686146905198,1.345686146905198,0.8183707123886019,1.6751912508818056,1.188232598287375,1.2124187877842671,-0.8517259806982665,1.188232598287375,1.1195377438602052,1.2124187877842671,1.164722210836303,1.2124187877842671,1.4063358712022733,1.2630456626720465,1.141838570145516,-5.199337582605575,1.345686146905198,1.2124187877842667,1.237335802662861,1.0870939186959654,1.345686146905198
-0.2801756816848518,-0.33571048035200285,-5.199337582605575,-0.20141308200387656,-0.2924363072946526,-0.26795703033347446,0.3796229098939759,-0.24363730038469736,-0.41785061995716233,-0.26795703033347446,-0.3047410526908449,-0.26795703033347446,-0.2497031766381543,0.11795503445067536,-5.199337582605575,-5.199337582605575,-0.04709022934421194,-0.24363730038469722,-0.33571048035200285,-0.2557782547079564,-0.32949173827431244
-0.5433999500473384,-5.199337582605575,-5.199337582605575,-5.199337582605575,-0.6856121044129418,-0.6781878705856446,0.7156970969546974,-0.5502329235462904,-0.6708008312765313,-0.6200706601124467,-0.730984316847628,-0.6200706601124467,-0.6200706601124467,-5.199337582605575,-0.41143830150201166,-5.199337582605575,-0.6634502165382117,-0.6634502165382117,-0.7156970969546974,-0.6856121044129418,-5.199337582605575
-1.1195377438602052,-5.199337582605575,-5.199337582605575,-5.199337582605575,-0.9863861436902606,-0.9863861436902606,1.3753786498834617,-1.0977802227040943,-0.8432993739622964,-0.9304992040482307,-5.199337582605575,-0.9768599379419292,-1.066085537902915,-5.199337582605575,-5.199337582605575,-5.199337582605575,-1.0977802227040943,-0.8183707123886019,-1.1763961244428374,-0.8432993739622964,-5.199337582605575
-0.18941794852071067,-0.0942851711969144,0.5778279520282655,-0.20141308200387656,-0.2557782547079564,-0.2801756816848516,0.0942851711969144,0.029424765179935534,-0.482982754533009,-0.2074214256689529,-0.3047410526908449,-0.2074214256689529,-0.16550743158818593,0.11795503445067536,-0.18343069425041766,-5.199337582605575,-0.04709022934421194,-0.41143830150201166,-0.2863006147481917,-0.29858302900635336,-0.07656810099366816
-0.13575017698006733,-0.0942851711969144,-5.199337582605575,-0.20141308200387656,-0.24363730038469736,-0.21946084210116953,0.4896054127262636,-0.32949173827431244,-0.11203188886615173,-0.2557782547079564,-0.2557782547079564,-0.2557782547079564,-0.2497031766381543,1.0354271248336868,0.07656810099366816,-5.199337582605575,-0.04709022934421194,-0.13575017698006733,-0.231532154296155,-0.2557782547079564,-0.07656810099366816
-0.7156970969546974,-5.199337582605575,-5.199337582605575,-5.199337582605575,-0.5230507067251935,-0.5230507067251935,0.8183707123886019,-0.6488552762353473,-0.3670053551718545,-0.5502329235462902,-0.5163158858752855,-0.5502329235462902,-0.5163158858752855,-5.199337582605575,-5.199337582605575,-5.199337582605575,-0.6634502165382117,-0.41143830150201166,-0.5988157254156958,-0.4436757985571845,-5.199337582605575
-1.1195377438602052,-5.199337582605575,-5.199337582605575,-5.199337582605575,-1.3906906674595174,-1.3906906674595174,1.3753786498834617,-1.0977802227040943,-1.2762195085596786,-1.2762195085596786,-5.199337582605575,-1.345686146905198,-1.066085537902915,-5.199337582605575,-5.199337582605575,-5.199337582605575,-1.0977802227040943,-1.2247822432989568,-1.1763961244428374,-1.2247822432989568,-5.199337582605575
0.45669911932122276,0.7699752841789085,0.8183707123886019,0.6708008312765316,0.6561352756118646,0.6634502165382117,-0.8517259806982665,1.1085933833417223,0.30474105269084517,0.7699752841789089,0.627217868539979,0.7699752841789089,0.4632398038244735,0.11795503445067536,0.810173656886858,-5.199337582605575,1.005712287665531,0.36700535517185434,0.730984316847628,0.5096044031179258,0.7859020343798331
0.6200706601124462,0.26795703033347473,-5.199337582605575,0.5096044031179258,0.810173656886858,0.834932226744328,-0.30474105269084506,0.40504285616301994,1.0557557657869332,0.6781878705856446,0.8020306803054007,0.6781878705856446,0.5917909108838713,0.810173656886858,0.6561352756118646,1.4726513521641156,0.15358841466960238,0.8602135051065599,0.730984316847628,0.8602135051065599,0.27406124145209654
-0.6272178685399789,-5.199337582605575,-5.199337582605575,-5.199337582605575,-0.5096044031179257,-0.5096044031179257,1.3753786498834617,-1.0977802227040943,0.2801756816848518,-0.6781878705856446,-0.5163158858752855,-0.6781878705856446,-0.5163158858752855,-5.199337582605575,-5.199337582605575,-5.199337582605575,-1.0977802227040943,-0.4962496149299904,-0.529809336175732,-0.4436757985571845,-5.199337582605575
0.9214653728676122,0.5502329235462904,0.5778279520282655,0.6708008312765316,0.810173656886858,0.8020306803054007,-0.30474105269084506,0.36071854601173053,1.0354271248336868,0.6343972616258936,0.7620848074624755,0.6343972616258936,0.7699752841789089,1.8402761875098597,0.5502329235462904,-5.199337582605575,0.31091065437940385,0.7386922436465501,0.834932226744328,0.6930743226183035,0.5708886614807945
0.05298171210299648,0.26795703033347473,-5.199337582605575,-0.20141308200387656,0.2557782547079564,0.26795703033347446,0.0942851711969144,0.04120038062784789,0.5096044031179258,0.15954508992311356,0.231532154296155,0.15954508992311356,0.08837646690321847,-5.199337582605575,0.20141308200387673,1.1195377438602057,0.15358841466960238,0.5365922541013273,0.17147566282747315,0.30474105269084517,0.27406124145209654
0.8183707123886019,0.8948037249220387,-5.199337582605575,1.0977802227040943,0.834932226744328,0.8183707123886019,-0.11795503445067536,0.30474105269084517,1.2630456626720465,0.5917909108838713,0.7620848074624755,0.5917909108838713,0.9396096191602995,-5.199337582605575,0.41785061995716233,-5.199337582605575,-0.04709022934421194,0.6781878705856446,0.810173656886858,0.7859020343798312,0.9125061236623734
0.6488552762353474,0.41143830150201166,-5.199337582605575,0.32949173827431244,0.6058702155615682,0.6200706601124465,-0.5433999500473384,0.708115975747597,0.482982754533009,0.6488552762353474,0.5917909108838713,0.6488552762353474,0.627217868539979,0.5917909108838713,0.6561352756118646,1.1195377438602057,0.6561352756118646,0.6129549871932499,0.5570916844463071,0.6200706601124467,0.42428016586921724
-0.34194223257020145,-0.33571048035200285,-5.199337582605575,-5.199337582605575,-0.3419422325702016,-0.32949173827431244,0.6058702155615682,-0.45669911932122287,-0.08837646690321861,-0.3419422325702074,-0.37330670353707096,-0.3419422325702078,-0.2863006147481917,-5.199337582605575,-0.41143830150201166,-5.199337582605575,-0.36071854601173053,-0.24363730038469722,-0.3170921134278669,-0.32328571262011585,-0.32949173827431244
1.779747024331363,0.26795703033347473,-5.199337582605575,0.0942851711969144,1.9867657945821415,1.9867657945821415,-1.4387028137748752,1.7797470243313656,1.8402761875098597,1.9867657945821415,1.9867657945821415,1.9867657945821415,1.7797470243313707,0.5917909108838713,2.194924499305056,-5.199337582605575,0.8266231281397208,1.629125826244839,1.9867657945821415,1.9867657945821415,0.27406124145209654
0.5502329235462904,0.8948037249220387,0.6634502165382117,0.5096044031179258,0.482982754533009,0.4962496149299904,-0.5433999500473384,0.5778279520282655,0.41785061995716233,0.5502329235462904,0.47638121247696114,0.5502329235462904,0.6781878705856449,0.3481872925165802,0.07656810099366816,-5.199337582605575,0.31091065437940385,0.41785061995716233,0.47638121247696114,0.5230507067251938,0.9125061236623734
-0.7939405408106652,-5.199337582605575,-5.199337582605575,-5.199337582605575,-0.9863861436902606,-0.9863861436902606,1.3753786498834617,-1.0977802227040943,-0.8432993739622964,-0.9304992040482307,-5.199337582605575,-0.9768599379419292,-1.066085537902915,-5.199337582605575,-5.199337582605575,1.1195377438602057,-1.0977802227040943,-0.8183707123886019,-1.1763961244428374,-0.8432993739622964,-5.199337582605575
-1.1195377438602052,-5.199337582605575,-5.199337582605575,-5.199337582605575,-0.9863861436902606,-0.9863861436902606,1.3753786498834617,-1.0977802227040943,-0.8432993739622964,-0.9304992040482307,-5.199337582605575,-0.9768599379419292,-1.066085537902915,-5.199337582605575,-5.199337582605575,-5.199337582605575,-1.0977802227040943,-0.8183707123886019,-1.1763961244428374,-0.8432993739622964,-5.199337582605575
-0.45669911932122276,-0.33571048035200285,-5.199337582605575,-0.20141308200387656,-0.482982754533009,-0.48960541272626346,0.4242801658692169,-0.2924363072946526,-0.6129549871932499,-0.4501779146925462,-0.5163158858752855,-0.4501779146925462,-0.3859542976636214,-5.199337582605575,-5.199337582605575,-5.199337582605575,-0.36071854601173053,-0.5917909108838713,-0.45017791469254637,-0.5163158858752855,-0.32949173827431244
0.6058702155615682,0.41143830150201166,-5.199337582605575,0.6708008312765316,0.45669911932122276,0.43072729929545805,-0.30474105269084506,0.37962290989397623,0.3670053551718546,0.41785061995716233,0.40504285616301966,0.41785061995716233,0.627217868539979,0.5917909108838713,0.41785061995716233,1.1195377438602057,0.15358841466960238,0.3419422325702016,0.4436757985571845,0.4307272992954577,0.42428016586921724
-0.7156970969546974,-0.33571048035200285,-5.199337582605575,-5.199337582605575,-0.5502329235462904,-0.5570916844463072,0.8860569224058209,-0.708115975747597,-0.32949173827431244,-0.5778279520282654,-0.5163158858752855,-0.5778279520282654,-1.066085537902915,-5.199337582605575,-0.18343069425041766,-5.199337582605575,-0.6634502165382117,-0.41143830150201166,-0.5988157254156958,-0.5163158858752855,-0.32949173827431244
-0.6272178685399789,-5.199337582605575,-5.199337582605575,-5.199337582605575,-0.6856121044129418,-0.6781878705856446,0.7156970969546974,-0.5502329235462904,-0.6708008312765313,-0.6200706601124467,-0.730984316847628,-0.6200706601124467,-0.6200706601124467,-5.199337582605575,-5.199337582605575,-5.199337582605575,-0.6634502165382117,-0.6634502165382117,-0.7156970969546974,-0.6856121044129418,-5.199337582605575
0.017653228648661298,0.41143830150201166,1.005712287665531,0.6708008312765316,0.06477040227667517,0.07656810099366816,-0.30474105269084506,0.3923011950422989,-0.2557782547079564,0.1834306942504164,0.029424765179935534,0.1834306942504164,0.11203188886615173,0.11795503445067536,0.07656810099366816,-5.199337582605575,1.1763961244428374,-0.0824708464948345,0.15954508992311356,-0.11795503445067536,0.42428016586921724
0.11203188886615173,0.5502329235462904,-5.199337582605575,0.32949173827431244,0.15954508992311356,0.13575017698006733,0.0,0.17147566282747315,0.02942476517993442,0.12388232125861098,0.08837646690321847,0.1238823212586107,0.24970317663815458,-5.199337582605575,-0.029424765179935395,-5.199337582605575,0.05298171210299648,-0.0824708464948345,0.18941794852071067,0.011768479506540813,0.5708886614807945
-1.1195377438602052,-5.199337582605575,-5.199337582605575,-5.199337582605575,-1.3906906674595174,-1.3906906674595174,1.3753786498834617,-1.0977802227040943,-1.2762195085596786,-1.2762195085596786,-5.199337582605575,-1.345686146905198,-1.066085537902915,-5.199337582605575,-5.199337582605575,-5.199337582605575,-1.0977802227040943,-1.2247822432989568,-1.1763961244428374,-1.2247822432989568,-5.199337582605575
-1.1195377438602052,-5.199337582605575,-5.199337582605575,-5.199337582605575,-0.2924363072946526,-0.30474105269084506,0.4896054127262636,-0.3670053551718545,-0.3419422325702019,-0.31709211342786625,-0.3047410526908449,-0.31709211342786625,-0.6200706601124467,0.11795503445067536,-5.199337582605575,1.1195377438602057,-0.7779139932047425,-0.4962496149299904,-0.6561352756118646,-0.5988157254156958,-5.199337582605575
-0.16550743158818593,0.10611267119769228,0.5778279520282655,0.0942851711969144,-0.18941794852071067,-0.18343069425041766,0.0942851711969144,0.005884137885376956,-0.37962290989397607,-0.14763718410457624,-0.20141308200387656,-0.14763718410457624,-0.14169117788346663,0.11795503445067536,-0.18343069425041766,-5.199337582605575,0.15358841466960238,-0.24363730038469722,-0.18343069425041766,-0.1774500083052407,0.11795503445067536
-0.37962290989397623,-0.33571048035200285,-5.199337582605575,-5.199337582605575,-0.3670053551718545,-0.3670053551718545,0.6343972616258936,-0.482982754533009,-0.17147566282747315,-0.43072729929545744,-0.37330670353707096,-0.43072729929545744,-0.3859542976636214,-5.199337582605575,-0.41143830150201166,-5.199337582605575,-0.45017791469254637,-0.31091065437940385,-0.3544459617678878,-0.36700535517185434,-0.32949173827431244
-2.1337426865369884,-5.199337582605575,-5.199337582605575,-5.199337582605575,-0.9863861436902606,-0.9863861436902606,1.3753786498834617,-1.0977802227040943,-0.8432993739622964,-0.9304992040482307,-5.199337582605575,-0.9768599379419292,-5.199337582605575,-5.199337582605575,-5.199337582605575,-5.199337582605575,-5.199337582605575,-5.199337582605575,-5.199337582605575,-5.199337582605575,-5.199337582605575
-1.1195377438602052,-5.199337582605575,-5.199337582605575,-5.199337582605575,-1.3906906674595174,-1.3906906674595174,1.3753786498834617,-1.0977802227040943,-1.2762195085596786,-1.2762195085596786,-5.199337582605575,-1.345686146905198,-1.066085537902915,-5.199337582605575,-5.199337582605575,-5.199337582605575,-1.0977802227040943,-1.2247822432989568,-1.1763961244428374,-1.2247822432989568,-5.199337582605575
0.32949173827431244,0.41143830150201166,0.6634502165382117,0.6708008312765316,0.1834306942504178,0.19541200066782957,-0.11795503445067536,0.24363730038469722,0.14763718410457638,0.20742142566895277,0.1655074315881862,0.20742142566895277,0.41785061995716233,0.5917909108838713,0.07656810099366816,-5.199337582605575,0.482982754533009,0.1834306942504178,0.22549239091507492,0.11203188886615173,0.42428016586921724
0.6488552762353474,0.26795703033347473,-5.199337582605575,0.5096044031179258,0.5778279520282655,0.5096044031179258,-0.30474105269084506,0.5502329235462904,0.4698003664403582,0.5639767532523378,0.47638121247696114,0.5639767532523378,0.6634502165382117,0.3481872925165802,1.0455374359127296,-5.199337582605575,0.05298171210299648,0.30474105269084517,0.5917909108838713,0.4962496149299904,0.27406124145209654
0.36700535517185434,0.10611267119769228,-5.199337582605575,0.0942851711969144,0.3670053551718546,0.4436757985571845,-0.30474105269084506,0.482982754533009,0.3419422325702016,0.43072729929545833,0.40504285616301966,0.43072729929545833,0.41785061995716233,-5.199337582605575,0.9487986970572456,-5.199337582605575,0.8266231281397208,0.5365922541013273,0.3544459617678878,0.411438301502012,0.11795503445067536
-1.7517767325964833,-5.199337582605575,-5.199337582605575,-5.199337582605575,-5.199337582605575,-5.199337582605575,-5.199337582605575,-5.199337582605575,-5.199337582605575,-5.199337582605575,-5.199337582605575,-5.199337582605575,-1.8732572954147062,-5.199337582605575,-5.199337582605575,-5.199337582605575,-5.199337582605575,-5.199337582605575,-5.199337582605575,-5.199337582605575,-5.199337582605575
0.482982754533009,0.7699752841789085,0.8183707123886019,0.5096044031179258,0.2924363072946526,0.3170921134278671,-0.5433999500473384,0.8517259806982667,-0.18343069425041766,0.482982754533009,0.27406124145209654,0.482982754533009,0.32949173827431244,1.5461608427953877,-0.18343069425041766,-5.199337582605575,1.1763961244428374,0.0942851711969144,0.2924363072946526,0.2557782547079564,0.7859020343798331
0.7699752841789089,1.345686146905198,1.3753786498834617,1.4063358712022724,0.9768599379419289,0.9768599379419283,-0.8517259806982665,1.1085933833417223,0.834932226744328,1.015517613293485,0.9304992040482307,1.015517613293485,0.8773773893133454,-5.199337582605575,0.41785061995716233,-5.199337582605575,0.8266231281397208,0.8602135051065599,0.9487986970572456,0.9768599379419289,1.345686146905198
-1.1195377438602052,-5.199337582605575,-5.199337582605575,-5.199337582605575,-1.3906906674595174,-1.3906906674595174,1.3753786498834617,-1.0977802227040943,-1.2762195085596786,-1.2762195085596786,-5.199337582605575,-1.345686146905198,-1.066085537902915,-5.199337582605575,-5.199337582605575,-5.199337582605575,-1.0977802227040943,-1.2247822432989568,-1.1763961244428374,-1.2247822432989568,-5.199337582605575
-0.41143830150201166,-0.0942851711969144,-5.199337582605575,-0.20141308200387656,-0.26795703033347446,-0.2557782547079564,0.4242801658692169,-0.2557782547079564,-0.3544459617678878,-0.2801756816848516,-0.3047410526908449,-0.2801756816848516,-0.32949173827431244,-5.199337582605575,-5.199337582605575,-5.199337582605575,0.05298171210299648,-0.31091065437940385,-0.26795703033347446,-0.36700535517185434,-0.07656810099366816
-1.1195377438602052,-5.199337582605575,-5.199337582605575,-5.199337582605575,-1.3906906674595174,-1.3906906674595174,1.3753786498834617,-1.0977802227040943,-1.2762195085596786,-1.2762195085596786,-5.199337582605575,-1.345686146905198,-1.066085537902915,-5.199337582605575,-5.199337582605575,-5.199337582605575,-1.0977802227040943,-1.2247822432989568,-1.1763961244428374,-1.2247822432989568,-5.199337582605575
1.3753786498834617,1.908411681888471,1.7797470243313613,1.0977802227040943,1.5461608427953877,1.5862789009146598,-0.8517259806982665,1.0354271248336868,1.9867657945821415,1.3753786498834617,1.5083874268195065,1.3753786498834617,1.5862789009146598,0.11795503445067536,1.3032534052057194,1.1195377438602057,0.8266231281397208,1.7251133770389853,1.4387028137748752,1.5862789009146598,1.908411681888471
1.5862789009146598,0.9863861436902606,1.005712287665531,1.237335802662861,1.5862789009146598,1.5083874268195065,-1.164722210836303,1.5461608427953877,1.317134849957215,1.5083874268195065,1.455467410332299,1.5083874268195065,1.4387028137748752,1.6073335394441648,1.3753786498834617,-5.199337582605575,1.005712287665531,1.3312748466809177,1.5461608427953877,1.5461608427953877,1.005712287665531
0.22549239091507492,-0.0942851711969144,-5.199337582605575,0.0942851711969144,0.10611267119769228,0.12388232125861295,-0.30474105269084506,0.4962496149299904,-0.2924363072946526,0.231532154296155,0.08837646690321847,0.231532154296155,0.14763718410457638,1.317134849957215,0.20141308200387673,-5.199337582605575,0.6561352756118646,-0.04709022934421194,0.11203188886615173,0.047090229344212094,-0.07656810099366816
1.455467410332299,1.1306178708516468,1.005712287665531,1.0977802227040943,1.3753786498834617,1.3753786498834617,-0.8517259806982665,1.141838570145516,1.5083874268195065,1.317134849957215,1.317134849957215,1.317134849957215,1.345686146905198,1.472651352164115,1.629125826244839,1.1195377438602057,1.1763961244428374,1.5083874268195065,1.345686146905198,1.317134849957215,1.153204904155107
-1.1195377438602052,-5.199337582605575,-5.199337582605575,-5.199337582605575,-1.3906906674595174,-1.3906906674595174,1.3753786498834617,-1.0977802227040943,-1.2762195085596786,-1.2762195085596786,-5.199337582605575,-1.345686146905198,-1.066085537902915,-5.199337582605575,-5.199337582605575,-5.199337582605575,-1.0977802227040943,-1.2247822432989568,-1.1763961244428374,-1.2247822432989568,-5.199337582605575
-1.1195377438602052,-5.199337582605575,-5.199337582605575,-5.199337582605575,-0.9863861436902606,-0.9863861436902606,1.3753786498834617,-1.0977802227040943,-0.8432993739622964,-0.9304992040482307,-5.199337582605575,-0.9768599379419292,-1.066085537902915,-5.199337582605575,-5.199337582605575,-5.199337582605575,-1.0977802227040943,-0.8183707123886019,-1.1763961244428374,-0.8432993739622964,-5.199337582605575
-2.1337426865369884,-5.199337582605575,-5.199337582605575,-5.199337582605575,-0.9863861436902606,-0.9863861436902606,1.3753786498834617,-1.0977802227040943,-0.8432993739622964,-0.9304992040482307,-5.199337582605575,-0.9768599379419292,-5.199337582605575,-5.199337582605575,-5.199337582605575,-5.199337582605575,-1.0977802227040943,-0.8183707123886019,-1.1763961244428374,-0.8432993739622964,-5.199337582605575
0.4436757985571845,0.10611267119769228,-5.199337582605575,0.0942851711969144,0.46980036644035356,0.4698003664403595,-0.30474105269084506,0.41785061995716233,0.4307272992954601,0.4436757985571845,0.4436757985571845,0.4436757985571845,0.4632398038244735,0.11795503445067536,0.810173656886858,-5.199337582605575,0.482982754533009,0.5365922541013273,0.40504285616301966,0.46980036644035916,0.11795503445067536
-0.7939405408106652,-5.199337582605575,-5.199337582605575,-5.199337582605575,-0.9863861436902606,-0.9863861436902606,-5.199337582605575,-5.199337582605575,-5.199337582605575,-5.199337582605575,-5.199337582605575,-5.199337582605575,-1.066085537902915,-5.199337582605575,-5.199337582605575,-5.199337582605575,-0.6634502165382117,-5.199337582605575,-0.810173656886858,-5.199337582605575,-5.199337582605575
-0.21946084210116953,-0.0942851711969144,-5.199337582605575,-0.20141308200387656,-0.10019716911239164,-0.1001971691123915,0.0942851711969144,0.017653228648661298,-0.04120038062784789,-0.04120038062784789,-0.12388232125861309,-0.04120038062784789,-0.18941794852071067,-5.199337582605575,-0.18343069425041766,-5.199337582605575,0.31091065437940385,-0.04709022934421194,-0.05298171210299648,-0.13575017698006733,-0.07656810099366816
0.45669911932122276,0.5502329235462904,1.1418385701455152,0.5096044031179258,0.4436757985571845,0.45669911932122276,-0.30474105269084506,0.5230507067251935,0.3544459617678878,0.45669911932122276,0.40504285616301966,0.45669911932122276,0.4632398038244735,0.3481872925165802,0.5502329235462904,1.4726513521641156,0.6561352756118646,0.41785061995716233,0.4307272992954577,0.411438301502012,0.5708886614807945
1.0765303368163022,1.2124187877842667,1.6751912508818037,1.237335802662861,1.0455374359127296,1.0977802227040943,-1.164722210836303,1.5083874268195065,0.6488552762353474,1.289618645716402,1.0557557657869332,1.289618645716402,1.1306178708516468,0.5917909108838713,1.0455374359127296,1.1195377438602057,1.5270018016004936,1.025421560503795,0.9960027144534012,1.0870939186959654,1.2247822432989572
0.3544459617678878,0.10611267119769228,-5.199337582605575,0.0942851711969144,0.3544459617678878,0.3670053551718546,-0.11795503445067536,0.3170921134278671,0.40504285616301994,0.3923011950422989,0.3419422325702016,0.3923011950422989,0.41785061995716233,-5.199337582605575,0.810173656886858,-5.199337582605575,0.482982754533009,0.4698003664403598,0.32949173827431244,0.3923011950422989,0.11795503445067536
0.5096044031179258,0.6488552762353474,1.1418385701455152,0.8687634548202497,0.30474105269084517,0.32949173827431244,-0.5433999500473384,0.6200706601124366,0.04120038062784789,0.40504285616301994,0.30474105269084517,0.40504285616301994,0.32949173827431244,0.3481872925165802,0.07656810099366816,-5.199337582605575,1.7251133770389853,0.5365922541013273,0.6200706601124465,0.45669911932122276,0.5708886614807945
0.8860569224058212,1.4063358712022724,1.9460961374789645,1.5659048595991722,0.9960027144534012,1.015517613293485,-0.5433999500473384,0.7859020343798316,1.237335802662861,0.9580685976089729,0.9768599379419275,0.9580685976089729,0.9580685976089729,1.1418385701455152,0.5502329235462904,-5.199337582605575,0.6561352756118646,0.9487986970572456,1.0354271248336868,0.9125061236623734,1.4063358712022724
-0.2074214256689529,-0.33571048035200285,-5.199337582605575,-0.20141308200387656,-0.2924363072946526,-0.3170921134278671,0.19541200066782957,-0.08837646690321847,-0.4962496149299904,-0.231532154296155,-0.37330670353707096,-0.231532154296155,-0.22549239091507492,0.11795503445067536,-0.029424765179935395,-5.199337582605575,-0.17147566282747315,-0.4962496149299904,-0.2863006147481917,-0.36700535517185434,-0.32949173827431244
-0.2801756816848518,-0.0942851711969144,-5.199337582605575,-5.199337582605575,-0.32949173827431244,-0.34194223257020145,0.6200706601124462,-0.46980036644035966,-0.05298171210299648,-0.3670053551718545,-0.37330670353707096,-0.3670053551718545,-0.32949173827431244,-5.199337582605575,-0.029424765179935395,-5.199337582605575,-0.5096044031179258,-0.31091065437940385,-0.33571048035200285,-0.2801756816848516,-0.07656810099366816
-1.1195377438602052,-5.199337582605575,-5.199337582605575,-5.199337582605575,-1.3906906674595174,-1.3906906674595174,1.3753786498834617,-1.0977802227040943,-1.2762195085596786,-1.2762195085596786,-5.199337582605575,-1.345686146905198,-1.066085537902915,-5.199337582605575,-5.199337582605575,-5.199337582605575,-1.0977802227040943,-1.2247822432989568,-1.1763961244428374,-1.2247822432989568,-5.199337582605575
1.2630456626720465,0.41143830150201166,0.8183707123886019,0.5096044031179258,1.3032534052057194,1.2896186457164054,-1.164722210836303,1.6751912508818023,0.6634502165382117,1.472651352164115,1.237335802662861,1.472651352164115,1.2124187877842671,0.810173656886858,1.6751912508818045,-5.199337582605575,1.5270018016004936,1.025421560503795,1.2630456626720465,1.2896186457164056,0.42428016586921724
-1.1195377438602052,-5.199337582605575,-5.199337582605575,-5.199337582605575,-0.810173656886858,-0.810173656886858,0.8860569224058209,-0.708115975747597,-1.005712287665531,-0.7859020343798331,-0.730984316847628,-0.7859020343798331,-1.066085537902915,-5.199337582605575,-5.199337582605575,-5.199337582605575,-0.6634502165382117,-1.2247822432989568,-0.810173656886858,-1.2247822432989568,-5.199337582605575
-0.37962290989397623,-0.33571048035200285,-5.199337582605575,-0.20141308200387656,-0.41785061995716233,-0.4050428561630198,0.32949173827431244,-0.23153215429615528,-0.5917909108838713,-0.3544459617678878,-0.41143830150201166,-0.3544459617678878,-0.43072729929545744,-5.199337582605575,-0.029424765179935395,-5.199337582605575,-0.2557782547079564,-0.5365922541013274,-0.45017791469254637,-0.41785061995716233,-0.32949173827431244
0.19541200066782957,-0.33571048035200285,-5.199337582605575,-0.20141308200387656,-0.08837646690321861,-0.07656810099366816,0.0942851711969144,0.05298171210299648,-0.017653228648661298,-0.005884137885377095,-0.0942851711969144,-0.005884137885377095,-0.017653228648661298,1.3906906674595174,0.41785061995716233,-5.199337582605575,0.31091065437940385,0.02353858919571012,-0.07656810099366816,-0.07656810099366816,-0.32949173827431244
1.7251133770389853,1.5461608427953877,-5.199337582605575,1.237335802662861,1.7251133770389853,1.7251133770389853,-1.4387028137748752,1.908411681888471,1.0765303368163022,1.7797470243313656,1.6751912508817974,1.7797470243313656,1.629125826244839,1.779747024331363,1.8402761875098597,1.1195377438602057,2.1337426865369884,1.5461608427953877,1.7251133770389853,1.6751912508818045,1.5461608427953877
-2.349882409745197,-0.4962496149299904,0.5365922541013275,-0.3923011950422989,-1.7797470243313613,-1.7797470243313613,5.19933758270342,-1.5862789009146592,-1.5862789009146603,-1.5862789009146618,1.908411681888471,-0.8183707123886019,-1.066085537902915,0.3481872925165802,-0.18343069425041766,1.4726513521641156,-1.6751912508818063,-0.9580685976089729,-1.6751912508818063,-0.9580685976089729,-0.4962496149299904
0.1655074315881862,0.41143830150201166,0.8183707123886019,0.5096044031179258,0.2801756816848518,0.2801756816848518,-0.8517259806982665,0.9214653728676122,-0.20742142566895305,0.4698003664403598,0.27406124145209654,0.4698003664403598,0.21946084210116967,-5.199337582605575,0.6561352756118646,-5.199337582605575,1.345686146905198,0.24970317663815458,0.22549239091507492,0.2924363072946526,0.42428016586921724
0.017653228648661298,-0.0942851711969144,-5.199337582605575,0.0942851711969144,-0.14763718410457624,-0.14763718410457624,-0.11795503445067536,0.20742142566895336,-0.4307272992954573,-0.029424765179935395,-0.17147566282747315,-0.029424765179935395,-0.07066802212728979,1.1418385701455152,0.20141308200387673,-5.199337582605575,0.482982754533009,-0.24363730038469722,-0.12388232125861337,-0.15954508992311342,-0.07656810099366816
0.5502329235462904,0.6488552762353474,1.1418385701455152,0.8687634548202497,0.708115975747597,0.7233195768091407,-0.5433999500473384,0.6488552762353474,0.7386922436465501,0.7233195768091407,0.7005753357318684,0.7233195768091407,0.5502329235462904,0.3481872925165802,0.810173656886858,-5.199337582605575,1.005712287665531,0.8602135051065599,0.6781878705856449,0.7542414951202904,0.6708008312765316
0.5847951795549954,0.10611267119769228,-5.199337582605575,0.0942851711969144,0.17147566282747315,0.17147566282747315,0.4242801658692169,-0.26795703033347446,0.8860569224058212,-0.05298171210299648,0.14169117788346636,-0.05298171210299648,0.14763718410457638,1.908411681888471,0.20141308200387673,-5.199337582605575,-0.2557782547079564,0.3796229098939759,0.13575017698006733,0.1774500083052407,0.11795503445067536
-1.1195377438602052,-5.199337582605575,-5.199337582605575,-5.199337582605575,-0.9863861436902606,-0.9863861436902606,1.3753786498834617,-1.0977802227040943,-0.8432993739622964,-0.9304992040482307,-5.199337582605575,-0.9768599379419292,-1.066085537902915,-5.199337582605575,-5.199337582605575,-5.199337582605575,-1.0977802227040943,-0.8183707123886019,-1.1763961244428374,-0.8432993739622964,-5.199337582605575
-0.41143830150201166,-0.33571048035200285,-5.199337582605575,-0.20141308200387656,-0.4436757985571845,-0.43719238618455963,0.4242801658692169,-0.2924363072946526,-0.5778279520282654,-0.41143830150201166,-0.5163158858752855,-0.41143830150201166,-0.3859542976636214,-5.199337582605575,-0.41143830150201166,-5.199337582605575,-0.36071854601173053,-0.5917909108838713,-0.41143830150201166,-0.5163158858752855,-0.32949173827431244
1.908411681888471,1.9867657945821415,1.455467410332299,1.6751912508818056,1.8402761875098597,1.8402761875098597,-1.164722210836303,1.7251133770389853,1.629125826244839,1.8402761875098597,1.7517767325964828,1.8402761875098597,1.908411681888471,1.5083874268195065,1.9867657945821415,1.8732572954147062,1.7251133770389853,1.908411681888471,1.779747024331364,1.908411681888471,1.9867657945821415
0.1655074315881862,-0.0942851711969144,-5.199337582605575,0.0942851711969144,0.08837646690321847,0.017653228648661298,0.32949173827431244,-0.20742142566895277,0.4436757985571845,-0.08837646690321861,0.029424765179935534,-0.08837646690321861,0.02353858919571012,0.810173656886858,0.5502329235462904,-5.199337582605575,-0.36071854601173053,-0.017653228648661298,0.09428517119691468,0.07656810099366816,-0.07656810099366816
0.8687634548202494,0.6488552762353474,1.1418385701455152,0.8687634548202497,0.9214653728676122,0.9214653728676122,-0.8517259806982665,1.164722210836303,0.7233195768091396,0.9960027144534012,0.8860569224058212,0.9960027144534012,0.8773773893133454,0.9580685976089729,0.5502329235462904,1.4726513521641156,1.1763961244428374,0.9125061236623734,0.8860569224058212,0.9396096191602995,0.6708008312765316
-1.1195377438602052,-5.199337582605575,-5.199337582605575,-5.199337582605575,-1.3906906674595174,-1.3906906674595174,1.3753786498834617,-1.0977802227040943,-1.2762195085596786,-1.2762195085596786,-5.199337582605575,-1.345686146905198,-1.066085537902915,-5.199337582605575,-5.199337582605575,-5.199337582605575,-1.0977802227040943,-1.2247822432989568,-1.1763961244428374,-1.2247822432989568,-5.199337582605575
-1.7517767325964833,-5.199337582605575,-5.199337582605575,-5.199337582605575,-5.199337582605575,-5.199337582605575,-5.199337582605575,-5.199337582605575,-5.199337582605575,-5.199337582605575,-5.199337582605575,-5.199337582605575,-1.8732572954147062,-5.199337582605575,-5.199337582605575,-5.199337582605575,-5.199337582605575,-5.199337582605575,-5.199337582605575,-5.199337582605575,-5.199337582605575
-0.2801756816848518,-0.33571048035200285,-5.199337582605575,-0.20141308200387656,-0.11203188886615173,-0.11203188886615173,0.27406124145209654,-0.12388232125861323,0.07656810099366816,-0.11203188886615173,-0.12388232125861309,-0.11203188886615173,-0.22549239091507492,-5.199337582605575,-5.199337582605575,-5.199337582605575,0.15358841466960238,0.24970317663815458,-0.1476371841045761,-0.029424765179935395,-0.32949173827431244
-0.029424765179935395,0.41143830150201166,-5.199337582605575,0.6708008312765316,0.1476371841045761,0.15954508992311356,-0.30474105269084506,0.4698003664403598,-0.13575017698006733,0.26795703033347446,0.14169117788346636,0.26795703033347446,0.11203188886615173,0.11795503445067536,-0.18343069425041766,-5.199337582605575,1.005712287665531,0.02353858919571012,0.14763718410457638,0.047090229344212094,0.42428016586921724
-1.1195377438602052,-5.199337582605575,-5.199337582605575,-5.199337582605575,-0.9863861436902606,-0.9863861436902606,1.3753786498834617,-1.0977802227040943,-0.8432993739622964,-0.9304992040482307,-5.199337582605575,-0.9768599379419292,-1.066085537902915,-5.199337582605575,-5.199337582605575,-5.199337582605575,-1.0977802227040943,-0.8183707123886019,-1.1763961244428374,-0.8432993739622964,-5.199337582605575
1.9867657945821415,2.079638690109107,1.2762195085596786,2.079638690109107,2.079638690109107,2.079638690109107,-1.4387028137748752,2.079638690109107,2.079638690109107,2.079638690109107,2.079638690109107,2.079638690109107,2.079638690109107,1.9867657945821415,1.779747024331363,5.19933758270342,1.5270018016004936,2.079638690109107,2.079638690109107,2.079638690109107,2.079638690109107
-0.5433999500473384,-0.33571048035200285,-5.199337582605575,-0.20141308200387656,-0.4050428561630198,-0.3923011950422989,0.6634502165382117,-0.5096044031179257,-0.30474105269084506,-0.482982754533009,-0.41143830150201166,-0.482982754533009,-0.4632398038244735,-5.199337582605575,-5.199337582605575,-5.199337582605575,-0.5096044031179258,-0.41143830150201166,-0.3923011950422989,-0.4436757985571845,-0.32949173827431244
1.005712287665531,0.8948037249220387,1.2762195085596786,1.025421560503795,0.8860569224058212,0.9036195275140619,-0.8517259806982665,1.0660855379029155,0.7542414951202904,0.9768599379419289,0.8687634548202494,0.9768599379419289,0.9214653728676122,1.3906906674595174,1.3032534052057194,-5.199337582605575,1.629125826244839,1.025421560503795,0.9036195275140617,0.8020306803054007,0.9125061236623734
1.455467410332299,1.6996229113499732,1.6073335394441648,1.8732572954147062,1.472651352164115,1.5461608427953877,-1.164722210836303,1.629125826244839,1.015517613293485,1.629125826244839,1.455467410332299,1.629125826244839,1.5461608427953877,1.1418385701455152,1.0977802227040943,1.8732572954147062,1.8402761875098597,1.472651352164115,1.472651352164115,1.472651352164115,1.6996229113499732
0.39230119504229916,-0.0942851711969144,-5.199337582605575,-0.20141308200387656,1.015517613293485,1.0765303368163022,-0.30474105269084506,0.5639767532523378,1.6751912508818045,0.9214653728676122,1.015517613293485,0.9214653728676122,0.9768599379419294,0.5917909108838713,1.0977802227040943,-5.199337582605575,-0.04709022934421194,0.7699752841789089,0.5570916844463071,0.4436757985571845,0.7859020343798331
-0.6272178685399789,-5.199337582605575,-5.199337582605575,-5.199337582605575,-0.6058702155615678,-0.6200706601124469,0.5778279520282652,-0.43719238618455963,-0.9580685976089729,-0.5096044031179257,-0.730984316847628,-0.5096044031179257,-0.5163158858752855,-5.199337582605575,-5.199337582605575,-5.199337582605575,-0.6634502165382117,-0.8183707123886019,-0.529809336175732,-0.6856121044129418,-5.199337582605575
0.39230119504229916,0.10611267119769228,-5.199337582605575,0.32949173827431244,0.26795703033347446,0.2557782547079564,-0.11795503445067536,0.2557782547079564,0.26795703033347446,0.2801756816848518,0.231532154296155,0.2801756816848518,0.4632398038244735,0.5917909108838713,-0.029424765179935395,-5.199337582605575,0.482982754533009,0.3419422325702016,0.26795703033347473,0.24363730038469722,0.11795503445067536
1.0977802227040943,0.7699752841789085,0.6634502165382117,0.8687634548202497,1.164722210836303,1.164722210836303,-0.8517259806982665,1.2896186457163996,0.9396096191602995,1.237335802662861,1.1195377438602048,1.237335802662861,1.0455374359127296,-5.199337582605575,1.455467410332299,1.1195377438602057,1.345686146905198,1.2124187877842667,1.0977802227040943,1.141838570145516,0.7859020343798331
-0.6272178685399789,-5.199337582605575,-5.199337582605575,-5.199337582605575,-0.3544459617678878,-0.45669911932122303,0.32949173827431244,-0.20742142566895277,-0.708115975747597,-0.37962290989397607,-0.5163158858752855,-0.37962290989397607,-0.5163158858752855,-5.199337582605575,-5.199337582605575,-5.199337582605575,-1.629125826244839,-0.31091065437940385,-0.5988157254156958,-0.3923011950422989,-5.199337582605575
-1.1195377438602052,-5.199337582605575,-5.199337582605575,-5.199337582605575,-1.3906906674595174,-1.3906906674595174,1.3753786498834617,-1.0977802227040943,-1.2762195085596786,-1.2762195085596786,-5.199337582605575,-1.345686146905198,-1.066085537902915,-5.199337582605575,-5.199337582605575,-5.199337582605575,-1.0977802227040943,-1.2247822432989568,-1.1763961244428374,-1.2247822432989568,-5.199337582605575
1.5461608427953877,1.8402761875098597,1.7797470243313613,1.9867657945821415,1.4063358712022724,1.4063358712022458,-1.164722210836303,1.4063358712022707,1.188232598287375,1.4063358712022707,1.345686146905198,1.4063358712022707,1.4902814999507616,1.6751912508818045,0.810173656886858,1.4726513521641156,0.8266231281397208,0.9487986970572456,1.5083874268195065,1.2124187877842671,1.8402761875098597
0.5096044031179258,0.10611267119769228,-5.199337582605575,0.0942851711969144,0.4962496149299904,0.5230507067252185,-0.30474105269084506,0.43072729929545805,0.6200706601124437,0.5096044031179258,0.5096044031179258,0.5096044031179258,0.5502329235462904,-5.199337582605575,0.810173656886858,-5.199337582605575,0.482982754533009,0.6781878705856446,0.4962496149299904,0.5365922541013275,0.11795503445067536
-1.1195377438602052,-5.199337582605575,-5.199337582605575,-5.199337582605575,-1.3906906674595174,-1.3906906674595174,1.3753786498834617,-1.0977802227040943,-1.2762195085596786,-1.2762195085596786,-5.199337582605575,-1.345686146905198,-1.066085537902915,-5.199337582605575,-5.199337582605575,-5.199337582605575,-1.0977802227040943,-1.2247822432989568,-1.1763961244428374,-1.2247822432989568,-5.199337582605575
-0.13575017698006733,-0.33571048035200285,-5.199337582605575,-0.20141308200387656,0.10611267119769228,0.08837646690321847,0.19541200066782957,-0.05298171210299648,0.2924363072946526,0.029424765179935534,0.08837646690321847,0.029424765179935534,-0.10611267119769242,-5.199337582605575,-0.18343069425041766,-5.199337582605575,-0.04709022934421194,0.0942851711969144,0.09428517119691468,0.09428517119691468,-0.32949173827431244
-1.1195377438602052,-5.199337582605575,-5.199337582605575,-5.199337582605575,-1.3906906674595174,-1.3906906674595174,1.3753786498834617,-1.0977802227040943,-1.2762195085596786,-1.2762195085596786,-5.199337582605575,-1.345686146905198,-1.066085537902915,-5.199337582605575,-5.199337582605575,-5.199337582605575,-1.0977802227040943,-1.2247822432989568,-1.1763961244428374,-1.2247822432989568,-5.199337582605575
1.629125826244839,1.2124187877842667,1.6073335394441648,1.237335802662861,1.629125826244839,1.629125826244839,-1.164722210836303,1.5862789009146598,1.345686146905198,1.5461608427953877,1.5461608427953877,1.5461608427953877,1.6751912508818037,0.3481872925165802,1.5461608427953877,-5.199337582605575,1.1763961244428374,1.4223330888521897,1.5862789009146598,1.629125826244839,1.2247822432989572
0.41785061995716233,0.6488552762353474,1.2762195085596786,0.9768599379419294,0.5163158858752855,0.482982754533009,0.0,0.14763718410457638,0.7859020343798323,0.3670053551718546,0.45669911932122276,0.3670053551718546,0.4962496149299904,0.810173656886858,0.30474105269084517,-5.199337582605575,-0.2557782547079564,0.30474105269084517,0.5230507067251938,0.482982754533009,0.6708008312765316
-0.24363730038469736,-0.0942851711969144,-5.199337582605575,-0.20141308200387656,-0.16550743158818593,-0.16550743158818593,0.32949173827431244,-0.1774500083052407,-0.22549239091507492,-0.1774500083052407,-0.20141308200387656,-0.1774500083052407,-0.2863006147481917,-5.199337582605575,-0.029424765179935395,-5.199337582605575,-0.17147566282747315,-0.31091065437940385,-0.1476371841045761,-0.2134372667000334,-0.07656810099366816
-0.04120038062784789,0.26795703033347473,-5.199337582605575,0.0942851711969144,0.005884137885376956,-0.029424765179935395,0.0,0.08837646690321875,-0.06477040227667531,0.04120038062784789,-0.04709022934421194,0.04120038062784789,0.05298171210299648,-5.199337582605575,0.07656810099366816,-5.199337582605575,-0.04709022934421194,0.1834306942504178,-0.029424765179935395,0.14169117788346636,0.27406124145209654
0.2618627874573754,0.7699752841789085,1.005712287665531,0.8687634548202497,0.39866393514661363,0.411438301502012,-0.11795503445067536,0.18941794852071067,0.5847951795549954,0.3481872925165802,0.40504285616301966,0.3481872925165802,0.36071854601173053,0.5917909108838713,-0.18343069425041766,-5.199337582605575,0.31091065437940385,0.5365922541013273,0.3670053551718546,0.35444596176788806,0.7859020343798331
0.31091065437940385,0.10611267119769228,-5.199337582605575,-0.20141308200387656,0.017653228648661298,0.06477040227667462,-0.11795503445067536,0.2924363072946526,-0.12388232125861309,0.13575017698006733,0.029424765179935534,0.13575017698006733,-0.07066802212728979,1.6073335394441648,0.41785061995716233,-5.199337582605575,0.482982754533009,0.24970317663815458,-0.08837646690321861,0.20742142566895305,0.11795503445067536
-5.199337582605575,-5.199337582605575,-5.199337582605575,-5.199337582605575,-0.810173656886858,-0.810173656886858,0.8860569224058209,-0.708115975747597,-1.005712287665531,-0.7859020343798331,-0.730984316847628,-0.7859020343798331,-5.199337582605575,-5.199337582605575,-5.199337582605575,-5.199337582605575,-0.6634502165382117,-1.2247822432989568,-0.810173656886858,-1.2247822432989568,-5.199337582605575
5.19933758270342,5.19933758270342,5.19933758270342,5.19933758270342,5.19933758270342,5.19933758270342,-1.629125826244839,2.5975307463203663,5.19933758270342,5.19933758270342,5.19933758270342,5.19933758270342,5.19933758270342,2.349882409745196,5.19933758270342,2.1337426865369884,2.5975307463203663,5.19933758270342,5.19933758270342,5.19933758270342,5.19933758270342
-0.011768479506540534,0.41143830150201166,-5.199337582605575,0.0942851711969144,0.07656810099366816,0.11203188886615173,0.0,0.13575017698006733,0.05298171210299648,0.08837646690321875,0.08837646690321847,0.08837646690321875,0.14763718410457638,-5.199337582605575,-0.029424765179935395,-5.199337582605575,0.31091065437940385,0.1834306942504178,0.047090229344212094,0.11203188886615173,0.42428016586921724
-0.14763718410457624,0.26795703033347473,-5.199337582605575,0.0942851711969144,-0.07656810099366816,-0.08837646690321861,0.0942851711969144,-0.005884137885376678,-0.005884137885377095,-0.06477040227667531,-0.12388232125861309,-0.06477040227667531,-0.10611267119769242,-5.199337582605575,-0.41143830150201166,-5.199337582605575,-0.04709022934421194,-0.13575017698006733,-0.029424765179935395,-0.08837646690321861,0.27406124145209654
-0.37962290989397623,-0.33571048035200285,-5.199337582605575,-0.20141308200387656,-0.5502329235462904,-0.5570916844463072,0.7779139932047426,-0.6129549871932499,-0.4436757985571843,-0.5639767532523378,-0.5163158858752855,-0.5639767532523378,-0.4632398038244735,0.5917909108838713,-0.41143830150201166,-5.199337582605575,-0.5096044031179258,-0.4962496149299904,-0.529809336175732,-0.5988157254156958,-0.32949173827431244
-0.16550743158818593,0.10611267119769228,-5.199337582605575,0.0942851711969144,-0.18941794852071067,-0.19541200066782957,0.4896054127262636,-0.3419422325702016,0.005884137885376956,-0.21946084210116953,-0.20141308200387656,-0.21946084210116953,-0.16550743158818593,0.5917909108838713,-0.41143830150201166,-5.199337582605575,-0.17147566282747315,-0.18941794852071067,-0.17147566282747315,-0.2557782547079564,0.11795503445067536
-5.199337582605575,-5.199337582605575,-5.199337582605575,-5.199337582605575,-5.199337582605575,-1.8402761875098599,2.5975307463203663,-1.629125826244839,-1.629125826244839,-1.629125826244839,1.5862789009146598,-0.8517259806982665,-1.8732572954147062,0.11795503445067536,-0.41143830150201166,1.1195377438602057,-5.199337582605575,-1.2247822432989568,-5.199337582605575,-1.2247822432989568,-5.199337582605575
-0.011768479506540534,0.41143830150201166,0.6634502165382117,0.32949173827431244,0.10611267119769228,0.10019716911239164,-0.5433999500473384,0.5917909108838713,-0.31709211342786575,0.2557782547079564,0.08837646690321847,0.2557782547079564,0.08837646690321847,0.3481872925165802,-0.029424765179935395,-5.199337582605575,0.6561352756118646,-0.0824708464948345,0.11203188886615173,0.047090229344212094,0.42428016586921724
-1.1195377438602052,-5.199337582605575,-5.199337582605575,-5.199337582605575,-1.3906906674595174,-1.3906906674595174,1.3753786498834617,-1.0977802227040943,-1.2762195085596786,-1.2762195085596786,-5.199337582605575,-1.345686146905198,-1.066085537902915,-5.199337582605575,-5.199337582605575,-5.199337582605575,-1.0977802227040943,-1.2247822432989568,-1.1763961244428374,-1.2247822432989568,-5.199337582605575
0.7005753357318684,0.10611267119769228,-5.199337582605575,0.32949173827431244,0.5433999500473389,0.5502329235462904,-0.5433999500473384,0.6930743226183035,0.3923011950422989,0.5778279520282655,0.5096044031179258,0.5778279520282655,0.6488552762353474,0.11795503445067536,1.3032534052057194,-5.199337582605575,0.6561352756118646,0.5365922541013273,0.5096044031179258,0.5639767532523381,0.11795503445067536
1.1195377438602048,0.6488552762353474,-5.199337582605575,0.9768599379419294,1.0765303368163022,0.9960027144534012,-1.164722210836303,1.317134849957215,0.6930743226183035,1.1195377438602052,0.9580685976089729,1.1195377438602052,1.188232598287375,0.3481872925165802,1.3032534052057194,-5.199337582605575,0.31091065437940385,0.6129549871932499,1.0765303368163022,1.0557557657869332,0.6708008312765316
0.5096044031179258,0.5502329235462904,-5.199337582605575,0.32949173827431244,0.5639767532523378,0.5917909108838713,-0.30474105269084506,0.36071854601173053,0.708115975747597,0.5365922541013275,0.5639767532523378,0.5365922541013275,0.5502329235462904,0.11795503445067536,0.6561352756118646,-5.199337582605575,0.31091065437940385,0.7386922436465501,0.47638121247696114,0.6930743226183035,0.5708886614807945
0.2618627874573754,-0.0942851711969144,-5.199337582605575,-0.20141308200387656,0.05298171210299648,0.029424765179935534,0.19541200066782957,-0.04120038062784789,0.231532154296155,0.017653228648661298,0.029424765179935534,0.017653228648661298,0.02353858919571012,1.3906906674595174,0.41785061995716233,-5.199337582605575,-0.04709022934421194,-0.13575017698006733,0.047090229344212094,-0.029424765179935395,-0.07656810099366816
-0.6272178685399789,-5.199337582605575,-5.199337582605575,-5.199337582605575,-0.810173656886858,-0.810173656886858,0.8860569224058209,-0.708115975747597,-1.005712287665531,-0.7859020343798331,-0.730984316847628,-0.7859020343798331,-0.7005753357318687,-5.199337582605575,-0.41143830150201166,-5.199337582605575,-0.6634502165382117,-1.2247822432989568,-0.810173656886858,-1.2247822432989568,-5.199337582605575
0.9396096191602995,0.7699752841789085,0.8183707123886019,0.5096044031179258,0.5433999500473389,0.5639767532523378,0.27406124145209654,-0.13575017698006733,1.7251133770389853,0.30474105269084517,0.5433999500473389,0.30474105269084517,0.5096044031179258,-5.199337582605575,0.5502329235462904,-5.199337582605575,0.6561352756118646,1.3312748466809177,0.9768599379419294,1.015517613293485,-0.07656810099366816
-0.6272178685399789,-5.199337582605575,-5.199337582605575,-5.199337582605575,-0.6343972616258938,-0.6343972616258936,0.834932226744328,-0.6634502165382117,-0.5230507067251935,-0.6634502165382117,-0.730984316847628,-0.6634502165382117,-0.5163158858752855,-5.199337582605575,-5.199337582605575,-5.199337582605575,-1.629125826244839,-0.18941794852071067,-0.482982754533009,-0.32328571262011585,-5.199337582605575
1.4063358712022707,1.5083874268195065,1.9460961374789645,1.779747024331363,1.5083874268195065,1.472651352164115,-1.4387028137748752,1.9867657945821415,0.7699752841789089,1.6751912508818056,1.4063358712022724,1.6751912508818056,1.4902814999507616,1.3906906674595174,0.810173656886858,1.1195377438602057,2.1337426865369884,1.2124187877842667,1.629125826244839,1.4063358712022733,1.5083874268195065
0.1655074315881862,0.26795703033347473,-5.199337582605575,0.32949173827431244,0.21946084210116967,0.231532154296155,-0.30474105269084506,0.3419422325702016,0.06477040227667547,0.2924363072946526,0.20742142566895277,0.2924363072946526,0.1834306942504178,0.5917909108838713,0.41785061995716233,-5.199337582605575,0.482982754533009,0.1834306942504178,0.22549239091507492,0.22549239091507492,0.27406124145209654
0.8860569224058212,0.41143830150201166,-5.199337582605575,0.6708008312765316,0.8517259806982667,0.8517259806982667,-0.5433999500473384,0.8183707123886019,0.810173656886858,0.8860569224058212,0.8183707123886019,0.8860569224058212,0.8773773893133454,-5.199337582605575,1.5461608427953877,1.1195377438602057,1.005712287665531,0.9125061236623734,0.810173656886858,0.834932226744328,0.42428016586921724
0.07066802212728979,0.6488552762353474,-5.199337582605575,0.32949173827431244,0.20742142566895277,0.18343069425041753,0.0942851711969144,0.07656810099366816,0.32949173827431244,0.11203188886615173,0.1655074315881862,0.11203188886615173,0.02353858919571012,0.810173656886858,0.41785061995716233,-5.199337582605575,-0.04709022934421194,0.02353858919571012,0.2436373003846975,0.14169117788346636,0.6708008312765316
0.9580685976089729,0.9863861436902606,0.6634502165382117,0.9768599379419294,1.1195377438602048,1.141838570145516,-0.8517259806982665,0.8860569224058212,1.3753786498834617,1.0354271248336868,1.0977802227040943,1.0354271248336868,1.0455374359127296,0.11795503445067536,1.0455374359127296,-5.199337582605575,1.005712287665531,1.4223330888521897,1.015517613293485,1.1763961244428374,1.005712287665531
-0.2801756816848518,-0.0942851711969144,-5.199337582605575,-0.20141308200387656,-0.16550743158818593,-0.16550743158818593,0.32949173827431244,-0.1774500083052407,-0.22549239091507492,-0.1774500083052407,-0.20141308200387656,-0.1774500083052407,-0.2863006147481917,-5.199337582605575,-0.41143830150201166,1.1195377438602057,-0.17147566282747315,-0.31091065437940385,-0.1476371841045761,-0.2134372667000334,-0.07656810099366816
2.5975307463203583,2.5975307463203583,2.194924499305056,2.5975307463203583,2.5975307463203583,2.5975307463203583,-1.4387028137748752,2.349882409745196,2.5975307463203583,2.5975307463203583,2.5975307463203583,2.5975307463203583,2.5975307463203583,2.5975307463203583,2.5975307463203663,2.1337426865369884,2.1337426865369884,2.5975307463203583,2.5975307463203583,2.5975307463203583,2.5975307463203583
0.07066802212728979,-0.33571048035200285,-5.199337582605575,-0.20141308200387656,-0.017653228648661298,-0.06477040227667531,0.19541200066782957,-0.017653228648661298,0.08837646690321792,-0.017653228648661298,-0.0942851711969144,-0.017653228648661298,0.08837646690321847,0.9580685976089729,0.20141308200387673,-5.199337582605575,-0.45017791469254637,0.02353858919571012,-0.231532154296155,0.32949173827431244,-0.32949173827431244
-0.7939405408106652,-5.199337582605575,-5.199337582605575,-5.199337582605575,-0.7699752841789089,-0.7699752841789089,0.7779139932047426,-0.6129549871932499,-0.7233195768091406,-0.708115975747597,-0.730984316847628,-0.708115975747597,-1.066085537902915,-5.199337582605575,-5.199337582605575,-5.199337582605575,-0.5096044031179258,-0.8183707123886019,-0.7156970969546974,-0.8432993739622964,-5.199337582605575
0.2618627874573754,0.5502329235462904,-5.199337582605575,0.32949173827431244,0.4242801658692169,0.3796229098939738,-0.5433999500473384,0.6781878705856446,0.13575017698006733,0.4962496149299904,0.3419422325702016,0.4962496149299904,0.32949173827431244,0.11795503445067536,-0.18343069425041766,-5.199337582605575,0.482982754533009,0.24970317663815458,0.40504285616301966,0.35444596176788806,0.5708886614807945
0.6781878705856449,0.9863861436902606,-5.199337582605575,0.6708008312765316,0.5917909108838713,0.5778279520282655,-0.8517259806982665,1.015517613293485,0.20141308200387673,0.7542414951202904,0.5433999500473389,0.7542414951202904,0.7309843168476282,-5.199337582605575,0.9487986970572456,-5.199337582605575,0.6561352756118646,0.3419422325702016,0.5365922541013275,0.5639767532523381,1.005712287665531
1.6751912508818037,1.6996229113499732,1.5461608427953877,1.5083874268195065,1.6751912508818056,1.6751912508818056,-1.164722210836303,1.3753786498834617,1.908411681888471,1.5862789009146598,1.629125826244839,1.5862789009146598,1.7251133770389853,1.1418385701455152,1.455467410332299,1.6751912508818056,1.005712287665531,1.5862789009146598,1.6751912508818056,1.7251133770389853,1.6996229113499732
-1.1195377438602052,-5.199337582605575,-5.199337582605575,-5.199337582605575,-0.9863861436902606,-0.9863861436902606,1.3753786498834617,-1.0977802227040943,-0.8432993739622964,-0.9304992040482307,-5.199337582605575,-0.9768599379419292,-1.066085537902915,-5.199337582605575,-5.199337582605575,-5.199337582605575,-1.0977802227040943,-0.8183707123886019,-1.1763961244428374,-0.8432993739622964,-5.199337582605575
0.7309843168476282,0.8948037249220387,0.6634502165382117,0.8687634548202497,0.6561352756118646,0.6781878705856449,-1.164722210836303,1.345686146905198,0.12388232125861323,0.9036195275140617,0.6488552762353474,0.9036195275140617,0.7542414951202904,0.5917909108838713,0.6561352756118646,-5.199337582605575,1.5270018016004936,0.41785061995716233,0.6634502165382117,0.6200706601124467,0.9125061236623734
-1.1195377438602052,-5.199337582605575,-5.199337582605575,-5.199337582605575,-1.3906906674595174,-1.3906906674595174,1.3753786498834617,-1.0977802227040943,-1.2762195085596786,-1.2762195085596786,-5.199337582605575,-1.345686146905198,-1.066085537902915,-5.199337582605575,-5.199337582605575,-5.199337582605575,-1.0977802227040943,-1.2247822432989568,-1.1763961244428374,-1.2247822432989568,-5.199337582605575
-1.7517767325964833,-5.199337582605575,-5.199337582605575,-5.199337582605575,-0.6856121044129418,-0.7233195768091406,0.9487986970572456,-0.7699752841789089,-0.5096044031179257,-0.7386922436465501,-0.730984316847628,-0.7386922436465501,-1.066085537902915,-5.199337582605575,-5.199337582605575,-5.199337582605575,-5.199337582605575,-0.8183707123886019,-5.199337582605575,-0.5988157254156958,-5.199337582605575
-0.34194223257020145,-0.33571048035200285,-5.199337582605575,-0.20141308200387656,-0.37962290989397607,-0.3544459617678878,0.32949173827431244,-0.20742142566895277,-0.46980036644035966,-0.30474105269084506,-0.37330670353707096,-0.30474105269084506,-0.32949173827431244,0.11795503445067536,-0.41143830150201166,-5.199337582605575,-0.04709022934421194,-0.36071854601173053,-0.37330670353707096,-0.36700535517185434,-0.32949173827431244
0.09428517119691468,-0.33571048035200285,-5.199337582605575,-0.20141308200387656,-0.06477040227667531,-0.017653228648661298,0.5778279520282652,-0.41785061995716233,0.9960027144534012,-0.19541200066782957,-0.04709022934421194,-0.19541200066782957,0.05298171210299648,-5.199337582605575,-0.18343069425041766,-5.199337582605575,-0.2557782547079564,0.4698003664403598,-0.06477040227667531,-0.029424765179935395,-0.32949173827431244
0.14169117788346636,-0.0942851711969144,-5.199337582605575,0.0942851711969144,0.231532154296155,0.21946084210116967,-0.11795503445067536,0.231532154296155,0.20141308200387673,0.21946084210116967,0.20742142566895277,0.21946084210116967,0.20742142566895305,0.3481872925165802,0.20141308200387673,-5.199337582605575,0.15358841466960238,0.0942851711969144,0.26795703033347473,0.1774500083052407,-0.07656810099366816
0.4436757985571845,0.8948037249220387,0.8183707123886019,0.6708008312765316,0.6343972616258936,0.6058702155615682,-0.5433999500473384,0.8020306803054007,0.3796229098939756,0.708115975747597,0.5917909108838713,0.708115975747597,0.5917909108838713,0.810173656886858,-0.18343069425041766,-5.199337582605575,0.6561352756118646,0.4698003664403598,0.5917909108838713,0.6200706601124467,0.9125061236623734
1.141838570145516,1.0455374359127296,1.455467410332299,1.4063358712022724,1.141838570145516,1.1195377438602048,-0.8517259806982665,0.9960027144534012,1.141838570145516,1.0765303368163022,1.0765303368163022,1.0765303368163022,1.164722210836303,0.5917909108838713,1.2002379297468397,-5.199337582605575,0.6561352756118646,1.0765303368163022,1.1195377438602048,1.119537743860204,1.0660855379029155
1.317134849957215,1.455467410332299,1.3753786498834617,1.4063358712022724,1.4387028137748752,1.4387028137748752,-0.8517259806982665,1.237335802662861,1.5862789009146598,1.4387028137748752,1.3753786498834617,1.4387028137748752,1.2896186457164056,1.1418385701455152,1.5461608427953877,2.1337426865369884,1.345686146905198,1.7251133770389853,1.4063358712022647,1.5083874268195065,1.455467410332299
-1.7517767325964833,-5.199337582605575,-5.199337582605575,-5.199337582605575,-5.199337582605575,-5.199337582605575,-5.199337582605575,-5.199337582605575,-5.199337582605575,-5.199337582605575,-5.199337582605575,-5.199337582605575,-1.8732572954147062,-5.199337582605575,-5.199337582605575,-5.199337582605575,-5.199337582605575,-5.199337582605575,-5.199337582605575,-5.199337582605575,-5.199337582605575
-0.2801756816848518,-0.0942851711969144,-5.199337582605575,0.0942851711969144,-0.21946084210116953,-0.20742142566895305,0.4896054127262636,-0.3544459617678878,-0.029424765179935395,-0.24363730038469736,-0.2557782547079564,-0.24363730038469736,-0.2863006147481917,-5.199337582605575,-0.18343069425041766,-5.199337582605575,-0.17147566282747315,-0.13575017698006733,-0.2074214256689529,-0.2134372667000334,-0.07656810099366816
0.31091065437940385,0.10611267119769228,-5.199337582605575,0.32949173827431244,0.3419422325702016,0.3419422325702016,-0.30474105269084506,0.45669911932122276,0.21946084210116967,0.379622909893975,0.3170921134278671,0.3796229098939756,0.36071854601173053,0.3481872925165802,0.20141308200387673,-5.199337582605575,0.05298171210299648,0.0942851711969144,0.3419422325702016,0.3170921134278671,0.11795503445067536
-0.5433999500473384,-5.199337582605575,-5.199337582605575,-5.199337582605575,-0.6058702155615678,-0.598815725415696,1.3753786498834617,-1.0977802227040943,-0.10019716911239178,-0.7233195768091406,-0.730984316847628,-0.7233195768091406,-0.6200706601124467,-5.199337582605575,-0.41143830150201166,-5.199337582605575,-1.0977802227040943,-0.4962496149299904,-0.6561352756118646,-0.5988157254156958,-5.199337582605575
-0.7156970969546974,-5.199337582605575,-5.199337582605575,-5.199337582605575,-0.9863861436902606,-0.9863861436902606,1.3753786498834617,-1.0977802227040943,-0.8432993739622964,-0.9304992040482307,-5.199337582605575,-0.9768599379419292,-1.066085537902915,-5.199337582605575,-0.18343069425041766,-5.199337582605575,-1.0977802227040943,-0.8183707123886019,-1.1763961244428374,-0.8432993739622964,-5.199337582605575
-0.2801756816848518,-0.0942851711969144,-5.199337582605575,-0.20141308200387656,-0.2924363072946526,-0.2924363072946526,0.5230507067251942,-0.37962290989397607,-0.24363730038469736,-0.32949173827431244,-0.3047410526908449,-0.32949173827431244,-0.22549239091507492,-5.199337582605575,-5.199337582605575,-5.199337582605575,-0.2557782547079564,-0.24363730038469722,-0.30474105269084506,-0.29858302900635336,-0.07656810099366816
1.2896186457164065,1.1306178708516468,1.005712287665531,1.237335802662861,1.2124187877842671,1.188232598287375,-0.5433999500473384,0.834932226744328,1.4063358712022733,1.0557557657869332,1.141838570145516,1.0557557657869332,1.317134849957215,0.810173656886858,1.4063358712022724,1.4726513521641156,0.31091065437940385,1.0977802227040943,1.2124187877842671,1.1763961244428374,1.153204904155107
2.349882409745196,2.349882409745196,2.349882409745196,2.194924499305056,2.349882409745196,2.349882409745196,-1.4387028137748752,2.194924499305056,2.349882409745196,2.194924499305056,2.349882409745196,2.194924499305056,2.349882409745196,5.19933758270342,2.349882409745196,2.1337426865369884,1.908411681888471,2.349882409745196,2.349882409745196,2.349882409745196,2.349882409745196
1.0557557657869332,1.2630456626720465,0.8183707123886019,1.237335802662861,1.345686146905198,1.317134849957215,-0.8517259806982665,0.8687634548202494,1.7797470243313613,1.188232598287375,1.2630456626720465,1.188232598287375,1.0977802227040943,0.9580685976089729,0.9487986970572456,-5.199337582605575,0.6561352756118646,1.3753786498834617,1.317134849957215,1.2630456626720465,1.2630456626720465
-0.7939405408106652,-5.199337582605575,-5.199337582605575,-5.199337582605575,-0.9863861436902606,-0.9863861436902606,1.3753786498834617,-1.0977802227040943,-0.8432993739622964,-0.9304992040482307,-5.199337582605575,-0.9768599379419292,-1.066085537902915,-5.199337582605575,-5.199337582605575,-5.199337582605575,-1.0977802227040943,-0.8183707123886019,-1.1763961244428374,-0.8432993739622964,-5.199337582605575
0.7542414951202904,0.41143830150201166,0.8183707123886019,0.6708008312765316,1.0977802227040943,1.0557557657869332,-0.8517259806982665,1.2124187877842671,0.9036195275140608,1.0977802227040943,1.015517613293485,1.0977802227040943,0.834932226744328,0.9580685976089729,0.07656810099366816,-5.199337582605575,0.6561352756118646,0.7699752841789089,1.141838570145516,0.9960027144534012,0.42428016586921724
2.079638690109107,1.5862789009146598,2.079638690109107,1.8732572954147062,1.7797470243313978,1.7797470243320044,-1.4387028137748752,1.8402761875098597,1.4387028137748752,1.908411681888471,1.7517767325964828,1.908411681888471,1.9867657945821415,2.194924499305056,2.079638690109107,1.1195377438602057,2.1337426865369884,1.8402761875098597,1.8402761875098597,1.8402761875098597,1.5862789009146598
-0.48960541272626346,-5.199337582605575,-5.199337582605575,-5.199337582605575,-0.6058702155615678,-0.598815725415696,0.6488552762353474,-0.4962496149299904,-0.5502329235462904,-0.5365922541013274,-0.730984316847628,-0.5365922541013274,-0.7005753357318687,0.3481872925165802,-0.18343069425041766,-5.199337582605575,-0.5096044031179258,-0.6634502165382117,-0.529809336175732,-0.6856121044129418,-5.199337582605575
1.2124187877842671,-0.0942851711969144,-5.199337582605575,-0.20141308200387656,1.3032534052057194,1.237335802662861,-1.164722210836303,1.472651352164115,0.9214653728676122,1.345686146905198,1.188232598287375,1.345686146905198,1.1306178708516468,0.11795503445067536,1.7251133770389853,-5.199337582605575,0.6561352756118646,1.025421560503795,1.1763961244428374,1.4387028137748752,-0.07656810099366816
0.39230119504229916,0.10611267119769228,-5.199337582605575,0.32949173827431244,0.231532154296155,0.24363730038469694,-0.11795503445067536,0.2801756816848518,0.1834306942504178,0.2436373003846975,0.20742142566895277,0.2436373003846975,0.3923011950422989,0.5917909108838713,-0.029424765179935395,-5.199337582605575,0.482982754533009,0.24970317663815458,0.26795703033347473,0.1774500083052407,0.11795503445067536
0.2618627874573754,0.10611267119769228,-5.199337582605575,0.32949173827431244,0.3170921134278671,0.2924363072946526,-0.30474105269084506,0.32949173827431244,0.17147566282747315,0.32949173827431244,0.27406124145209654,0.32949173827431244,0.26795703033347446,0.11795503445067536,0.41785061995716233,1.1195377438602057,0.15358841466960238,0.0942851711969144,0.31091065437940385,0.26795703033347446,0.11795503445067536
-1.1195377438602052,-5.199337582605575,-5.199337582605575,-5.199337582605575,-0.7542414951202904,-0.7542414951202904,-5.199337582605575,-5.199337582605575,-5.199337582605575,-5.199337582605575,-0.730984316847628,-5.199337582605575,-1.066085537902915,-5.199337582605575,-5.199337582605575,-5.199337582605575,-0.45017791469254637,-5.199337582605575,-0.529809336175732,-5.199337582605575,-5.199337582605575
-1.1195377438602052,-5.199337582605575,-5.199337582605575,-5.199337582605575,-0.810173656886858,-0.810173656886858,0.8860569224058209,-0.708115975747597,-1.005712287665531,-0.7859020343798331,-0.730984316847628,-0.7859020343798331,-1.066085537902915,-5.199337582605575,-5.199337582605575,-5.199337582605575,-0.6634502165382117,-1.2247822432989568,-0.810173656886858,-1.2247822432989568,-5.199337582605575
0.5502329235462904,0.26795703033347473,-5.199337582605575,0.32949173827431244,0.5163158858752855,0.5365922541013275,-0.30474105269084506,0.4436757985571845,0.6058702155615682,0.5230507067251935,0.5096044031179258,0.5230507067251935,0.5917909108838713,0.11795503445067536,0.810173656886858,-5.199337582605575,0.31091065437940385,0.6781878705856446,0.45669911932122276,0.6561352756118646,0.27406124145209654
0.7005753357318684,1.0455374359127296,0.8183707123886019,0.6708008312765316,0.7542414951202904,0.7386922436465501,-0.8517259806982665,0.9580685976089729,0.4962496149299904,0.8020306803054007,0.7005753357318684,0.8020306803054007,0.8020306803054007,-5.199337582605575,0.30474105269084517,-5.199337582605575,1.005712287665531,0.708115975747597,0.730984316847628,0.7699752841789089,1.0660855379029155
-0.7156970969546974,-0.33571048035200285,-5.199337582605575,-5.199337582605575,-0.5502329235462904,-0.5365922541013274,0.7779139932047426,-0.6129549871932499,-0.4050428561630198,-0.5230507067251935,-0.5163158858752855,-0.5230507067251935,-0.6200706601124467,-5.199337582605575,-5.199337582605575,-5.199337582605575,-0.5096044031179258,-0.41143830150201166,-0.5988157254156958,-0.5163158858752855,-0.32949173827431244
0.14169117788346636,0.10611267119769228,-5.199337582605575,0.0942851711969144,0.04120038062784789,0.05298171210299648,0.0,0.11203188886615173,0.017653228648661298,0.07656810099366816,0.029424765179935534,0.07656810099366816,-0.005884137885376956,0.9580685976089729,0.6561352756118646,1.1195377438602057,0.31091065437940385,0.1834306942504178,0.011768479506540813,0.09428517119691468,0.11795503445067536
-0.18941794852071067,0.10611267119769228,-5.199337582605575,-5.199337582605575,-0.2074214256689529,-0.23153215429615942,0.0942851711969144,0.06477040227667547,-0.45669911932122303,-0.15954508992311342,-0.2557782547079564,-0.15954508992311342,-0.14169117788346663,-5.199337582605575,-0.41143830150201166,-5.199337582605575,-0.2557782547079564,-0.41143830150201166,-0.19541200066782957,-0.1774500083052407,0.11795503445067536
-0.0942851711969144,-0.33571048035200285,-5.199337582605575,-0.20141308200387656,-0.13575017698006733,-0.13575017698006733,0.19541200066782957,-0.08837646690321847,-0.15358841466960238,-0.13575017698006733,-0.15358841466960238,-0.13575017698006733,-0.10611267119769242,-5.199337582605575,0.30474105269084517,-5.199337582605575,-0.17147566282747315,-0.18941794852071067,-0.11203188886615173,-0.11795503445067536,-0.32949173827431244
1.005712287665531,1.629125826244839,0.6634502165382117,0.32949173827431244,0.9036195275140619,0.9396096191602995,-0.5433999500473384,0.6343972616258936,1.2124187877842671,0.8517259806982667,0.9036195275140617,0.8517259806982667,1.237335802662861,0.5917909108838713,0.20141308200387673,-5.199337582605575,0.8266231281397208,1.2630456626720465,0.8602135051065599,0.9580685976089729,1.629125826244839
0.04120038062784789,0.26795703033347473,-5.199337582605575,0.32949173827431244,0.017653228648661298,0.04120038062784789,0.19541200066782957,-0.06477040227667531,0.2436373003846975,0.005884137885377234,0.029424765179935534,0.005884137885377234,0.1834306942504178,-5.199337582605575,-0.029424765179935395,-5.199337582605575,0.15358841466960238,0.24970317663815458,0.029424765179935534,0.011768479506540813,0.27406124145209654
0.22549239091507492,0.7699752841789085,1.005712287665531,0.8687634548202497,0.39866393514661363,0.411438301502012,-0.11795503445067536,0.18941794852071067,0.5847951795549954,0.3481872925165802,0.40504285616301966,0.3481872925165802,0.36071854601173053,0.5917909108838713,-0.41143830150201166,-5.199337582605575,0.31091065437940385,0.5365922541013273,0.3670053551718546,0.35444596176788806,0.7859020343798331
-0.07656810099366816,-5.199337582605575,-5.199337582605575,-5.199337582605575,-0.04120038062784789,-0.005884137885377095,0.27406124145209654,-0.14763718410457624,0.2557782547079564,-0.07656810099366816,-0.04709022934421194,-0.07656810099366816,-0.04120038062784789,-5.199337582605575,0.41785061995716233,-5.199337582605575,-0.04709022934421194,0.0942851711969144,-0.029424765179935395,-0.005884137885376956,-5.199337582605575
1.5083874268195065,1.2124187877842667,1.2762195085596786,1.237335802662861,0.3670053551718546,0.3544459617678878,0.19541200066782957,-0.11203188886615173,0.9768599379419275,0.17147566282747315,0.3419422325702016,0.17147566282747315,0.2924363072946526,0.11795503445067536,0.5502329235462904,-5.199337582605575,1.7251133770389853,1.2896186457164056,1.3753786498834617,1.345686146905198,-0.32949173827431244
0.6488552762353474,0.9863861436902606,-5.199337582605575,1.025421560503795,0.6058702155615682,0.6343972616258936,-0.5433999500473384,0.7386922436465501,0.45669911932122276,0.6634502165382117,0.5917909108838713,0.6634502165382117,0.708115975747597,0.810173656886858,0.30474105269084517,-5.199337582605575,0.8266231281397208,0.6129549871932499,0.6343972616258936,0.5639767532523381,1.005712287665531
0.09428517119691468,0.7699752841789085,0.8183707123886019,0.5096044031179258,0.19541200066782957,0.20742142566895277,-0.11795503445067536,0.21946084210116967,0.15954508992311356,0.19541200066782957,0.1655074315881862,0.19541200066782957,0.24970317663815458,0.11795503445067536,-0.41143830150201166,-5.199337582605575,0.15358841466960238,0.1834306942504178,0.18941794852071067,0.22549239091507492,0.7859020343798331
-1.1195377438602052,-5.199337582605575,-5.199337582605575,-5.199337582605575,-1.3906906674595174,-1.3906906674595174,1.3753786498834617,-1.0977802227040943,-1.2762195085596786,-1.2762195085596786,-5.199337582605575,-1.345686146905198,-1.066085537902915,-5.199337582605575,-5.199337582605575,-5.199337582605575,-1.0977802227040943,-1.2247822432989568,-1.1763961244428374,-1.2247822432989568,-5.199337582605575
-0.34194223257020145,-0.33571048035200285,-5.199337582605575,-0.20141308200387656,-0.482982754533009,-0.46980036644035966,0.5365922541013275,-0.3923011950422989,-0.5365922541013274,-0.46980036644035966,-0.5163158858752855,-0.46980036644035966,-0.3859542976636214,-5.199337582605575,-0.41143830150201166,-5.199337582605575,-0.36071854601173053,-0.5365922541013274,-0.45017791469254637,-0.5163158858752855,-0.32949173827431244
-0.6272178685399789,-5.199337582605575,-5.199337582605575,-5.199337582605575,-0.9863861436902606,-0.9863861436902606,-5.199337582605575,-5.199337582605575,-5.199337582605575,-5.199337582605575,-5.199337582605575,-5.199337582605575,-1.066085537902915,0.3481872925165802,-0.41143830150201166,-5.199337582605575,-0.6634502165382117,-5.199337582605575,-0.810173656886858,-5.199337582605575,-5.199337582605575
0.3419422325702016,0.5502329235462904,-5.199337582605575,0.32949173827431244,0.4242801658692169,0.3923011950422989,0.0,0.10019716911239164,0.6930743226183035,0.3170921134278671,0.3419422325702016,0.3170921134278671,0.231532154296155,1.0354271248336868,0.6561352756118646,-5.199337582605575,0.05298171210299648,0.41785061995716233,0.40504285616301966,0.35444596176788806,0.5708886614807945
0.11203188886615173,0.10611267119769228,0.5778279520282655,0.0942851711969144,-0.017653228648661298,0.005884137885377234,0.0,0.15954508992311356,-0.07656810099366816,0.06477040227667517,-0.04709022934421194,0.06477040227667517,0.1834306942504178,0.3481872925165802,0.20141308200387673,-5.199337582605575,0.482982754533009,-0.017653228648661298,0.047090229344212094,-0.05887503442436337,0.11795503445067536
-0.45669911932122276,-0.33571048035200285,-5.199337582605575,-5.199337582605575,-0.3923011950422989,-0.37962290989397607,0.5778279520282652,-0.43719238618455963,-0.3923011950422989,-0.3923011950422989,-0.41143830150201166,-0.3923011950422989,-0.4632398038244735,-5.199337582605575,-0.18343069425041766,-5.199337582605575,-0.36071854601173053,-0.36071854601173053,-0.37330670353707096,-0.4050428561630198,-0.32949173827431244
2.194924499305056,2.194924499305056,2.5975307463203583,2.349882409745196,2.194924499305056,2.194924499305056,-1.629125826244839,5.19933758270342,1.2896186457164056,2.349882409745196,2.194924499305056,2.349882409745196,2.194924499305056,2.079638690109107,0.6561352756118646,2.5975307463203987,5.19933758270342,2.194924499305056,2.194924499305056,2.194924499305056,2.194924499305056
0.7699752841789089,0.6488552762353474,-5.199337582605575,0.6708008312765316,0.7699752841789089,0.708115975747597,-0.30474105269084506,0.5096044031179258,0.8687634548202494,0.6058702155615682,0.7005753357318684,0.6058702155615682,0.7309843168476282,1.237335802662861,0.9487986970572456,-5.199337582605575,0.31091065437940385,0.6488552762353474,0.7699752841789089,0.6561352756118646,0.6708008312765316
-0.48960541272626346,-5.199337582605575,-5.199337582605575,-5.199337582605575,-0.6856121044129418,-0.6781878705856446,0.7156970969546974,-0.5502329235462904,-0.6708008312765313,-0.6200706601124467,-0.730984316847628,-0.6200706601124467,-0.6200706601124467,-5.199337582605575,-0.18343069425041766,-5.199337582605575,-0.6634502165382117,-0.6634502165382117,-0.7156970969546974,-0.6856121044129418,-5.199337582605575
-0.05887503442436337,0.26795703033347473,0.5778279520282655,0.32949173827431244,0.13575017698006733,0.1476371841045761,0.0,0.12388232125861295,0.10019716911239164,0.10019716911239164,0.08837646690321847,0.10019716911239164,-0.04120038062784789,0.5917909108838713,0.20141308200387673,-5.199337582605575,0.05298171210299648,0.0942851711969144,0.07656810099366816,0.1774500083052407,0.27406124145209654
-1.7517767325964833,-5.199337582605575,-5.199337582605575,-5.199337582605575,-5.199337582605575,-5.199337582605575,-5.199337582605575,-5.199337582605575,-5.199337582605575,-5.199337582605575,-5.199337582605575,-5.199337582605575,-1.8732572954147062,-5.199337582605575,-5.199337582605575,-5.199337582605575,-5.199337582605575,-5.199337582605575,-5.199337582605575,-5.199337582605575,-5.199337582605575
-1.1195377438602052,-5.199337582605575,-5.199337582605575,-5.199337582605575,-1.3906906674595174,-1.3906906674595174,1.3753786498834617,-1.0977802227040943,-1.2762195085596786,-1.2762195085596786,-5.199337582605575,-1.345686146905198,-1.066085537902915,-5.199337582605575,-5.199337582605575,-5.199337582605575,-1.0977802227040943,-1.2247822432989568,-1.1763961244428374,-1.2247822432989568,-5.199337582605575
-0.5433999500473384,-5.199337582605575,-5.199337582605575,-5.199337582605575,-0.6856121044129418,-0.6781878705856446,0.7156970969546974,-0.5502329235462904,-0.6708008312765313,-0.6200706601124467,-0.730984316847628,-0.6200706601124467,-0.6200706601124467,-5.199337582605575,-0.41143830150201166,-5.199337582605575,-0.6634502165382117,-0.6634502165382117,-0.7156970969546974,-0.6856121044129418,-5.199337582605575
-0.0942851711969144,-0.33571048035200285,-5.199337582605575,-0.20141308200387656,-0.13575017698006733,-0.13575017698006733,0.19541200066782957,-0.08837646690321847,-0.15358841466960238,-0.13575017698006733,-0.15358841466960238,-0.13575017698006733,-0.10611267119769242,-5.199337582605575,0.30474105269084517,-5.199337582605575,-0.17147566282747315,-0.18941794852071067,-0.11203188886615173,-0.11795503445067536,-0.32949173827431244
0.834932226744328,0.8948037249220387,1.005712287665531,0.6708008312765316,0.7386922436465501,0.7542414951202904,-0.30474105269084506,0.5365922541013275,0.8517259806982667,0.6930743226183035,0.7005753357318684,0.6930743226183035,0.8183707123886019,1.1418385701455152,0.9487986970572456,-5.199337582605575,0.6561352756118646,0.810173656886858,0.730984316847628,0.7386922436465501,0.9125061236623734
-0.45669911932122276,-0.33571048035200285,-5.199337582605575,-0.20141308200387656,-0.482982754533009,-0.48960541272626346,0.4242801658692169,-0.2924363072946526,-0.6129549871932499,-0.4501779146925462,-0.5163158858752855,-0.4501779146925462,-0.3859542976636214,-5.199337582605575,-5.199337582605575,-5.199337582605575,-0.36071854601173053,-0.5917909108838713,-0.45017791469254637,-0.5163158858752855,-0.32949173827431244
0.22549239091507492,0.7699752841789085,-5.199337582605575,0.32949173827431244,0.7233195768091407,0.7859020343798327,-0.8517259806982665,0.9768599379419257,0.5230507067251938,0.834932226744328,0.7620848074624755,0.834932226744328,0.2924363072946526,0.3481872925165802,0.07656810099366816,1.1195377438602057,1.345686146905198,0.9487986970572456,0.5917909108838713,0.8183707123886019,0.7859020343798331
-0.05887503442436337,0.41143830150201166,0.8183707123886019,0.32949173827431244,-0.05298171210299648,-0.05298171210299648,-0.11795503445067536,0.26795703033347446,-0.2801756816848516,0.05298171210299648,-0.04709022934421194,0.05298171210299648,-0.04120038062784789,0.3481872925165802,0.20141308200387673,-5.199337582605575,0.31091065437940385,-0.0824708464948345,0.011768479506540813,-0.05887503442436337,0.42428016586921724
-0.5433999500473384,-5.199337582605575,-5.199337582605575,-5.199337582605575,-0.5778279520282654,-0.5778279520282654,0.9768599379419283,-0.7859020343798331,-0.19541200066782957,-0.6930743226183035,-0.730984316847628,-0.6930743226183035,-0.4632398038244735,-5.199337582605575,-5.199337582605575,-5.199337582605575,-1.0977802227040943,-0.4962496149299904,-0.6561352756118646,-0.5163158858752855,-5.199337582605575
0.7309843168476282,0.7699752841789085,0.8183707123886019,0.6708008312765316,0.6930743226183035,0.6930743226183035,-0.5433999500473384,0.7542414951202904,0.5639767532523378,0.7386922436465501,0.6634502165382117,0.7386922436465501,0.6930743226183035,0.5917909108838713,0.810173656886858,1.6751912508818056,1.1763961244428374,0.810173656886858,0.6488552762353474,0.708115975747597,0.7859020343798331
-1.1195377438602052,-5.199337582605575,-5.199337582605575,-5.199337582605575,-0.7542414951202904,-0.7542414951202904,-5.199337582605575,-5.199337582605575,-5.199337582605575,-5.199337582605575,-0.730984316847628,-5.199337582605575,-1.066085537902915,-5.199337582605575,-5.199337582605575,-5.199337582605575,-0.45017791469254637,-5.199337582605575,-0.529809336175732,-5.199337582605575,-5.199337582605575
-0.11203188886615173,-5.199337582605575,-5.199337582605575,-5.199337582605575,-0.24363730038469736,-0.24363730038469736,0.5502329235462904,-0.4050428561630198,0.11203188886615173,-0.2924363072946526,-0.2557782547079564,-0.2924363072946526,-0.18941794852071067,0.3481872925165802,0.41785061995716233,-5.199337582605575,-0.36071854601173053,-0.13575017698006733,-0.2557782547079564,-0.2134372667000334,-5.199337582605575
-1.7517767325964833,-5.199337582605575,-5.199337582605575,-5.199337582605575,-5.199337582605575,-5.199337582605575,-5.199337582605575,-5.199337582605575,-5.199337582605575,-5.199337582605575,-5.199337582605575,-5.199337582605575,-1.8732572954147062,-5.199337582605575,-5.199337582605575,-5.199337582605575,-5.199337582605575,-5.199337582605575,-5.199337582605575,-5.199337582605575,-5.199337582605575
1.005712287665531,1.1306178708516468,-5.199337582605575,1.0977802227040943,0.9396096191602995,0.8687634548202494,-0.5433999500473384,0.6058702155615682,1.0977802227040943,0.8183707123886019,0.834932226744328,0.8183707123886019,1.015517613293485,0.810173656886858,1.2002379297468397,-5.199337582605575,0.15358841466960238,0.7386922436465501,0.9214653728676122,0.8602135051065599,1.153204904155107
0.8020306803054007,0.5502329235462904,-5.199337582605575,0.8687634548202497,0.7859020343798323,0.7699752841789089,-0.8517259806982665,0.9396096191602995,0.5365922541013275,0.7859020343798331,0.7386922436465501,0.7859020343798331,0.7859020343798327,0.810173656886858,0.9487986970572456,-5.199337582605575,0.8266231281397208,0.6129549871932499,0.7699752841789089,0.708115975747597,0.5708886614807945
-1.7517767325964833,-5.199337582605575,-5.199337582605575,-5.199337582605575,-5.199337582605575,-5.199337582605575,-5.199337582605575,-5.199337582605575,-5.199337582605575,-5.199337582605575,-5.199337582605575,-5.199337582605575,-1.8732572954147062,-5.199337582605575,-5.199337582605575,-5.199337582605575,-5.199337582605575,-5.199337582605575,-5.199337582605575,-5.199337582605575,-5.199337582605575
-1.1195377438602052,-5.199337582605575,-5.199337582605575,-5.199337582605575,-0.9863861436902606,-0.9863861436902606,0.9487986970572456,-0.7699752841789089,-1.0557557657869332,-0.8183707123886019,-5.199337582605575,-0.834932226744328,-1.066085537902915,-5.199337582605575,-5.199337582605575,-5.199337582605575,-0.7779139932047425,-1.2247822432989568,-0.8687634548202494,-1.2247822432989568,-5.199337582605575
